event_count,auth_attempts,unique_usernames,unique_passwords,command_count,duration_seconds,avg_seconds_between,recent_session_count_from_ip,is_ssh,is_http,is_ftp,is_telnet,is_mysql,label
4,2,0,0,2,1.555,0.807,1,0,1,0,0,0,Exploit Attempt
7,0,0,0,5,1.647,0.077,4,0,0,0,1,0,Recon Scan
1,1,0,1,0,0.507,0.863,1,0,0,1,0,0,Unknown Behaviour
16,0,0,1,15,0.778,0.114,5,0,1,0,0,0,Web Enumeration
35,35,19,25,0,4.004,0.355,2,0,1,0,0,0,Credential Stuffing
5,0,0,1,3,0.198,0.433,0,0,1,0,0,0,Malware Download
13,0,0,0,11,1.408,0.073,8,1,0,0,0,0,Recon Scan
26,26,16,22,0,5.688,0.174,2,0,1,0,0,0,Credential Stuffing
22,1,0,0,21,1.985,0.136,6,0,1,0,0,0,Web Enumeration
16,0,0,0,9,2.474,0.1,3,1,0,0,0,0,Recon Scan
18,1,0,1,18,3.706,0.166,3,0,1,0,0,0,Web Enumeration
28,27,1,20,0,9.975,0.25,3,1,0,0,0,0,Brute Force
2,1,1,1,1,1.316,0.427,0,0,0,1,0,0,Malware Download
19,1,0,1,19,5.469,0.155,3,0,1,0,0,0,Web Enumeration
8,2,1,0,6,0.05,0.243,1,0,1,0,0,0,Exploit Attempt
18,0,0,0,11,2.364,0.084,3,0,1,0,0,0,Recon Scan
10,0,0,0,8,2.086,0.136,5,0,0,0,0,1,Recon Scan
9,2,1,0,7,1.822,0.313,1,0,1,0,0,0,Exploit Attempt
18,18,11,15,0,1.977,0.183,0,0,1,0,0,0,Credential Stuffing
7,4,1,0,2,2.642,3.283,1,0,0,0,1,0,Unknown Behaviour
2,0,1,1,1,1.552,0.39,0,0,0,1,0,0,Malware Download
23,21,1,19,0,10.147,0.251,2,0,0,0,1,0,Brute Force
3,0,1,0,1,1.482,0.502,1,0,0,1,0,0,Malware Download
31,0,1,1,31,5.291,0.106,0,0,1,0,0,0,Web Enumeration
29,29,1,27,0,4.425,0.267,3,1,0,0,0,0,Brute Force
48,48,29,37,0,11.037,0.301,1,1,0,0,0,0,Credential Stuffing
12,0,1,0,11,5.932,0.302,2,0,1,0,0,0,Web Enumeration
2,0,0,1,1,0.419,0.807,0,0,0,1,0,0,Malware Download
32,31,16,23,0,3.125,0.082,1,0,1,0,0,0,Credential Stuffing
3,0,1,0,1,1.199,0.182,0,0,0,1,0,0,Malware Download
3,0,0,0,2,2.345,0.021,2,1,0,0,0,0,Recon Scan
21,19,1,18,0,7.132,0.286,3,0,0,1,0,0,Brute Force
35,33,14,26,0,6.259,0.238,3,0,0,1,0,0,Credential Stuffing
17,0,0,0,13,0.804,0.089,4,0,0,0,0,1,Recon Scan
5,1,0,0,3,3.01,0.348,1,0,1,0,0,0,Exploit Attempt
25,23,3,13,0,6.123,0.299,0,0,0,1,0,0,Brute Force
15,1,0,0,14,3.059,0.123,2,0,1,0,0,0,Web Enumeration
8,0,0,0,6,1.673,0.007,3,0,1,0,0,0,Recon Scan
4,0,0,1,2,0.662,0.363,1,0,1,0,0,0,Malware Download
22,1,0,0,22,2.253,0.115,1,0,1,0,0,0,Web Enumeration
12,0,0,0,9,1.247,0.092,4,0,0,1,0,0,Recon Scan
16,0,0,1,16,1.278,0.225,2,0,1,0,0,0,Web Enumeration
4,0,0,0,3,0.121,0.457,0,0,1,0,0,0,Malware Download
3,1,0,0,2,0.873,0.011,0,0,0,1,0,0,Malware Download
8,0,0,0,4,0.919,1.341,0,0,0,0,0,1,Unknown Behaviour
5,0,1,0,3,2.091,0.645,0,0,0,0,0,1,Exploit Attempt
22,0,1,1,22,0.531,0.171,1,0,1,0,0,0,Web Enumeration
7,0,0,0,6,1.369,0.008,5,0,1,0,0,0,Recon Scan
12,0,1,0,12,4.384,0.007,2,0,1,0,0,0,Web Enumeration
17,17,19,17,0,3.818,0.343,0,0,1,0,0,0,Credential Stuffing
20,1,0,0,19,3.6,0.09,0,0,1,0,0,0,Web Enumeration
6,0,0,1,5,3.731,1.33,2,0,0,1,0,0,Unknown Behaviour
16,1,1,0,15,3.271,0.108,5,0,1,0,0,0,Web Enumeration
9,0,0,0,5,0.649,0.046,3,0,0,0,1,0,Recon Scan
4,2,0,0,3,3.438,0.391,2,0,0,0,0,1,Exploit Attempt
31,30,2,30,0,7.761,0.389,1,1,0,0,0,0,Brute Force
7,0,0,0,1,1.65,0.116,6,0,0,1,0,0,Recon Scan
8,8,6,8,0,3.525,0.179,1,0,1,0,0,0,Credential Stuffing
19,18,1,15,0,9.707,0.314,0,1,0,0,0,0,Brute Force
11,1,1,1,11,3.025,0.091,0,0,1,0,0,0,Web Enumeration
5,0,0,1,3,0.582,0.529,0,0,0,1,0,0,Malware Download
9,1,2,0,9,2.15,2.438,0,0,0,0,1,0,Unknown Behaviour
14,13,6,8,0,1.934,0.07,4,0,1,0,0,0,Credential Stuffing
2,1,1,0,1,1.781,0.191,1,0,1,0,0,0,Malware Download
19,18,1,12,0,7.496,0.23,0,0,0,0,1,0,Brute Force
5,3,1,0,2,0.436,0.581,1,0,0,1,0,0,Unknown Behaviour
5,0,0,0,4,0.91,0.822,0,0,1,0,0,0,Exploit Attempt
8,1,0,0,2,3.865,2.775,0,1,0,0,0,0,Unknown Behaviour
35,34,21,27,0,6.473,0.17,1,0,1,0,0,0,Credential Stuffing
1,0,1,1,4,2.262,0.269,1,0,0,1,0,0,Unknown Behaviour
5,1,1,1,3,0.557,0.476,0,0,0,1,0,0,Malware Download
19,0,0,0,14,3.405,0.102,7,0,1,0,0,0,Recon Scan
15,3,0,0,3,2.41,0.945,2,0,0,0,0,1,Unknown Behaviour
7,2,0,1,5,2.657,0.729,0,0,0,1,0,0,Exploit Attempt
4,1,1,0,2,1.731,0.382,0,0,1,0,0,0,Malware Download
29,27,1,21,0,12.417,0.37,3,0,0,1,0,0,Brute Force
2,1,1,0,1,1.305,0.448,0,0,0,1,0,0,Malware Download
11,1,0,1,10,0.507,0.294,4,0,1,0,0,0,Web Enumeration
16,0,0,0,14,1.405,0.077,2,1,0,0,0,0,Recon Scan
16,0,0,0,12,2.25,0.197,7,0,1,0,0,0,Recon Scan
5,1,0,1,3,0.338,0.478,0,0,0,1,0,0,Malware Download
23,23,16,17,0,3.694,0.183,1,0,1,0,0,0,Credential Stuffing
2,1,0,1,0,1.113,4.246,0,0,0,0,1,0,Unknown Behaviour
29,29,1,24,0,6.6,0.34,0,1,0,0,0,0,Brute Force
3,1,1,1,2,1.217,0.318,0,0,0,1,0,0,Malware Download
6,2,0,0,5,1.908,0.553,0,0,0,1,0,0,Exploit Attempt
7,0,0,1,5,4.282,0.028,0,0,0,0,0,1,Exploit Attempt
28,27,23,14,0,7.236,0.19,1,0,0,1,0,0,Credential Stuffing
14,0,1,1,14,4.005,0.182,2,0,1,0,0,0,Web Enumeration
30,0,0,0,30,2.542,0.225,5,0,1,0,0,0,Web Enumeration
4,2,1,0,3,1.992,0.215,0,0,0,0,0,1,Exploit Attempt
15,13,10,13,0,2.694,0.113,0,0,1,0,0,0,Credential Stuffing
28,28,14,22,0,7.024,0.159,2,0,0,1,0,0,Credential Stuffing
5,0,0,0,3,0.158,0.158,0,0,1,0,0,0,Malware Download
8,0,0,1,2,0.233,2.25,1,0,0,0,1,0,Unknown Behaviour
45,43,31,37,0,6.639,0.019,3,0,1,0,0,0,Credential Stuffing
31,1,0,0,30,3.372,0.25,1,0,1,0,0,0,Web Enumeration
11,9,4,8,0,3.994,0.102,3,1,0,0,0,0,Credential Stuffing
3,1,1,1,2,0.264,0.382,0,0,0,1,0,0,Malware Download
3,1,0,0,1,0.595,0.718,1,0,0,1,0,0,Malware Download
4,2,0,1,2,1.426,0.173,0,0,0,0,0,1,Exploit Attempt
22,20,14,18,0,1.901,0.268,2,0,1,0,0,0,Credential Stuffing
3,0,0,1,2,1.878,2.143,2,0,0,0,0,1,Unknown Behaviour
48,48,30,33,0,10.847,0.15,0,0,1,0,0,0,Credential Stuffing
23,22,1,22,0,9.447,0.449,0,1,0,0,0,0,Brute Force
3,1,0,0,2,2.604,0.811,1,0,1,0,0,0,Exploit Attempt
10,3,0,1,3,7.545,3.557,1,0,0,0,1,0,Unknown Behaviour
4,1,1,1,3,0.861,0.425,2,0,1,0,0,0,Exploit Attempt
24,0,0,0,24,5.139,0.151,4,0,1,0,0,0,Web Enumeration
6,0,0,0,5,2.045,0.112,5,0,1,0,0,0,Recon Scan
2,0,0,1,1,0.554,0.414,2,0,0,1,0,0,Malware Download
26,26,2,24,0,7.936,0.522,2,0,0,1,0,0,Brute Force
9,0,0,1,8,1.351,0.304,2,0,0,1,0,0,Exploit Attempt
4,1,0,1,3,3.358,1.438,0,0,0,0,0,1,Unknown Behaviour
12,0,0,0,9,1.226,0.14,0,0,0,0,0,1,Recon Scan
4,1,0,0,2,1.726,0.902,0,0,1,0,0,0,Exploit Attempt
2,4,0,2,3,2.429,1.255,4,1,0,0,0,0,Unknown Behaviour
7,0,0,0,7,0.319,0.072,2,1,0,0,0,0,Recon Scan
17,0,1,0,17,4.193,0.232,2,0,1,0,0,0,Web Enumeration
12,1,0,0,3,6.834,1.375,0,0,1,0,0,0,Unknown Behaviour
4,1,0,1,2,1.399,0.124,0,0,1,0,0,0,Malware Download
5,1,0,0,3,1.939,0.417,1,0,0,1,0,0,Malware Download
13,13,1,13,0,1.22,0.3,2,1,0,0,0,0,Brute Force
27,1,0,1,26,0.974,0.219,4,0,1,0,0,0,Web Enumeration
11,0,0,0,7,1.057,0.098,4,0,0,0,0,1,Recon Scan
10,2,0,1,8,2.922,0.902,0,0,1,0,0,0,Exploit Attempt
20,18,1,15,0,6.594,0.279,1,0,0,1,0,0,Brute Force
43,42,23,36,0,8.846,0.272,0,0,0,1,0,0,Credential Stuffing
36,36,21,29,0,7.914,0.085,0,0,1,0,0,0,Credential Stuffing
18,17,17,19,0,5.168,0.161,1,0,1,0,0,0,Credential Stuffing
2,2,2,0,7,3.093,1.025,1,0,1,0,0,0,Unknown Behaviour
24,1,0,1,23,2.965,0.111,2,0,1,0,0,0,Web Enumeration
20,18,1,13,0,2.154,0.246,2,1,0,0,0,0,Brute Force
21,21,1,19,0,3.696,0.344,1,1,0,0,0,0,Brute Force
26,24,1,24,0,6.525,0.424,2,1,0,0,0,0,Brute Force
4,1,0,0,2,0.329,0.634,0,0,0,1,0,0,Malware Download
5,2,0,1,3,1.613,1.213,0,0,1,0,0,0,Exploit Attempt
10,0,0,0,9,2.438,0.129,4,0,1,0,0,0,Web Enumeration
4,0,1,0,3,1.847,0.736,1,0,1,0,0,0,Exploit Attempt
39,37,30,33,0,7.337,0.087,0,0,1,0,0,0,Credential Stuffing
4,2,1,0,2,0.917,0.246,0,0,1,0,0,0,Unknown Behaviour
2,0,1,1,1,0.584,0.291,0,0,1,0,0,0,Malware Download
15,13,1,7,0,3.794,0.052,2,0,0,0,1,0,Brute Force
50,50,30,36,0,9.403,0.287,1,0,0,1,0,0,Credential Stuffing
28,28,1,23,0,8.451,0.381,1,0,0,1,0,0,Brute Force
7,2,1,0,0,1.069,0.427,0,0,0,1,0,0,Unknown Behaviour
3,0,1,0,1,0.572,0.08,1,0,1,0,0,0,Malware Download
34,34,3,25,0,9.669,0.231,0,1,0,0,0,0,Brute Force
9,3,1,1,2,5.478,2.913,1,0,0,0,1,0,Unknown Behaviour
14,13,1,16,0,2.728,0.414,1,1,0,0,0,0,Brute Force
31,29,13,21,0,7.651,0.225,0,0,1,0,0,0,Credential Stuffing
16,1,0,1,15,3.243,0.213,4,0,1,0,0,0,Web Enumeration
37,37,1,43,0,8.715,0.197,2,1,0,0,0,0,Brute Force
2,0,1,1,1,0.849,0.373,1,0,1,0,0,0,Malware Download
3,1,1,1,2,4.033,0.738,1,0,0,1,0,0,Exploit Attempt
5,1,1,0,3,1.739,0.766,2,0,0,1,0,0,Malware Download
19,0,0,0,16,2.158,0.236,3,0,0,1,0,0,Recon Scan
14,0,0,0,9,1.295,0.052,3,1,0,0,0,0,Recon Scan
3,0,1,0,2,2.183,0.209,0,0,1,0,0,0,Malware Download
3,2,1,0,1,2.787,0.737,1,0,0,0,0,1,Exploit Attempt
7,2,0,1,6,1.372,1.523,1,0,0,0,0,1,Unknown Behaviour
14,14,4,16,0,0.932,0.182,2,1,0,0,0,0,Credential Stuffing
8,1,1,0,3,6.739,0.003,0,1,0,0,0,0,Unknown Behaviour
10,0,0,0,9,1.309,0.036,1,0,1,0,0,0,Recon Scan
4,0,0,0,4,3.309,0.171,0,0,0,0,1,0,Recon Scan
14,0,1,1,13,3.993,0.251,0,0,1,0,0,0,Web Enumeration
20,19,16,19,0,2.959,0.256,2,0,1,0,0,0,Credential Stuffing
7,0,0,0,7,2.441,0.002,1,1,0,0,0,0,Recon Scan
3,0,0,0,2,1.028,0.123,5,0,1,0,0,0,Recon Scan
27,0,0,1,27,2.306,0.134,2,0,1,0,0,0,Web Enumeration
43,41,30,26,0,11.022,0.083,0,0,1,0,0,0,Credential Stuffing
3,1,1,0,1,1.991,0.542,1,0,0,0,0,1,Exploit Attempt
7,0,0,0,6,1.049,0.087,2,0,0,0,0,1,Exploit Attempt
13,1,0,0,13,4.341,0.175,0,0,1,0,0,0,Web Enumeration
10,0,0,0,7,2.409,0.102,4,0,0,0,0,1,Recon Scan
12,0,0,0,8,0.102,0.023,5,0,1,0,0,0,Recon Scan
4,0,1,1,3,1.06,0.44,2,0,1,0,0,0,Malware Download
27,25,1,19,0,8.053,0.449,1,0,0,0,1,0,Brute Force
8,1,1,0,6,2.966,1.172,0,0,0,0,0,1,Exploit Attempt
3,0,0,1,3,0.748,1.407,2,0,1,0,0,0,Unknown Behaviour
34,34,23,23,0,8.618,0.179,1,0,0,1,0,0,Credential Stuffing
12,0,0,0,10,2.974,0.161,1,0,0,0,0,1,Recon Scan
9,3,1,1,2,1.271,1.701,2,1,0,0,0,0,Unknown Behaviour
12,0,0,0,8,0.308,0.091,0,0,1,0,0,0,Recon Scan
8,2,1,1,6,1.856,0.501,0,0,0,1,0,0,Exploit Attempt
60,58,37,47,0,13.547,0.144,2,0,0,1,0,0,Credential Stuffing
5,1,1,1,3,0.702,0.604,0,0,1,0,0,0,Malware Download
32,32,24,23,0,5.917,0.306,1,0,0,1,0,0,Credential Stuffing
9,0,0,0,7,2.295,0.109,2,0,1,0,0,0,Recon Scan
24,22,1,19,0,6.83,0.442,2,1,0,0,0,0,Brute Force
8,0,1,1,8,2.428,0.198,7,0,1,0,0,0,Web Enumeration
31,29,14,20,0,7.821,0.158,0,0,1,0,0,0,Credential Stuffing
26,25,15,20,0,1.588,0.177,3,0,1,0,0,0,Credential Stuffing
16,1,0,0,16,4.539,0.018,1,0,1,0,0,0,Web Enumeration
6,1,1,0,4,2.334,0.074,2,0,0,0,0,1,Exploit Attempt
3,0,0,1,1,0.844,0.025,1,0,0,1,0,0,Malware Download
9,0,0,0,9,0.977,0.189,5,0,1,0,0,0,Web Enumeration
5,0,0,0,4,2.467,0.115,0,0,1,0,0,0,Recon Scan
2,1,1,0,1,0.784,0.53,0,0,1,0,0,0,Malware Download
11,11,1,3,0,4.078,0.243,1,0,0,1,0,0,Brute Force
12,0,0,2,2,1.609,3.324,0,0,1,0,0,0,Unknown Behaviour
13,13,1,12,0,3.101,0.259,1,1,0,0,0,0,Brute Force
4,1,1,1,3,3.091,0.158,0,0,1,0,0,0,Exploit Attempt
24,22,19,19,0,5.06,0.169,2,1,0,0,0,0,Credential Stuffing
34,33,13,25,0,5.994,0.303,0,0,1,0,0,0,Credential Stuffing
20,1,1,1,20,0.912,0.281,7,0,1,0,0,0,Web Enumeration
43,41,1,34,0,11.206,0.293,4,0,0,1,0,0,Brute Force
38,36,21,20,0,7.314,0.22,0,0,1,0,0,0,Credential Stuffing
3,1,1,0,1,0.591,0.371,0,0,1,0,0,0,Malware Download
6,2,0,1,5,2.944,0.878,1,0,0,1,0,0,Exploit Attempt
39,39,26,24,0,10.033,0.154,3,0,0,1,0,0,Credential Stuffing
12,2,1,0,1,4.048,0.323,0,0,0,0,1,0,Unknown Behaviour
5,1,0,1,4,1.38,0.212,3,0,0,1,0,0,Exploit Attempt
22,20,1,17,0,4.329,0.291,0,0,0,0,1,0,Brute Force
18,1,1,1,18,1.409,0.012,1,0,1,0,0,0,Web Enumeration
23,1,0,0,22,3.179,0.17,4,0,1,0,0,0,Web Enumeration
18,1,0,1,17,1.532,0.206,1,0,1,0,0,0,Web Enumeration
4,0,1,1,3,0.962,0.351,1,0,1,0,0,0,Malware Download
6,0,0,0,5,2.393,0.018,2,0,0,0,0,1,Exploit Attempt
13,0,0,0,10,0.71,0.106,3,0,1,0,0,0,Recon Scan
17,17,1,22,0,5.305,0.519,0,1,0,0,0,0,Brute Force
2,1,1,1,1,0.964,0.262,0,0,1,0,0,0,Exploit Attempt
10,2,0,1,8,1.693,1.178,2,0,0,0,0,1,Exploit Attempt
11,1,0,0,4,8.517,0.894,1,0,0,0,0,1,Unknown Behaviour
5,2,0,1,3,4.331,0.292,1,0,1,0,0,0,Exploit Attempt
3,1,0,0,1,0.896,0.302,0,0,0,1,0,0,Malware Download
12,0,0,0,12,4.4,0.127,2,0,1,0,0,0,Web Enumeration
17,0,0,0,13,1.996,0.118,3,0,1,0,0,0,Recon Scan
6,1,1,1,4,1.687,0.543,0,0,1,0,0,0,Exploit Attempt
12,0,0,0,8,1.334,0.194,3,0,0,0,1,0,Recon Scan
7,5,0,1,3,1.509,1.332,3,0,0,0,1,0,Unknown Behaviour
4,0,1,1,3,2.894,0.396,2,0,1,0,0,0,Exploit Attempt
15,0,1,2,1,2.389,2.1,0,0,0,0,1,0,Unknown Behaviour
4,1,2,0,0,0.117,0.384,0,0,0,0,1,0,Unknown Behaviour
11,0,0,0,7,0.281,0.056,3,0,1,0,0,0,Recon Scan
3,0,0,1,1,0.767,0.378,0,0,1,0,0,0,Malware Download
4,2,0,1,2,0.671,0.603,1,0,0,0,0,1,Exploit Attempt
20,18,1,19,0,6.016,0.233,1,1,0,0,0,0,Brute Force
18,0,0,0,17,3.963,0.273,2,0,1,0,0,0,Web Enumeration
2,5,0,0,3,4.851,2.67,3,0,0,0,0,1,Unknown Behaviour
4,1,0,0,2,1.334,0.328,3,0,0,0,0,1,Exploit Attempt
18,0,0,0,12,1.274,0.137,4,0,1,0,0,0,Recon Scan
34,34,18,32,0,14.852,0.269,2,0,1,0,0,0,Credential Stuffing
35,35,17,28,0,9.026,0.243,2,0,1,0,0,0,Credential Stuffing
18,0,0,1,17,3.22,0.201,3,0,1,0,0,0,Web Enumeration
4,0,0,1,2,0.75,0.484,1,0,0,1,0,0,Malware Download
22,0,1,0,21,3.228,0.258,3,0,1,0,0,0,Web Enumeration
26,25,10,25,0,5.373,0.133,1,0,1,0,0,0,Credential Stuffing
5,0,0,0,3,2.974,2.895,0,0,1,0,0,0,Unknown Behaviour
6,1,1,1,4,2.47,0.548,1,0,0,0,0,1,Exploit Attempt
14,0,0,0,11,2.013,0.079,8,0,0,0,1,0,Recon Scan
22,0,0,0,21,2.598,0.046,2,0,1,0,0,0,Web Enumeration
36,35,23,25,0,7.017,0.071,2,0,1,0,0,0,Credential Stuffing
26,1,1,0,26,1.187,0.078,3,0,1,0,0,0,Web Enumeration
13,0,0,0,10,1.981,0.125,5,0,1,0,0,0,Recon Scan
29,27,1,21,0,5.723,0.46,3,1,0,0,0,0,Brute Force
20,0,0,0,19,1.084,0.139,3,0,1,0,0,0,Web Enumeration
1,0,0,1,5,1.24,1.08,0,0,0,0,0,1,Unknown Behaviour
38,36,2,33,0,10.892,0.499,4,1,0,0,0,0,Brute Force
9,0,0,0,7,1.953,0.116,4,0,0,0,0,1,Recon Scan
34,34,25,20,0,9.177,0.169,3,0,0,1,0,0,Credential Stuffing
19,18,3,15,0,1.015,0.218,3,1,0,0,0,0,Brute Force
16,0,0,1,15,5.656,0.161,1,0,1,0,0,0,Web Enumeration
3,4,0,1,0,5.025,0.03,0,0,0,0,1,0,Unknown Behaviour
7,2,0,1,6,0.507,0.639,0,0,1,0,0,0,Exploit Attempt
2,0,0,0,1,1.715,0.681,0,0,0,1,0,0,Malware Download
10,0,0,0,7,2.416,0.013,5,0,0,0,0,1,Recon Scan
4,0,1,0,2,2.308,0.656,0,0,1,0,0,0,Exploit Attempt
19,0,0,0,14,1.136,0.043,0,0,0,1,0,0,Recon Scan
5,1,0,1,4,1.463,0.374,0,0,0,0,0,1,Exploit Attempt
11,0,0,0,8,0.819,0.161,3,0,0,1,0,0,Recon Scan
3,0,1,0,1,0.682,0.288,0,0,1,0,0,0,Malware Download
19,19,2,16,0,4.833,0.372,0,0,0,0,1,0,Brute Force
24,23,17,18,0,3.967,0.175,3,0,1,0,0,0,Credential Stuffing
3,1,0,0,1,2.335,1.628,2,0,0,0,0,1,Unknown Behaviour
4,0,0,0,2,1.085,0.003,0,0,1,0,0,0,Exploit Attempt
30,28,15,23,0,6.813,0.113,1,0,1,0,0,0,Credential Stuffing
23,23,1,23,0,6.14,0.261,2,1,0,0,0,0,Brute Force
29,1,0,1,28,4.112,0.135,2,0,1,0,0,0,Web Enumeration
23,22,2,17,0,7.237,0.266,2,0,0,0,1,0,Brute Force
4,0,1,0,2,1.464,0.33,0,0,0,1,0,0,Malware Download
5,1,1,1,4,1.863,0.402,1,0,0,0,0,1,Exploit Attempt
30,30,18,22,0,5.968,0.078,1,0,1,0,0,0,Credential Stuffing
9,0,0,1,8,0.903,0.182,2,0,1,0,0,0,Exploit Attempt
14,0,0,0,14,3.768,0.048,4,0,1,0,0,0,Recon Scan
47,46,24,31,0,10.792,0.178,5,0,1,0,0,0,Credential Stuffing
7,1,1,1,2,7.237,0.722,2,0,0,0,0,1,Unknown Behaviour
12,0,0,0,9,1.719,0.144,4,0,0,1,0,0,Recon Scan
5,0,0,0,4,2.355,0.371,1,0,1,0,0,0,Exploit Attempt
29,27,24,20,0,6.594,0.167,1,1,0,0,0,0,Credential Stuffing
11,2,0,0,0,0.422,0.376,1,0,1,0,0,0,Unknown Behaviour
28,27,1,25,0,9.771,0.283,4,1,0,0,0,0,Brute Force
11,0,0,0,11,1.659,0.099,2,0,1,0,0,0,Recon Scan
4,1,0,0,3,0.142,0.441,1,0,0,1,0,0,Malware Download
6,1,1,0,3,0.559,0.371,0,0,0,0,1,0,Unknown Behaviour
7,2,2,0,0,0.433,3.205,2,1,0,0,0,0,Unknown Behaviour
3,0,0,0,1,1.396,2.876,2,1,0,0,0,0,Unknown Behaviour
1,4,1,1,3,1.721,0.581,2,0,1,0,0,0,Unknown Behaviour
11,2,0,1,1,3.613,0.98,0,1,0,0,0,0,Unknown Behaviour
13,0,0,0,9,1.999,0.005,3,0,1,0,0,0,Recon Scan
20,20,5,14,0,3.83,0.112,2,0,1,0,0,0,Credential Stuffing
20,0,0,0,16,1.985,0.046,1,0,1,0,0,0,Recon Scan
4,0,0,0,2,2.138,0.682,0,0,0,1,0,0,Malware Download
7,2,1,1,6,1.011,1.092,0,0,0,1,0,0,Exploit Attempt
1,0,1,1,0,5.834,0.012,0,0,0,1,0,0,Unknown Behaviour
5,2,1,0,3,1.999,0.513,2,0,1,0,0,0,Exploit Attempt
8,1,0,0,7,2.29,0.331,0,0,1,0,0,0,Exploit Attempt
3,2,0,1,1,2.236,0.968,1,0,1,0,0,0,Exploit Attempt
10,0,0,0,9,1.865,0.121,4,1,0,0,0,0,Recon Scan
22,0,0,1,21,5.095,0.148,7,0,1,0,0,0,Web Enumeration
6,0,1,1,4,3.028,0.363,2,0,0,0,0,1,Exploit Attempt
31,31,19,26,0,4.935,0.137,3,0,1,0,0,0,Credential Stuffing
5,0,0,1,3,1.825,0.402,1,0,0,1,0,0,Malware Download
4,1,0,1,2,1.637,0.748,0,0,1,0,0,0,Malware Download
5,0,0,0,4,1.738,0.07,1,0,1,0,0,0,Recon Scan
9,0,0,0,9,0.894,0.061,0,0,1,0,0,0,Recon Scan
17,0,0,1,17,2.326,0.135,2,0,1,0,0,0,Web Enumeration
19,18,1,17,0,4.278,0.466,0,1,0,0,0,0,Brute Force
33,31,17,26,0,5.839,0.368,2,1,0,0,0,0,Credential Stuffing
4,1,1,0,2,1.467,0.509,0,0,0,1,0,0,Malware Download
4,1,1,0,2,1.978,0.237,0,0,1,0,0,0,Malware Download
30,0,1,1,29,4.107,0.207,7,0,1,0,0,0,Web Enumeration
37,35,23,29,0,7.117,0.214,2,0,1,0,0,0,Credential Stuffing
19,0,0,0,18,4.171,0.276,5,0,1,0,0,0,Web Enumeration
5,1,1,0,3,1.76,0.335,0,0,0,1,0,0,Malware Download
3,0,1,1,1,0.502,0.368,0,0,1,0,0,0,Malware Download
11,0,0,0,7,3.511,0.127,5,0,0,1,0,0,Recon Scan
6,1,0,0,7,1.603,0.256,0,0,0,0,0,1,Unknown Behaviour
9,3,0,0,4,7.169,0.329,1,0,0,0,0,1,Unknown Behaviour
4,1,0,1,2,1.803,0.441,1,0,0,1,0,0,Malware Download
28,27,1,21,0,7.12,0.118,0,1,0,0,0,0,Brute Force
27,0,1,1,27,4.058,0.029,1,0,1,0,0,0,Web Enumeration
30,1,0,1,29,1.158,0.019,2,0,1,0,0,0,Web Enumeration
6,2,0,0,5,3.088,0.784,1,0,1,0,0,0,Exploit Attempt
19,0,1,0,18,3.432,0.12,3,0,1,0,0,0,Web Enumeration
5,1,0,1,4,1.341,0.605,2,0,1,0,0,0,Exploit Attempt
31,30,22,17,0,6.062,0.091,2,0,0,1,0,0,Credential Stuffing
17,15,1,18,0,4.138,0.367,2,0,0,0,1,0,Brute Force
18,16,13,7,0,3.984,0.211,2,0,1,0,0,0,Credential Stuffing
38,37,1,28,0,10.876,0.534,1,1,0,0,0,0,Brute Force
4,1,1,1,3,3.958,2.529,1,0,0,1,0,0,Unknown Behaviour
8,0,0,0,7,1.278,0.132,3,0,0,0,0,1,Recon Scan
31,29,1,26,0,6.61,0.316,2,1,0,0,0,0,Brute Force
23,0,0,0,20,2.549,0.142,6,1,0,0,0,0,Recon Scan
26,24,1,16,0,6.317,0.413,5,0,0,1,0,0,Brute Force
8,0,0,0,3,0.506,0.133,4,1,0,0,0,0,Recon Scan
5,0,0,0,4,0.582,0.776,0,0,0,1,0,0,Malware Download
28,0,1,0,27,2.419,0.094,3,0,1,0,0,0,Web Enumeration
4,1,0,1,3,0.001,0.123,0,0,0,1,0,0,Malware Download
24,23,11,19,0,7.655,0.315,0,0,1,0,0,0,Credential Stuffing
3,0,1,0,2,1.5,0.426,0,0,0,1,0,0,Malware Download
18,0,0,0,15,0.801,0.049,4,0,0,1,0,0,Recon Scan
5,0,0,0,3,0.692,0.33,0,0,0,1,0,0,Malware Download
3,1,1,1,1,0.188,0.504,0,0,0,1,0,0,Malware Download
4,1,0,2,3,0.144,2.015,0,0,0,1,0,0,Unknown Behaviour
9,1,1,1,1,4.025,0.698,1,0,0,1,0,0,Unknown Behaviour
14,0,0,0,6,2.148,0.025,4,1,0,0,0,0,Recon Scan
2,1,1,0,1,0.918,0.395,0,0,0,1,0,0,Malware Download
3,0,0,1,1,1.271,0.439,1,0,0,1,0,0,Malware Download
35,33,20,28,0,5.969,0.212,1,0,1,0,0,0,Credential Stuffing
3,0,0,1,2,1.363,0.232,1,0,1,0,0,0,Malware Download
10,0,1,0,8,1.754,0.64,0,0,1,0,0,0,Exploit Attempt
9,0,0,0,9,1.391,0.087,5,0,1,0,0,0,Recon Scan
8,2,1,1,3,1.052,2.47,2,0,0,0,1,0,Unknown Behaviour
16,0,0,0,12,0.258,0.027,8,0,1,0,0,0,Recon Scan
19,17,9,14,0,3.859,0.247,3,0,1,0,0,0,Credential Stuffing
25,25,1,21,0,7.877,0.194,4,1,0,0,0,0,Brute Force
7,0,0,0,4,0.573,0.081,1,0,1,0,0,0,Recon Scan
12,0,0,0,11,0.389,0.041,1,0,0,1,0,0,Recon Scan
28,27,11,27,0,7.061,0.332,4,0,1,0,0,0,Credential Stuffing
22,22,1,23,0,5.957,0.141,2,0,0,0,1,0,Brute Force
6,3,0,0,2,1.875,1.507,2,0,1,0,0,0,Unknown Behaviour
27,25,14,27,0,6.324,0.159,2,1,0,0,0,0,Credential Stuffing
5,3,0,0,2,1.969,0.205,2,0,0,0,1,0,Unknown Behaviour
3,0,1,0,1,0.483,0.221,0,0,0,1,0,0,Malware Download
19,0,0,0,19,3.534,0.133,1,0,1,0,0,0,Web Enumeration
7,0,1,1,5,1.783,0.211,0,0,1,0,0,0,Exploit Attempt
20,0,1,1,20,4.931,0.196,1,0,1,0,0,0,Web Enumeration
4,0,0,0,3,0.766,0.658,1,0,0,1,0,0,Malware Download
25,1,1,0,24,3.853,0.085,0,0,1,0,0,0,Web Enumeration
26,24,1,22,0,5.023,0.48,2,1,0,0,0,0,Brute Force
27,0,0,0,27,3.897,0.122,6,0,1,0,0,0,Web Enumeration
28,0,1,0,28,5.645,0.035,5,0,1,0,0,0,Web Enumeration
12,0,0,2,1,0.299,1.706,2,0,1,0,0,0,Unknown Behaviour
3,1,0,1,2,1.801,1.226,0,0,0,0,0,1,Exploit Attempt
21,0,1,1,20,0.981,0.14,0,0,1,0,0,0,Web Enumeration
21,1,0,0,21,0.538,0.004,2,0,1,0,0,0,Web Enumeration
11,0,2,1,2,3.81,0.014,2,0,0,0,0,1,Unknown Behaviour
5,0,0,1,3,1.186,0.082,0,0,0,1,0,0,Malware Download
2,0,1,0,1,0.287,0.07,0,0,1,0,0,0,Malware Download
4,1,1,1,3,0.056,0.397,1,0,0,0,0,1,Exploit Attempt
29,1,0,0,28,2.395,0.095,3,0,1,0,0,0,Web Enumeration
9,0,0,0,11,1.275,0.036,4,0,1,0,0,0,Recon Scan
26,25,1,28,0,9.981,0.418,0,0,0,0,1,0,Brute Force
19,1,0,1,19,4.542,0.28,0,0,1,0,0,0,Web Enumeration
2,0,1,1,1,0.406,0.328,0,0,1,0,0,0,Malware Download
10,0,0,0,5,2.214,0.2,1,0,0,0,1,0,Recon Scan
23,23,2,22,0,9.56,0.01,2,0,0,0,1,0,Brute Force
3,0,1,1,2,1.262,0.658,0,0,0,1,0,0,Exploit Attempt
27,27,2,27,0,8.096,0.346,2,1,0,0,0,0,Brute Force
4,0,1,1,2,0.128,0.231,0,0,0,1,0,0,Malware Download
7,2,1,0,6,4.056,0.528,2,0,0,0,0,1,Exploit Attempt
20,0,1,1,19,3.112,0.086,0,0,1,0,0,0,Web Enumeration
47,46,1,42,0,11.778,0.526,1,1,0,0,0,0,Brute Force
20,20,1,15,0,5.444,0.334,2,1,0,0,0,0,Brute Force
40,38,29,38,0,9.974,0.203,1,0,1,0,0,0,Credential Stuffing
5,0,0,1,5,5.46,0.057,0,0,1,0,0,0,Unknown Behaviour
19,17,10,17,0,2.713,0.044,2,0,1,0,0,0,Credential Stuffing
20,18,1,10,0,6.501,0.423,2,1,0,0,0,0,Brute Force
20,20,1,16,0,6.424,0.357,1,0,0,0,1,0,Brute Force
25,24,12,23,0,3.603,0.257,2,0,1,0,0,0,Credential Stuffing
6,1,1,0,6,0.968,3.892,2,0,1,0,0,0,Unknown Behaviour
3,0,0,0,2,3.104,0.08,0,0,0,0,0,1,Exploit Attempt
14,0,0,1,6,6.668,1.727,1,0,0,0,0,1,Unknown Behaviour
6,0,0,1,3,0.922,2.005,1,0,0,0,0,1,Unknown Behaviour
26,24,11,19,0,2.869,0.034,3,0,1,0,0,0,Credential Stuffing
4,1,1,1,6,1.944,0.744,0,0,0,1,0,0,Unknown Behaviour
12,1,0,0,11,4.965,0.161,5,0,1,0,0,0,Web Enumeration
11,0,0,0,6,1.627,0.071,2,0,0,0,0,1,Recon Scan
3,1,1,0,2,0.671,0.543,0,0,0,1,0,0,Malware Download
11,0,0,0,9,0.797,0.094,0,0,1,0,0,0,Recon Scan
4,3,0,0,1,3.441,2.357,4,0,0,1,0,0,Unknown Behaviour
27,26,1,24,0,7.267,0.203,4,0,0,0,1,0,Brute Force
21,19,2,16,0,4.401,0.112,2,1,0,0,0,0,Brute Force
6,1,0,0,4,3.945,0.17,1,0,1,0,0,0,Exploit Attempt
34,34,14,28,0,6.78,0.391,1,0,1,0,0,0,Credential Stuffing
7,1,1,0,2,5.522,2.355,0,0,0,0,0,1,Unknown Behaviour
15,13,1,11,0,4.993,0.383,3,0,0,1,0,0,Brute Force
41,39,1,37,0,13.025,0.072,1,0,0,0,1,0,Brute Force
11,11,1,7,0,0.678,0.381,5,1,0,0,0,0,Brute Force
25,23,9,20,0,7.358,0.363,3,0,0,1,0,0,Credential Stuffing
14,0,0,0,11,0.886,0.173,3,1,0,0,0,0,Recon Scan
42,42,1,35,0,15.462,0.342,2,0,0,0,1,0,Brute Force
2,0,0,0,2,0.765,0.324,1,0,0,1,0,0,Unknown Behaviour
28,27,16,21,0,5.728,0.14,1,0,1,0,0,0,Credential Stuffing
4,1,1,0,2,1.322,0.355,0,0,0,1,0,0,Malware Download
13,0,0,0,8,0.788,0.169,3,0,1,0,0,0,Recon Scan
31,0,0,0,31,1.59,0.196,4,0,1,0,0,0,Web Enumeration
9,0,0,0,6,2.995,0.057,5,0,1,0,0,0,Recon Scan
17,0,0,0,16,1.247,0.118,0,0,0,0,1,0,Recon Scan
33,32,13,27,0,5.738,0.183,3,0,1,0,0,0,Credential Stuffing
2,1,1,0,1,1.428,0.333,1,0,0,1,0,0,Malware Download
4,0,0,0,2,1.762,0.493,0,0,1,0,0,0,Malware Download
2,2,0,0,1,0.286,0.728,1,0,1,0,0,0,Exploit Attempt
6,0,0,1,4,2.558,0.724,0,0,0,0,0,1,Exploit Attempt
2,0,0,1,1,0.946,0.629,0,0,1,0,0,0,Malware Download
36,34,19,26,0,6.755,0.334,1,0,1,0,0,0,Credential Stuffing
21,19,1,18,0,5.653,0.225,0,1,0,0,0,0,Brute Force
6,0,1,0,4,3.947,1.429,1,1,0,0,0,0,Unknown Behaviour
11,11,1,8,0,0.414,0.198,1,0,0,1,0,0,Brute Force
27,25,1,28,0,3.976,0.265,3,0,0,1,0,0,Brute Force
9,0,0,2,6,3.063,0.284,0,1,0,0,0,0,Unknown Behaviour
2,0,0,1,1,2.101,0.004,1,0,1,0,0,0,Exploit Attempt
21,21,1,12,0,7.015,0.592,4,0,0,1,0,0,Brute Force
23,23,2,15,0,4.269,0.008,0,0,0,0,1,0,Brute Force
3,2,1,0,2,4.436,0.746,2,0,0,0,0,1,Exploit Attempt
24,1,0,0,23,3.024,0.195,3,0,1,0,0,0,Web Enumeration
4,0,0,0,2,1.309,0.347,0,0,1,0,0,0,Malware Download
28,27,2,25,0,9.025,0.419,0,0,0,1,0,0,Brute Force
41,40,20,31,0,8.777,0.114,2,0,1,0,0,0,Credential Stuffing
2,1,1,1,1,0.745,0.445,0,0,0,1,0,0,Malware Download
18,16,1,11,0,5.968,0.39,0,1,0,0,0,0,Brute Force
5,0,1,1,4,2.847,0.656,0,0,1,0,0,0,Exploit Attempt
36,35,24,29,0,6.111,0.261,3,1,0,0,0,0,Credential Stuffing
10,9,1,9,0,0.925,0.126,1,0,0,0,1,0,Brute Force
6,2,0,2,2,2.466,3.466,0,0,0,0,1,0,Unknown Behaviour
13,0,0,0,11,2.787,0.155,3,0,0,0,0,1,Recon Scan
24,1,0,1,23,3.643,0.128,4,0,1,0,0,0,Web Enumeration
6,2,1,0,5,0.684,0.412,0,0,1,0,0,0,Exploit Attempt
12,2,1,0,1,3.346,2.319,4,1,0,0,0,0,Unknown Behaviour
19,0,0,0,19,3.971,0.124,0,0,1,0,0,0,Web Enumeration
17,1,0,0,16,4.766,0.157,1,0,1,0,0,0,Web Enumeration
15,15,2,12,0,4.449,0.24,0,1,0,0,0,0,Brute Force
8,0,1,0,0,1.117,0.149,1,1,0,0,0,0,Unknown Behaviour
37,36,22,31,0,8.706,0.216,1,0,1,0,0,0,Credential Stuffing
22,20,1,17,0,5.37,0.664,0,1,0,0,0,0,Brute Force
5,0,1,0,3,2.701,0.436,1,0,0,0,0,1,Exploit Attempt
5,1,1,1,3,1.977,0.723,2,0,0,0,0,1,Exploit Attempt
8,1,1,1,3,4.652,1.677,1,0,0,1,0,0,Unknown Behaviour
26,1,1,0,25,2.92,0.011,4,0,1,0,0,0,Web Enumeration
2,1,1,1,1,0.045,0.535,2,0,0,1,0,0,Malware Download
14,0,0,0,10,2.256,0.119,1,0,1,0,0,0,Recon Scan
8,0,0,0,7,1.503,0.063,3,0,0,0,0,1,Recon Scan
7,0,1,0,6,2.522,0.494,0,0,1,0,0,0,Exploit Attempt
3,0,1,0,1,0.963,0.248,0,0,0,1,0,0,Malware Download
42,42,24,33,0,11.843,0.362,1,0,1,0,0,0,Credential Stuffing
26,25,1,18,0,5.874,0.335,3,1,0,0,0,0,Brute Force
4,2,1,0,2,1.737,1.194,0,0,1,0,0,0,Exploit Attempt
17,17,6,18,0,4.576,0.315,4,1,0,0,0,0,Credential Stuffing
19,19,3,16,0,4.885,0.304,1,1,0,0,0,0,Brute Force
16,0,0,0,13,2.632,0.017,7,1,0,0,0,0,Recon Scan
10,0,2,1,2,0.26,0.802,0,1,0,0,0,0,Unknown Behaviour
31,29,17,20,0,5.542,0.099,5,0,1,0,0,0,Credential Stuffing
3,0,1,1,2,1.245,0.31,1,0,0,1,0,0,Malware Download
7,1,0,0,6,1.636,0.965,0,0,1,0,0,0,Exploit Attempt
16,0,1,0,16,0.103,0.022,4,0,1,0,0,0,Web Enumeration
29,29,15,25,0,8.499,0.265,3,0,1,0,0,0,Credential Stuffing
19,18,2,14,0,4.034,0.531,2,1,0,0,0,0,Brute Force
14,3,0,2,1,0.915,3.795,1,0,0,0,1,0,Unknown Behaviour
45,45,2,44,0,15.09,0.578,0,1,0,0,0,0,Brute Force
30,0,0,1,30,0.207,0.163,1,0,1,0,0,0,Web Enumeration
52,51,30,35,0,7.511,0.278,1,1,0,0,0,0,Credential Stuffing
19,19,1,21,0,4.914,0.505,2,0,0,0,1,0,Brute Force
44,42,27,33,0,10.621,0.454,2,1,0,0,0,0,Credential Stuffing
16,16,1,14,0,8.702,0.11,1,1,0,0,0,0,Brute Force
2,1,1,1,1,0.935,0.682,1,0,1,0,0,0,Malware Download
8,0,0,0,5,2.304,0.186,1,1,0,0,0,0,Recon Scan
3,0,0,1,2,1.752,0.467,0,0,0,1,0,0,Malware Download
4,0,0,0,3,0.197,0.37,0,0,1,0,0,0,Exploit Attempt
2,0,1,1,1,1.606,0.527,1,0,1,0,0,0,Exploit Attempt
31,29,2,26,0,6.356,0.21,1,0,0,0,1,0,Brute Force
16,1,0,1,16,0.882,0.317,0,0,1,0,0,0,Web Enumeration
9,2,0,0,6,2.791,0.197,1,1,0,0,0,0,Unknown Behaviour
15,0,0,0,10,1.795,0.146,5,0,0,0,0,1,Recon Scan
27,27,1,26,0,10.36,0.176,1,1,0,0,0,0,Brute Force
11,11,16,4,0,2.005,0.128,1,0,0,1,0,0,Credential Stuffing
41,40,2,31,0,14.807,0.249,2,1,0,0,0,0,Brute Force
4,1,1,0,2,1.357,0.498,0,0,0,1,0,0,Malware Download
5,1,0,1,4,4.46,0.167,1,0,0,0,0,1,Exploit Attempt
20,1,0,1,20,4.567,0.15,5,0,1,0,0,0,Web Enumeration
24,0,0,0,24,4.378,0.106,3,0,1,0,0,0,Web Enumeration
7,2,1,0,5,2.353,0.048,2,0,1,0,0,0,Exploit Attempt
29,27,13,20,0,8.848,0.266,1,0,1,0,0,0,Credential Stuffing
5,3,0,0,1,1.4,1.977,1,0,0,0,1,0,Unknown Behaviour
13,0,0,1,6,5.009,1.362,1,0,0,1,0,0,Unknown Behaviour
5,2,1,1,4,3.467,2.452,1,0,0,1,0,0,Unknown Behaviour
29,28,1,27,0,10.27,0.437,1,1,0,0,0,0,Brute Force
3,0,0,0,1,0.988,0.457,0,0,1,0,0,0,Malware Download
10,0,0,0,5,1.404,0.156,0,0,1,0,0,0,Recon Scan
19,1,1,1,18,2.153,0.009,5,0,1,0,0,0,Web Enumeration
3,0,1,0,1,0.076,0.046,0,0,1,0,0,0,Malware Download
27,1,0,1,27,3.07,0.16,6,0,1,0,0,0,Web Enumeration
5,2,0,1,3,1.47,0.729,0,0,1,0,0,0,Exploit Attempt
37,37,2,30,0,9.254,0.126,2,0,0,0,1,0,Brute Force
7,1,0,1,5,2.101,0.024,0,0,1,0,0,0,Exploit Attempt
5,1,1,1,3,4.033,0.133,1,0,0,1,0,0,Exploit Attempt
8,1,1,0,7,3.261,3.956,2,0,0,1,0,0,Unknown Behaviour
6,2,1,0,4,0.931,0.891,1,0,0,0,0,1,Exploit Attempt
17,15,1,12,0,7.145,0.399,2,1,0,0,0,0,Brute Force
26,25,1,22,0,4.613,0.156,1,0,0,1,0,0,Brute Force
45,45,21,32,0,14.609,0.173,0,0,1,0,0,0,Credential Stuffing
32,31,2,25,0,9.735,0.295,1,0,0,1,0,0,Brute Force
8,0,0,0,4,1.461,0.095,2,1,0,0,0,0,Recon Scan
16,0,1,0,16,1.33,0.069,1,0,1,0,0,0,Web Enumeration
17,0,1,2,4,0.065,1.356,1,0,0,1,0,0,Unknown Behaviour
5,1,0,1,4,4.527,0.394,0,0,0,1,0,0,Exploit Attempt
3,1,0,1,2,0.709,0.546,0,0,1,0,0,0,Malware Download
3,0,1,0,3,0.73,1.087,1,0,0,0,1,0,Unknown Behaviour
4,2,1,2,1,0.41,1.205,4,0,0,1,0,0,Unknown Behaviour
13,2,0,2,5,0.819,4.273,0,1,0,0,0,0,Unknown Behaviour
17,17,1,16,0,6.48,0.095,0,1,0,0,0,0,Brute Force
2,0,0,0,1,2.073,0.61,1,0,0,0,0,1,Exploit Attempt
5,0,1,0,3,0.663,0.636,0,0,0,0,0,1,Exploit Attempt
11,0,0,0,9,1.796,0.081,0,0,1,0,0,0,Recon Scan
35,35,24,32,0,7.372,0.051,1,1,0,0,0,0,Credential Stuffing
34,32,22,27,0,8.942,0.035,1,0,1,0,0,0,Credential Stuffing
15,15,9,18,0,3.406,0.062,2,0,1,0,0,0,Credential Stuffing
3,0,0,1,1,1.611,0.429,0,0,0,1,0,0,Malware Download
4,1,1,1,2,0.201,0.257,0,0,0,1,0,0,Malware Download
29,29,1,26,0,7.991,0.056,1,0,0,1,0,0,Brute Force
5,1,0,1,5,3.589,0.161,0,0,1,0,0,0,Web Enumeration
23,0,0,0,19,0.51,0.007,4,0,1,0,0,0,Recon Scan
28,28,1,26,0,6.332,0.254,0,1,0,0,0,0,Brute Force
2,1,1,0,1,1.009,0.213,1,0,1,0,0,0,Malware Download
18,16,2,15,0,1.094,0.155,2,1,0,0,0,0,Brute Force
14,1,0,0,0,5.742,2.921,0,0,0,0,0,1,Unknown Behaviour
3,1,0,1,1,0.056,0.315,1,0,1,0,0,0,Malware Download
3,1,0,0,2,0.526,0.506,0,0,1,0,0,0,Malware Download
24,1,0,1,23,3.353,0.164,2,0,1,0,0,0,Web Enumeration
4,0,1,1,2,1.916,0.15,0,0,0,1,0,0,Malware Download
1,2,1,0,0,1.429,0.512,1,1,0,0,0,0,Unknown Behaviour
8,2,0,2,6,4.532,2.248,1,0,0,1,0,0,Unknown Behaviour
15,14,1,13,0,5.123,0.213,2,0,0,0,1,0,Brute Force
2,0,0,0,1,1.188,0.19,0,0,0,1,0,0,Malware Download
20,18,1,10,0,7.477,0.218,4,0,0,1,0,0,Brute Force
3,1,1,1,2,1.245,0.652,1,0,0,1,0,0,Malware Download
11,9,11,6,0,4.779,0.265,0,0,1,0,0,0,Credential Stuffing
19,0,1,1,19,4.622,0.018,2,0,1,0,0,0,Web Enumeration
12,0,0,0,12,0.278,0.112,7,0,0,0,0,1,Recon Scan
13,0,0,0,11,0.437,0.133,2,0,1,0,0,0,Recon Scan
3,1,0,0,2,1.103,0.789,0,0,0,1,0,0,Malware Download
30,28,1,27,0,7.639,0.257,2,1,0,0,0,0,Brute Force
18,0,0,1,18,2.869,0.131,4,0,1,0,0,0,Web Enumeration
5,0,0,1,4,1.887,0.665,0,0,1,0,0,0,Exploit Attempt
2,4,1,0,0,3.218,0.06,0,0,0,1,0,0,Unknown Behaviour
29,29,15,25,0,1.707,0.244,1,0,1,0,0,0,Credential Stuffing
44,43,25,38,0,8.908,0.359,0,1,0,0,0,0,Credential Stuffing
6,1,1,0,2,1.235,1.582,1,1,0,0,0,0,Unknown Behaviour
14,12,1,10,0,5.336,0.435,2,1,0,0,0,0,Brute Force
44,43,22,41,0,7.897,0.173,4,0,1,0,0,0,Credential Stuffing
15,13,1,12,0,2.911,0.424,0,0,0,0,1,0,Brute Force
14,2,1,0,1,0.775,2.093,0,1,0,0,0,0,Unknown Behaviour
3,1,0,1,1,0.881,0.623,0,0,0,1,0,0,Malware Download
16,1,0,0,15,0.949,0.164,2,0,1,0,0,0,Web Enumeration
36,35,28,32,0,5.812,0.1,0,0,1,0,0,0,Credential Stuffing
3,1,1,0,1,2.83,0.526,1,0,1,0,0,0,Exploit Attempt
3,1,0,0,2,0.859,0.468,0,0,1,0,0,0,Malware Download
9,0,1,0,7,1.79,0.84,2,0,1,0,0,0,Exploit Attempt
6,0,0,0,2,1.479,1.397,0,1,0,0,0,0,Unknown Behaviour
10,2,0,0,3,2.191,1.275,1,0,0,1,0,0,Unknown Behaviour
2,1,1,1,1,0.743,0.207,0,0,0,1,0,0,Malware Download
4,2,0,0,3,2.194,0.552,0,0,1,0,0,0,Exploit Attempt
32,30,23,27,0,4.025,0.268,2,0,1,0,0,0,Credential Stuffing
39,37,26,35,0,8.539,0.196,3,0,0,1,0,0,Credential Stuffing
9,0,0,0,5,1.702,0.142,4,1,0,0,0,0,Recon Scan
13,0,0,0,13,1.157,0.026,6,0,0,0,0,1,Recon Scan
15,14,2,12,0,5.344,0.023,0,0,0,1,0,0,Brute Force
3,0,1,0,2,1.212,0.08,0,0,0,1,0,0,Exploit Attempt
25,24,1,18,0,11.32,0.272,5,0,0,1,0,0,Brute Force
11,0,2,0,5,3.88,1.606,1,0,1,0,0,0,Unknown Behaviour
4,0,1,2,2,2.377,1.348,1,1,0,0,0,0,Unknown Behaviour
47,45,27,37,0,8.465,0.266,4,0,1,0,0,0,Credential Stuffing
5,0,1,1,3,2.201,0.342,0,0,1,0,0,0,Exploit Attempt
6,2,0,0,6,1.785,1.409,2,0,0,1,0,0,Unknown Behaviour
22,0,0,1,22,1.889,0.132,0,0,1,0,0,0,Web Enumeration
19,1,0,1,19,4.296,0.112,3,0,1,0,0,0,Web Enumeration
23,23,17,19,0,6.122,0.171,1,0,1,0,0,0,Credential Stuffing
11,2,0,1,1,0.214,3.313,0,0,0,0,0,1,Unknown Behaviour
3,0,0,0,0,2.296,0.103,4,1,0,0,0,0,Recon Scan
12,4,1,0,1,3.721,2.257,0,0,0,0,1,0,Unknown Behaviour
5,0,0,0,3,1.971,0.77,1,0,1,0,0,0,Exploit Attempt
8,0,0,0,4,2.691,0.113,4,0,1,0,0,0,Recon Scan
4,0,0,0,2,0.154,0.559,0,0,1,0,0,0,Malware Download
8,2,2,0,4,4.901,1.779,0,1,0,0,0,0,Unknown Behaviour
39,38,10,31,0,12.741,0.049,1,0,0,1,0,0,Credential Stuffing
3,0,1,1,1,2.678,0.39,0,0,1,0,0,0,Exploit Attempt
6,0,0,0,8,1.773,0.119,3,1,0,0,0,0,Recon Scan
4,0,0,0,2,1.258,0.105,0,0,0,1,0,0,Malware Download
14,0,0,0,11,0.738,0.057,2,0,0,0,0,1,Recon Scan
4,1,0,0,1,4.269,2.477,2,0,0,0,1,0,Unknown Behaviour
23,22,1,19,0,7.192,0.578,2,1,0,0,0,0,Brute Force
16,1,0,0,1,8.08,2.85,1,0,0,1,0,0,Unknown Behaviour
43,43,30,33,0,5.808,0.069,2,0,1,0,0,0,Credential Stuffing
24,23,2,18,0,5.711,0.302,2,0,0,1,0,0,Brute Force
15,0,0,0,13,1.34,0.067,5,0,1,0,0,0,Recon Scan
6,1,0,0,4,1.912,3.617,1,0,0,0,1,0,Unknown Behaviour
8,1,1,0,2,4.134,2.64,4,1,0,0,0,0,Unknown Behaviour
3,1,1,0,1,0.339,0.563,0,0,1,0,0,0,Malware Download
7,0,0,0,6,3.914,0.514,1,0,0,0,0,1,Exploit Attempt
2,2,0,0,1,0.919,0.867,1,0,1,0,0,0,Exploit Attempt
32,30,16,21,0,2.708,0.238,2,0,1,0,0,0,Credential Stuffing
3,1,0,1,1,1.501,0.647,0,0,0,1,0,0,Malware Download
11,0,0,0,4,2.117,0.128,4,0,1,0,0,0,Recon Scan
29,27,19,16,0,5.043,0.196,3,0,1,0,0,0,Credential Stuffing
23,0,1,0,22,2.515,0.184,6,0,1,0,0,0,Web Enumeration
12,11,11,11,0,3.998,0.256,1,0,1,0,0,0,Credential Stuffing
3,1,0,0,2,1.491,0.574,0,0,0,1,0,0,Malware Download
15,0,0,0,12,0.105,0.099,4,0,0,1,0,0,Recon Scan
3,1,1,0,1,1.649,0.191,1,0,1,0,0,0,Malware Download
22,0,1,1,21,3.41,0.159,4,0,1,0,0,0,Web Enumeration
4,0,0,0,2,1.938,0.108,1,0,0,1,0,0,Malware Download
8,1,1,1,6,3.583,0.865,1,0,0,1,0,0,Exploit Attempt
2,1,0,0,1,0.015,0.728,1,0,1,0,0,0,Malware Download
2,0,1,1,1,1.35,0.478,1,0,1,0,0,0,Malware Download
36,34,30,28,0,4.152,0.123,2,1,0,0,0,0,Credential Stuffing
9,0,0,0,7,2.655,0.13,0,0,0,0,0,1,Recon Scan
31,30,16,25,0,2.869,0.352,1,0,1,0,0,0,Credential Stuffing
27,27,1,24,0,9.513,0.289,0,0,0,0,1,0,Brute Force
6,2,0,0,4,3.154,0.147,0,0,0,1,0,0,Exploit Attempt
25,1,0,1,25,4.086,0.26,3,0,1,0,0,0,Web Enumeration
15,15,1,6,0,2.387,0.394,0,1,0,0,0,0,Brute Force
2,0,1,0,1,4.689,0.751,2,0,0,1,0,0,Unknown Behaviour
28,28,14,19,0,7.054,0.153,2,0,0,1,0,0,Credential Stuffing
2,0,0,1,4,4.295,2.482,3,0,0,0,1,0,Unknown Behaviour
9,0,0,0,8,1.22,0.074,6,0,1,0,0,0,Recon Scan
19,18,1,8,0,4.157,0.221,0,0,0,0,1,0,Brute Force
25,1,1,0,25,2.204,0.263,4,0,1,0,0,0,Web Enumeration
24,1,0,1,24,3.263,0.197,2,0,1,0,0,0,Web Enumeration
20,1,0,0,20,1.402,0.186,0,0,1,0,0,0,Web Enumeration
3,0,0,0,2,1.06,0.948,0,0,0,1,0,0,Exploit Attempt
5,2,0,0,4,0.322,0.814,0,0,1,0,0,0,Exploit Attempt
9,0,0,0,2,2.617,3.275,0,0,0,0,1,0,Unknown Behaviour
4,2,1,0,3,3.05,0.742,2,0,0,0,0,1,Exploit Attempt
25,24,9,11,0,2.297,0.211,3,0,1,0,0,0,Credential Stuffing
4,2,1,1,4,4.518,2.05,1,0,0,0,0,1,Unknown Behaviour
5,1,1,1,3,0.211,0.531,0,0,1,0,0,0,Malware Download
3,2,0,1,2,1.177,0.503,1,0,1,0,0,0,Exploit Attempt
6,0,0,0,4,0.855,0.182,0,0,0,1,0,0,Malware Download
5,2,1,1,4,3.464,0.299,0,0,0,0,0,1,Exploit Attempt
25,0,1,0,24,2.113,0.205,5,0,1,0,0,0,Web Enumeration
24,0,0,1,24,3.001,0.16,0,0,1,0,0,0,Web Enumeration
16,1,1,1,15,1.17,0.285,3,0,1,0,0,0,Web Enumeration
4,1,0,1,3,5.122,0.596,1,0,1,0,0,0,Exploit Attempt
12,0,0,0,10,1.544,0.09,1,0,0,0,0,1,Recon Scan
26,26,2,26,0,6.397,0.352,1,1,0,0,0,0,Brute Force
21,0,1,1,21,4.329,0.054,2,0,1,0,0,0,Web Enumeration
4,1,1,0,3,0.1,0.03,1,0,0,1,0,0,Malware Download
29,0,0,1,29,1.212,0.234,3,0,1,0,0,0,Web Enumeration
43,42,29,31,0,8.453,0.072,1,0,0,1,0,0,Credential Stuffing
8,0,0,1,7,2.844,0.327,1,0,0,0,0,1,Exploit Attempt
5,1,1,1,4,0.573,0.42,0,0,0,1,0,0,Malware Download
26,25,2,17,0,9.226,0.327,2,0,0,0,1,0,Brute Force
4,1,1,1,2,0.656,0.441,0,0,0,1,0,0,Malware Download
4,1,1,0,3,2.328,0.735,0,0,0,0,0,1,Exploit Attempt
5,0,0,1,4,1.319,0.598,1,0,0,1,0,0,Exploit Attempt
20,0,1,0,20,3.264,0.222,0,0,1,0,0,0,Web Enumeration
6,0,1,0,4,2.946,0.321,1,0,1,0,0,0,Exploit Attempt
2,1,1,0,1,2.152,0.207,0,0,0,1,0,0,Malware Download
11,10,2,11,0,0.901,0.3,3,0,0,1,0,0,Brute Force
11,0,0,0,11,1.044,0.157,2,0,0,0,0,1,Recon Scan
9,1,0,0,7,3.788,1.867,1,1,0,0,0,0,Unknown Behaviour
4,0,1,1,2,0.056,0.406,0,0,0,1,0,0,Malware Download
63,61,37,43,0,11.808,0.103,1,0,1,0,0,0,Credential Stuffing
2,4,1,0,3,3.396,0.696,3,0,1,0,0,0,Unknown Behaviour
3,1,0,1,1,0.039,0.859,0,0,1,0,0,0,Malware Download
17,1,0,0,16,1.848,0.151,2,0,1,0,0,0,Web Enumeration
3,0,0,0,1,1.765,0.562,1,0,0,1,0,0,Exploit Attempt
26,0,1,1,25,1.198,0.167,0,0,1,0,0,0,Web Enumeration
31,0,0,0,30,4.548,0.097,2,0,1,0,0,0,Web Enumeration
9,0,0,0,7,0.475,0.145,1,0,1,0,0,0,Recon Scan
3,1,0,0,1,0.586,0.572,0,0,1,0,0,0,Malware Download
41,39,27,26,0,6.444,0.238,3,0,1,0,0,0,Credential Stuffing
31,29,1,25,0,10.64,0.431,0,0,0,1,0,0,Brute Force
8,0,0,0,7,0.258,0.09,4,0,0,0,1,0,Recon Scan
6,2,0,0,4,2.207,0.53,0,0,0,1,0,0,Exploit Attempt
7,1,1,0,6,1.416,0.533,1,0,0,0,0,1,Exploit Attempt
11,0,1,1,10,3.84,0.185,4,0,1,0,0,0,Web Enumeration
7,0,0,0,1,1.599,0.147,7,0,0,0,0,1,Recon Scan
5,0,0,1,3,1.12,0.082,1,0,0,0,0,1,Exploit Attempt
29,27,1,23,0,6.884,0.184,6,1,0,0,0,0,Brute Force
33,31,1,28,0,10.751,0.386,2,0,0,1,0,0,Brute Force
24,23,16,16,0,4.386,0.19,2,0,1,0,0,0,Credential Stuffing
3,1,0,1,1,0.287,0.504,0,0,1,0,0,0,Malware Download
3,0,0,0,0,2.733,0.039,3,0,0,0,0,1,Recon Scan
33,1,0,1,32,1.424,0.094,1,0,1,0,0,0,Web Enumeration
15,1,1,0,15,4.304,0.005,3,0,1,0,0,0,Web Enumeration
16,1,1,0,16,0.643,0.053,3,0,1,0,0,0,Web Enumeration
44,42,25,27,0,9.488,0.16,4,0,0,1,0,0,Credential Stuffing
7,0,0,0,5,1.289,0.039,0,0,1,0,0,0,Recon Scan
21,19,1,13,0,3.246,0.292,0,0,0,0,1,0,Brute Force
17,1,0,0,5,1.902,2.639,1,0,0,0,0,1,Unknown Behaviour
25,24,1,18,0,8.171,0.108,2,1,0,0,0,0,Brute Force
23,0,0,1,23,0.71,0.046,1,0,1,0,0,0,Web Enumeration
24,0,1,1,23,2.545,0.225,1,0,1,0,0,0,Web Enumeration
10,0,1,0,1,1.284,1.187,1,1,0,0,0,0,Unknown Behaviour
2,0,0,1,1,0.8,0.113,0,0,0,1,0,0,Malware Download
7,3,0,0,5,0.724,2.708,0,0,0,0,0,1,Unknown Behaviour
10,0,0,0,8,0.825,0.112,7,0,0,0,1,0,Recon Scan
2,0,1,0,1,1.308,0.237,0,0,1,0,0,0,Malware Download
4,2,0,0,3,1.626,1.079,1,0,1,0,0,0,Exploit Attempt
37,35,20,24,0,7.228,0.074,2,0,1,0,0,0,Credential Stuffing
4,0,1,1,3,1.157,0.639,0,0,0,1,0,0,Malware Download
4,0,1,0,3,1.501,0.696,1,0,1,0,0,0,Exploit Attempt
40,38,22,26,0,7.256,0.251,0,0,1,0,0,0,Credential Stuffing
6,1,1,0,4,1.234,0.204,1,0,0,0,0,1,Exploit Attempt
10,0,0,0,11,2.606,0.052,4,0,1,0,0,0,Recon Scan
3,0,1,0,2,0.874,0.15,0,0,1,0,0,0,Malware Download
13,0,0,0,8,2.131,0.145,4,0,0,0,1,0,Recon Scan
10,0,1,1,0,0.891,3.315,2,0,0,0,0,1,Unknown Behaviour
25,24,13,18,0,3.139,0.002,1,0,1,0,0,0,Credential Stuffing
6,5,1,7,0,1.864,0.317,4,0,0,0,1,0,Brute Force
6,0,0,1,5,0.69,0.723,0,0,1,0,0,0,Exploit Attempt
19,17,1,17,0,4.762,0.329,0,1,0,0,0,0,Brute Force
11,0,0,0,9,2.907,0.105,5,0,0,0,0,1,Recon Scan
9,1,1,0,4,3.659,1.924,3,0,1,0,0,0,Unknown Behaviour
3,0,0,0,2,2.312,0.052,3,1,0,0,0,0,Recon Scan
20,1,0,0,19,1.414,0.28,2,0,1,0,0,0,Web Enumeration
16,0,0,0,11,0.106,0.147,4,0,1,0,0,0,Recon Scan
5,1,0,0,4,1.216,0.335,0,0,0,0,0,1,Exploit Attempt
4,0,0,0,3,0.449,0.168,0,0,0,0,0,1,Exploit Attempt
4,0,0,0,2,2.163,0.242,0,0,0,1,0,0,Malware Download
29,0,1,0,28,4.192,0.058,0,0,1,0,0,0,Web Enumeration
6,0,0,0,4,1.016,0.084,6,1,0,0,0,0,Recon Scan
14,1,0,0,13,2.852,0.219,4,0,1,0,0,0,Web Enumeration
17,1,1,1,16,4.077,0.271,2,0,1,0,0,0,Web Enumeration
7,2,0,1,5,0.842,0.384,2,0,0,0,0,1,Exploit Attempt
5,1,1,1,3,2.443,0.731,1,0,1,0,0,0,Malware Download
5,0,1,0,3,2.695,0.224,0,0,1,0,0,0,Exploit Attempt
6,1,0,1,4,1.07,0.604,1,0,1,0,0,0,Malware Download
22,22,16,12,0,8.891,0.424,4,0,1,0,0,0,Credential Stuffing
4,1,0,1,2,2.174,0.512,0,0,0,1,0,0,Malware Download
10,0,0,1,9,2.667,0.74,0,0,0,0,0,1,Exploit Attempt
8,2,1,1,4,0.238,0.544,1,1,0,0,0,0,Unknown Behaviour
27,26,2,24,0,10.235,0.438,4,1,0,0,0,0,Brute Force
3,0,1,1,1,0.735,0.779,1,0,0,1,0,0,Malware Download
3,1,1,1,2,1.132,0.242,1,0,1,0,0,0,Malware Download
11,0,0,0,9,5.395,0.558,0,0,0,0,0,1,Exploit Attempt
5,0,0,0,6,1.868,0.142,2,0,1,0,0,0,Recon Scan
15,2,0,0,3,5.761,1.603,0,0,0,0,0,1,Unknown Behaviour
28,28,17,24,0,1.885,0.329,1,1,0,0,0,0,Credential Stuffing
26,26,1,22,0,5.99,0.275,4,1,0,0,0,0,Brute Force
41,41,22,37,0,11.302,0.326,0,0,1,0,0,0,Credential Stuffing
48,48,28,37,0,9.258,0.068,0,0,1,0,0,0,Credential Stuffing
26,1,0,0,26,2.117,0.117,5,0,1,0,0,0,Web Enumeration
8,1,1,0,8,2.288,0.192,2,0,1,0,0,0,Web Enumeration
21,20,1,16,0,3.075,0.417,3,1,0,0,0,0,Brute Force
3,1,0,1,1,1.481,0.291,0,0,0,1,0,0,Malware Download
37,36,1,30,0,13.001,0.401,2,0,0,0,1,0,Brute Force
3,1,1,0,1,0.819,0.598,1,0,1,0,0,0,Malware Download
9,0,0,0,3,0.455,0.049,4,0,1,0,0,0,Recon Scan
2,1,0,0,1,1.324,0.693,0,0,1,0,0,0,Malware Download
19,0,1,0,18,3.523,0.125,1,0,1,0,0,0,Web Enumeration
3,1,0,0,2,0.53,0.373,0,0,0,1,0,0,Malware Download
8,2,0,0,1,0.918,3.007,0,0,0,0,1,0,Unknown Behaviour
33,32,19,27,0,7.008,0.254,2,0,0,1,0,0,Credential Stuffing
28,0,1,0,27,2.676,0.196,2,0,1,0,0,0,Web Enumeration
12,0,0,0,4,3.027,2.314,1,0,0,0,0,1,Unknown Behaviour
4,3,0,1,5,6.664,1.211,1,1,0,0,0,0,Unknown Behaviour
47,46,16,32,0,9.211,0.091,1,1,0,0,0,0,Credential Stuffing
3,1,0,1,2,1.887,0.502,0,0,0,1,0,0,Malware Download
12,2,2,1,1,11.325,3.026,1,0,0,0,1,0,Unknown Behaviour
43,41,29,28,0,9.165,0.139,0,0,0,1,0,0,Credential Stuffing
19,1,1,0,18,3.806,0.109,3,0,1,0,0,0,Web Enumeration
5,2,1,0,4,2.187,0.321,0,0,0,1,0,0,Exploit Attempt
27,27,2,23,0,7.464,0.37,0,1,0,0,0,0,Brute Force
5,1,0,1,3,2.075,0.125,1,0,0,0,0,1,Exploit Attempt
37,37,25,27,0,9.759,0.151,2,0,1,0,0,0,Credential Stuffing
6,0,0,1,0,7.175,0.119,1,1,0,0,0,0,Unknown Behaviour
35,34,21,28,0,9.273,0.322,1,0,1,0,0,0,Credential Stuffing
7,0,1,1,5,1.998,0.243,0,0,0,0,0,1,Exploit Attempt
16,0,0,0,10,0.669,0.107,3,0,1,0,0,0,Recon Scan
28,27,1,23,0,5.027,0.078,1,1,0,0,0,0,Brute Force
12,4,0,0,5,5.648,0.672,0,1,0,0,0,0,Unknown Behaviour
34,33,1,28,0,10.859,0.348,3,0,0,1,0,0,Brute Force
20,19,1,16,0,4.514,0.466,2,1,0,0,0,0,Brute Force
3,0,0,0,1,1.025,0.43,1,0,1,0,0,0,Malware Download
5,0,1,0,3,2.353,0.632,1,0,0,1,0,0,Malware Download
13,1,1,0,1,0.558,2.189,0,0,0,0,1,0,Unknown Behaviour
4,2,0,1,3,3.947,0.291,1,0,1,0,0,0,Exploit Attempt
21,19,1,19,0,4.616,0.196,0,1,0,0,0,0,Brute Force
12,5,0,1,5,0.912,0.137,0,1,0,0,0,0,Unknown Behaviour
5,2,0,1,5,1.358,2.637,1,0,0,1,0,0,Unknown Behaviour
19,0,0,0,18,5.201,0.024,0,0,1,0,0,0,Web Enumeration
5,0,0,0,2,1.445,0.158,1,0,1,0,0,0,Recon Scan
31,31,20,24,0,3.118,0.138,1,0,1,0,0,0,Credential Stuffing
6,0,1,0,7,1.48,3.975,4,0,0,0,0,1,Unknown Behaviour
3,5,2,0,4,1.886,0.686,0,0,0,0,0,1,Unknown Behaviour
19,18,5,16,0,5.413,0.15,0,0,1,0,0,0,Credential Stuffing
5,1,0,1,3,3.856,0.445,1,0,0,1,0,0,Exploit Attempt
30,29,19,12,0,6.21,0.195,4,0,1,0,0,0,Credential Stuffing
22,20,2,18,0,9.564,0.413,2,1,0,0,0,0,Brute Force
35,34,20,24,0,8.509,0.02,2,0,0,1,0,0,Credential Stuffing
2,2,0,0,6,3.461,0.08,0,0,0,1,0,0,Unknown Behaviour
10,0,0,0,7,0.007,0.051,2,0,1,0,0,0,Recon Scan
5,1,1,0,4,2.216,0.551,0,0,1,0,0,0,Exploit Attempt
20,19,20,14,0,2.32,0.315,0,0,1,0,0,0,Credential Stuffing
46,46,27,36,0,11.408,0.141,1,0,1,0,0,0,Credential Stuffing
26,24,13,16,0,3.998,0.08,4,0,1,0,0,0,Credential Stuffing
21,20,2,19,0,1.911,0.116,4,1,0,0,0,0,Brute Force
23,22,1,21,0,4.947,0.408,2,0,0,0,1,0,Brute Force
10,8,12,4,0,4.639,0.077,3,0,0,1,0,0,Credential Stuffing
6,2,0,0,5,2.197,0.78,0,0,0,1,0,0,Exploit Attempt
28,1,0,1,27,2.386,0.147,3,0,1,0,0,0,Web Enumeration
5,1,1,1,3,3.618,1.17,0,0,0,0,0,1,Exploit Attempt
3,1,0,1,1,2.782,0.158,1,0,0,0,0,1,Exploit Attempt
30,28,19,25,0,3.588,0.276,1,0,0,1,0,0,Credential Stuffing
3,0,0,0,1,0.803,0.25,0,0,1,0,0,0,Malware Download
19,1,1,1,19,0.961,0.169,0,0,1,0,0,0,Web Enumeration
20,1,0,1,19,5.707,0.043,2,0,1,0,0,0,Web Enumeration
9,0,0,0,8,2.066,0.073,1,0,1,0,0,0,Recon Scan
5,0,1,0,5,1.704,1.706,2,0,0,0,1,0,Unknown Behaviour
11,1,0,1,3,0.489,1.681,2,0,0,1,0,0,Unknown Behaviour
23,23,6,21,0,5.247,0.194,1,0,1,0,0,0,Credential Stuffing
31,29,15,19,0,4.258,0.146,2,1,0,0,0,0,Credential Stuffing
4,0,0,0,3,1.714,0.462,0,0,0,1,0,0,Malware Download
12,1,1,1,2,2.105,0.826,1,1,0,0,0,0,Unknown Behaviour
10,0,0,0,10,0.338,0.006,0,0,0,0,1,0,Recon Scan
24,22,11,24,0,7.084,0.263,2,0,0,1,0,0,Credential Stuffing
2,0,0,0,1,4.274,1.719,1,0,0,0,0,1,Unknown Behaviour
15,2,0,1,6,4.178,1.15,1,0,0,1,0,0,Unknown Behaviour
8,0,0,1,6,0.646,0.731,0,0,1,0,0,0,Exploit Attempt
7,1,1,0,5,3.102,0.956,0,0,0,0,0,1,Exploit Attempt
5,0,1,1,4,4.729,0.43,1,0,1,0,0,0,Exploit Attempt
27,27,1,14,0,6.012,0.229,1,1,0,0,0,0,Brute Force
28,27,2,21,0,8.09,0.43,0,1,0,0,0,0,Brute Force
3,1,1,0,2,0.055,0.039,0,0,1,0,0,0,Malware Download
7,0,0,0,6,2.945,0.096,3,0,1,0,0,0,Recon Scan
55,55,28,43,0,11.693,0.227,1,0,0,1,0,0,Credential Stuffing
8,4,1,1,0,4.517,0.435,1,0,1,0,0,0,Unknown Behaviour
15,0,0,0,11,2.031,0.09,3,0,1,0,0,0,Recon Scan
19,1,1,1,18,3.086,0.151,5,0,1,0,0,0,Web Enumeration
11,0,0,0,10,0.653,0.046,4,0,0,0,0,1,Recon Scan
9,0,0,0,7,1.403,0.205,7,0,0,1,0,0,Recon Scan
10,0,0,0,8,1.298,0.071,4,0,0,0,1,0,Recon Scan
3,1,1,1,1,1.489,1.163,1,0,0,1,0,0,Exploit Attempt
13,11,1,9,0,3.179,0.749,0,0,0,1,0,0,Brute Force
13,1,0,1,4,3.332,2.109,0,1,0,0,0,0,Unknown Behaviour
25,24,3,24,0,5.578,0.389,0,1,0,0,0,0,Brute Force
2,2,0,0,4,0.508,0.33,2,0,1,0,0,0,Unknown Behaviour
24,24,20,19,0,6.922,0.131,2,1,0,0,0,0,Credential Stuffing
23,22,1,22,0,8.844,0.248,2,1,0,0,0,0,Brute Force
4,2,1,0,5,7.188,0.275,3,0,0,0,1,0,Unknown Behaviour
18,17,1,13,0,5.957,0.335,0,0,0,1,0,0,Brute Force
6,1,0,1,5,0.564,0.447,2,0,1,0,0,0,Exploit Attempt
5,0,1,0,3,1.445,0.556,1,0,0,0,0,1,Exploit Attempt
10,8,4,11,0,4.061,0.389,1,0,1,0,0,0,Credential Stuffing
12,3,1,0,0,0.476,0.755,0,0,0,0,0,1,Unknown Behaviour
20,0,0,0,16,0.362,0.05,0,0,0,0,0,1,Recon Scan
43,41,23,35,0,8.218,0.238,0,0,1,0,0,0,Credential Stuffing
23,23,1,23,0,10.193,0.388,3,1,0,0,0,0,Brute Force
23,0,1,1,23,2.377,0.06,3,0,1,0,0,0,Web Enumeration
7,1,1,1,6,2.664,0.535,1,0,1,0,0,0,Exploit Attempt
2,4,1,0,3,9.272,2.5,1,0,1,0,0,0,Unknown Behaviour
34,32,2,33,0,8.861,0.344,3,0,0,0,1,0,Brute Force
26,0,1,1,25,4.125,0.297,1,0,1,0,0,0,Web Enumeration
44,44,1,37,0,10.78,0.65,3,0,0,0,1,0,Brute Force
22,0,0,0,22,0.363,0.07,0,0,1,0,0,0,Web Enumeration
14,0,0,0,9,0.109,0.133,6,0,1,0,0,0,Recon Scan
12,0,0,0,10,2.859,0.142,4,0,1,0,0,0,Recon Scan
10,0,0,1,2,8.169,0.081,2,1,0,0,0,0,Unknown Behaviour
21,0,1,0,21,4.098,0.285,3,0,1,0,0,0,Web Enumeration
42,42,23,37,0,11.122,0.036,2,0,1,0,0,0,Credential Stuffing
20,18,1,21,0,6.937,0.216,3,1,0,0,0,0,Brute Force
7,1,0,0,3,3.538,0.002,1,0,0,0,1,0,Unknown Behaviour
26,25,2,19,0,13.129,0.356,2,0,0,1,0,0,Brute Force
9,0,0,0,8,1.215,0.11,6,0,0,1,0,0,Recon Scan
2,1,1,1,1,1.226,0.42,0,0,0,1,0,0,Malware Download
12,0,0,1,0,2.406,1.083,1,0,0,0,0,1,Unknown Behaviour
15,0,0,0,15,0.53,0.056,6,0,1,0,0,0,Recon Scan
19,17,1,14,0,7.644,0.188,2,0,0,1,0,0,Brute Force
4,2,0,0,3,3.816,0.322,0,0,1,0,0,0,Exploit Attempt
7,0,0,1,6,2.564,1.086,1,1,0,0,0,0,Unknown Behaviour
19,17,1,16,0,6.02,0.449,2,0,0,0,1,0,Brute Force
31,29,2,28,0,9.592,0.439,3,1,0,0,0,0,Brute Force
6,0,0,0,1,0.268,0.105,6,1,0,0,0,0,Recon Scan
13,0,0,0,8,2.177,0.063,2,0,1,0,0,0,Recon Scan
5,1,0,1,3,1.417,0.598,2,0,1,0,0,0,Exploit Attempt
3,1,1,1,2,1.42,0.393,0,0,1,0,0,0,Malware Download
11,10,1,12,0,2.557,0.449,0,0,0,1,0,0,Brute Force
4,0,0,1,2,0.42,0.564,1,0,0,1,0,0,Malware Download
15,0,1,0,15,2.389,0.143,6,0,1,0,0,0,Web Enumeration
17,0,1,0,17,1.314,0.06,1,0,1,0,0,0,Web Enumeration
3,0,0,0,2,1.337,0.205,1,0,0,0,0,1,Recon Scan
4,1,1,1,2,0.857,0.311,0,0,0,1,0,0,Malware Download
17,16,1,13,0,6.328,0.553,3,1,0,0,0,0,Brute Force
3,0,1,1,2,2.157,0.533,1,0,0,1,0,0,Malware Download
24,1,1,0,24,3.151,0.185,4,0,1,0,0,0,Web Enumeration
26,24,2,20,0,8.389,0.263,3,0,0,0,1,0,Brute Force
2,0,2,1,5,1.283,0.998,2,0,1,0,0,0,Unknown Behaviour
3,0,0,1,3,1.936,0.147,4,0,0,0,1,0,Unknown Behaviour
51,49,27,35,0,11.754,0.063,1,0,1,0,0,0,Credential Stuffing
25,25,11,21,0,9.545,0.221,0,0,0,1,0,0,Credential Stuffing
3,1,1,0,1,2.567,0.367,0,0,1,0,0,0,Exploit Attempt
5,0,0,0,2,1.94,0.126,4,0,1,0,0,0,Recon Scan
3,1,1,1,1,1.192,0.178,0,0,0,1,0,0,Malware Download
15,14,1,14,0,1.509,0.266,2,1,0,0,0,0,Brute Force
3,1,0,1,2,1.951,0.666,2,0,1,0,0,0,Malware Download
23,21,1,16,0,6.039,0.362,1,1,0,0,0,0,Brute Force
28,26,2,20,0,5.814,0.271,3,1,0,0,0,0,Brute Force
11,0,0,0,13,1.591,0.189,4,0,1,0,0,0,Recon Scan
10,0,0,0,7,1.248,0.108,6,0,0,0,0,1,Recon Scan
13,0,0,0,0,1.806,4.014,1,0,1,0,0,0,Unknown Behaviour
31,29,16,25,0,6.247,0.146,0,0,1,0,0,0,Credential Stuffing
9,0,0,0,6,2.01,0.095,3,0,0,1,0,0,Recon Scan
5,0,0,0,3,0.509,0.08,0,0,1,0,0,0,Malware Download
30,29,1,27,0,9.307,0.553,3,1,0,0,0,0,Brute Force
3,1,0,0,1,0.704,0.577,0,0,0,1,0,0,Malware Download
27,25,2,26,0,6.842,0.268,2,1,0,0,0,0,Brute Force
29,29,1,25,0,12.55,0.597,2,0,0,1,0,0,Brute Force
22,1,1,1,22,1.866,0.071,3,0,1,0,0,0,Web Enumeration
3,3,0,0,0,0.05,1.852,1,0,0,0,1,0,Unknown Behaviour
29,28,1,32,0,7.545,0.214,0,0,0,1,0,0,Brute Force
4,2,0,1,2,0.359,0.249,1,0,0,0,0,1,Exploit Attempt
23,21,10,18,0,5.159,0.043,5,0,1,0,0,0,Credential Stuffing
15,0,0,0,10,1.904,0.128,7,0,1,0,0,0,Recon Scan
5,1,0,0,1,1.314,0.163,0,0,1,0,0,0,Unknown Behaviour
3,1,0,1,1,0.647,0.627,0,0,1,0,0,0,Malware Download
5,0,0,1,4,1.788,0.549,1,0,1,0,0,0,Exploit Attempt
13,0,0,1,12,3.515,0.086,1,0,1,0,0,0,Web Enumeration
5,0,0,1,4,0.962,0.068,0,0,1,0,0,0,Exploit Attempt
35,35,1,33,0,11.617,0.204,2,1,0,0,0,0,Brute Force
5,1,1,0,3,1.691,0.61,0,0,0,1,0,0,Malware Download
3,2,0,1,5,4.84,1.404,1,0,1,0,0,0,Unknown Behaviour
13,11,2,9,0,5.583,0.168,2,0,0,1,0,0,Brute Force
5,6,0,1,1,1.528,1.223,2,0,0,1,0,0,Unknown Behaviour
4,1,1,1,3,0.651,0.491,0,0,1,0,0,0,Malware Download
17,1,1,1,17,1.84,0.079,4,0,1,0,0,0,Web Enumeration
16,4,0,0,2,3.317,1.901,2,0,1,0,0,0,Unknown Behaviour
32,31,27,21,0,6.082,0.341,2,0,1,0,0,0,Credential Stuffing
18,0,1,0,18,4.89,0.237,2,0,1,0,0,0,Web Enumeration
21,19,10,8,0,1.772,0.336,1,1,0,0,0,0,Credential Stuffing
5,0,0,0,3,0.241,0.611,1,0,1,0,0,0,Malware Download
9,2,0,0,3,5.277,2.055,2,0,0,1,0,0,Unknown Behaviour
10,3,2,1,0,1.815,3.744,2,0,0,1,0,0,Unknown Behaviour
16,0,0,0,11,1.002,0.015,2,0,1,0,0,0,Recon Scan
17,17,5,16,0,3.8,0.26,4,0,1,0,0,0,Credential Stuffing
4,1,0,1,2,0.855,0.601,0,0,1,0,0,0,Malware Download
28,26,14,23,0,6.014,0.24,1,0,1,0,0,0,Credential Stuffing
2,0,0,1,1,0.327,0.524,0,0,1,0,0,0,Malware Download
2,0,0,0,1,2.943,0.702,1,0,1,0,0,0,Exploit Attempt
18,1,0,1,17,3.121,0.271,5,0,1,0,0,0,Web Enumeration
9,2,1,1,3,8.131,0.611,0,0,0,1,0,0,Unknown Behaviour
12,3,0,0,6,1.213,3.708,1,0,1,0,0,0,Unknown Behaviour
26,1,0,1,26,5.675,0.091,2,0,1,0,0,0,Web Enumeration
11,3,2,1,1,10.783,2.514,1,1,0,0,0,0,Unknown Behaviour
4,0,0,1,1,1.975,1.088,2,0,1,0,0,0,Unknown Behaviour
2,1,1,1,1,2.163,0.41,0,0,1,0,0,0,Malware Download
18,0,0,0,12,1.148,0.124,9,0,0,0,1,0,Recon Scan
13,4,0,0,0,3.9,3.293,2,0,0,0,1,0,Unknown Behaviour
3,1,0,0,1,0.74,0.362,0,0,1,0,0,0,Malware Download
33,33,1,30,0,10.87,0.351,0,0,0,1,0,0,Brute Force
1,5,0,0,2,2.806,2.001,4,0,1,0,0,0,Unknown Behaviour
19,0,0,0,16,0.072,0.097,1,0,1,0,0,0,Recon Scan
26,0,0,1,25,3.69,0.154,5,0,1,0,0,0,Web Enumeration
8,0,0,0,8,0.597,0.147,4,0,1,0,0,0,Recon Scan
12,1,1,1,0,3.598,0.763,0,0,0,1,0,0,Unknown Behaviour
24,0,0,1,23,2.15,0.19,4,0,1,0,0,0,Web Enumeration
11,1,0,0,3,3.045,2.607,0,0,0,0,1,0,Unknown Behaviour
32,30,1,23,0,7.865,0.207,3,1,0,0,0,0,Brute Force
17,1,1,0,16,4.593,0.121,9,0,1,0,0,0,Web Enumeration
8,0,0,1,6,1.622,0.725,0,0,1,0,0,0,Exploit Attempt
6,0,0,0,5,1.122,0.261,1,0,1,0,0,0,Exploit Attempt
2,1,1,0,1,0.774,0.109,1,0,1,0,0,0,Malware Download
3,1,1,0,1,1.31,0.605,1,0,0,1,0,0,Malware Download
4,0,0,0,1,5.486,0.393,4,1,0,0,0,0,Unknown Behaviour
5,1,1,0,4,0.098,0.721,0,0,0,1,0,0,Exploit Attempt
25,0,1,0,24,3.578,0.145,2,0,1,0,0,0,Web Enumeration
1,2,2,0,6,0.752,0.955,0,0,0,0,0,1,Unknown Behaviour
26,24,15,29,0,4.557,0.156,3,0,1,0,0,0,Credential Stuffing
3,1,0,1,2,3.669,0.266,1,0,1,0,0,0,Exploit Attempt
2,1,1,1,1,0.239,0.419,0,0,1,0,0,0,Malware Download
4,1,1,0,3,1.138,0.389,0,0,0,1,0,0,Malware Download
11,1,1,0,11,2.662,0.135,3,0,1,0,0,0,Web Enumeration
21,0,0,0,17,0.94,0.123,0,0,0,0,1,0,Recon Scan
3,1,1,1,1,0.41,0.3,2,0,0,1,0,0,Malware Download
4,1,0,0,3,2.767,0.958,0,0,1,0,0,0,Unknown Behaviour
28,27,16,18,0,6.833,0.337,4,0,1,0,0,0,Credential Stuffing
23,23,1,22,0,5.066,0.31,2,1,0,0,0,0,Brute Force
24,1,0,0,23,4.033,0.154,7,0,1,0,0,0,Web Enumeration
13,12,1,7,0,6.001,0.361,2,1,0,0,0,0,Brute Force
23,1,1,0,22,3.658,0.242,0,0,1,0,0,0,Web Enumeration
27,26,18,23,0,7.308,0.157,1,0,1,0,0,0,Credential Stuffing
25,1,0,0,25,1.307,0.014,2,0,1,0,0,0,Web Enumeration
27,0,1,1,26,5.648,0.086,2,0,1,0,0,0,Web Enumeration
3,1,0,1,1,0.87,0.378,1,0,1,0,0,0,Malware Download
7,0,0,0,0,3.111,0.227,3,0,0,0,0,1,Recon Scan
6,0,0,0,4,0.517,0.386,0,0,1,0,0,0,Exploit Attempt
10,4,0,0,7,2.41,2.34,0,0,0,0,1,0,Unknown Behaviour
32,31,1,26,0,10.382,0.176,1,0,0,1,0,0,Brute Force
12,0,0,0,12,1.989,0.109,2,0,1,0,0,0,Recon Scan
27,25,9,22,0,7.236,0.169,1,0,1,0,0,0,Credential Stuffing
4,0,0,1,2,1.499,0.378,0,0,0,1,0,0,Malware Download
3,1,1,1,1,1.754,0.597,0,0,1,0,0,0,Malware Download
30,30,1,27,0,7.436,0.171,3,0,0,0,1,0,Brute Force
3,0,0,1,0,8.869,0.415,1,1,0,0,0,0,Unknown Behaviour
2,0,1,1,1,0.765,0.441,1,0,0,1,0,0,Malware Download
33,33,1,26,0,9.047,0.094,1,1,0,0,0,0,Brute Force
5,0,1,1,3,2.265,0.273,1,0,1,0,0,0,Exploit Attempt
2,1,1,0,1,2.628,0.624,1,0,0,0,0,1,Exploit Attempt
5,1,1,0,3,1.792,0.385,0,0,0,1,0,0,Malware Download
5,1,1,1,1,4.966,1.713,0,0,0,0,1,0,Unknown Behaviour
21,20,3,17,0,9.09,0.271,2,0,0,1,0,0,Brute Force
31,0,1,1,31,3.959,0.221,5,0,1,0,0,0,Web Enumeration
25,23,1,21,0,3.327,0.233,3,0,0,1,0,0,Brute Force
48,47,27,36,0,11.11,0.067,1,0,0,1,0,0,Credential Stuffing
24,24,1,22,0,9.383,0.373,2,0,0,0,1,0,Brute Force
27,27,1,27,0,2.622,0.233,1,1,0,0,0,0,Brute Force
15,1,1,1,14,4.85,0.058,1,0,1,0,0,0,Web Enumeration
5,2,1,0,3,3.28,0.187,0,0,1,0,0,0,Exploit Attempt
4,1,0,0,3,0.826,0.447,0,0,1,0,0,0,Exploit Attempt
6,0,1,1,5,1.324,0.766,2,0,0,0,0,1,Exploit Attempt
15,0,0,0,13,2.792,0.189,2,0,1,0,0,0,Recon Scan
10,0,0,0,6,1.21,0.11,2,0,1,0,0,0,Recon Scan
4,0,1,0,2,1.709,0.526,0,0,0,1,0,0,Malware Download
4,0,1,0,3,0.453,0.453,0,0,0,1,0,0,Malware Download
8,0,0,1,6,1.409,0.743,1,0,0,0,0,1,Exploit Attempt
7,5,2,4,0,0.138,0.449,0,1,0,0,0,0,Brute Force
3,0,0,1,5,0.891,4.114,1,0,0,0,1,0,Unknown Behaviour
3,5,2,0,9,4.813,0.032,2,0,0,0,0,1,Unknown Behaviour
5,0,2,0,1,0.008,1.062,0,0,0,0,1,0,Unknown Behaviour
22,1,0,1,22,3.787,0.187,1,0,1,0,0,0,Web Enumeration
2,1,1,1,1,1.277,0.083,0,0,1,0,0,0,Malware Download
3,1,1,0,2,1.256,0.413,0,0,0,1,0,0,Malware Download
30,1,1,0,29,2.76,0.106,6,0,1,0,0,0,Web Enumeration
9,1,1,1,8,4.171,0.026,0,0,1,0,0,0,Web Enumeration
18,0,0,0,15,2.152,0.131,3,0,1,0,0,0,Recon Scan
3,0,2,1,4,0.23,2.689,2,0,0,0,0,1,Unknown Behaviour
30,29,1,25,0,8.835,0.427,4,0,0,1,0,0,Brute Force
8,3,1,0,2,0.647,3.303,1,0,0,0,0,1,Unknown Behaviour
3,1,1,0,1,0.847,0.428,0,0,0,0,0,1,Exploit Attempt
10,0,0,0,10,0.743,0.192,0,0,1,0,0,0,Web Enumeration
7,1,0,0,4,0.585,1.94,1,0,0,0,1,0,Unknown Behaviour
7,0,0,0,5,1.728,0.226,7,0,0,0,0,1,Recon Scan
4,3,1,1,2,1.859,1.893,3,0,0,0,0,1,Unknown Behaviour
28,28,19,22,0,5.22,0.234,1,0,1,0,0,0,Credential Stuffing
16,1,0,1,0,2.922,0.832,0,0,0,0,0,1,Unknown Behaviour
12,0,0,0,9,1.504,0.186,0,0,1,0,0,0,Recon Scan
15,0,0,0,13,1.354,0.08,4,0,1,0,0,0,Recon Scan
27,0,0,0,26,2.118,0.182,2,0,1,0,0,0,Web Enumeration
21,19,1,15,0,1.466,0.292,0,1,0,0,0,0,Brute Force
5,0,0,0,3,2.844,1.653,0,0,1,0,0,0,Unknown Behaviour
2,0,1,1,1,0.953,0.762,0,0,0,1,0,0,Malware Download
25,0,0,0,25,4.465,0.143,1,0,1,0,0,0,Web Enumeration
21,20,18,10,0,0.762,0.117,2,0,1,0,0,0,Credential Stuffing
25,23,8,20,0,4.592,0.152,1,0,0,1,0,0,Credential Stuffing
29,27,1,21,0,4.603,0.43,2,1,0,0,0,0,Brute Force
12,0,0,0,7,0.971,0.104,4,0,1,0,0,0,Recon Scan
9,1,0,0,2,6.83,2.162,1,0,0,0,0,1,Unknown Behaviour
19,19,4,15,0,3.403,0.143,4,0,1,0,0,0,Credential Stuffing
13,0,0,0,11,1.588,0.111,3,0,1,0,0,0,Recon Scan
8,0,0,0,6,1.787,0.756,0,0,1,0,0,0,Exploit Attempt
19,18,1,18,0,10.999,0.245,0,1,0,0,0,0,Brute Force
2,1,1,0,1,1.968,0.398,0,0,1,0,0,0,Malware Download
16,0,0,0,13,2.463,0.114,2,0,1,0,0,0,Recon Scan
12,0,0,1,12,3.701,0.186,2,0,1,0,0,0,Web Enumeration
3,4,1,0,1,0.255,0.703,0,0,0,0,1,0,Unknown Behaviour
31,31,1,27,0,5.822,0.142,2,1,0,0,0,0,Brute Force
3,1,0,0,2,1.08,0.317,1,0,1,0,0,0,Malware Download
6,5,2,5,0,1.295,0.546,2,1,0,0,0,0,Brute Force
35,33,14,29,0,7.802,0.145,1,0,0,1,0,0,Credential Stuffing
12,12,1,8,0,3.643,0.544,5,0,0,0,1,0,Brute Force
8,1,1,0,7,1.432,0.443,0,0,1,0,0,0,Exploit Attempt
27,1,1,1,26,0.95,0.129,5,0,1,0,0,0,Web Enumeration
28,27,1,22,0,8.352,0.239,0,1,0,0,0,0,Brute Force
12,0,0,0,7,0.68,0.081,0,0,0,0,1,0,Recon Scan
6,1,0,1,4,2.225,0.399,1,0,0,0,0,1,Exploit Attempt
7,1,0,1,5,0.883,0.317,2,0,1,0,0,0,Exploit Attempt
6,0,0,1,4,1.746,0.302,2,0,1,0,0,0,Exploit Attempt
2,0,0,1,1,1.605,0.552,2,0,0,1,0,0,Malware Download
22,22,1,15,0,4.956,0.313,0,1,0,0,0,0,Brute Force
23,0,1,1,22,0.646,0.012,3,0,1,0,0,0,Web Enumeration
8,0,0,0,6,1.89,0.125,5,0,0,1,0,0,Recon Scan
3,0,1,0,1,2.368,0.195,1,0,1,0,0,0,Malware Download
3,0,0,0,1,0.68,0.102,3,0,0,0,0,1,Recon Scan
25,23,1,23,0,7.754,0.233,2,1,0,0,0,0,Brute Force
11,0,0,0,12,1.018,0.15,4,0,1,0,0,0,Recon Scan
4,1,0,1,2,1.755,0.156,0,0,1,0,0,0,Exploit Attempt
10,0,0,0,6,1.511,0.085,1,0,1,0,0,0,Recon Scan
8,1,1,0,0,6.635,1.951,0,0,1,0,0,0,Unknown Behaviour
47,45,30,27,0,8.829,0.241,2,0,1,0,0,0,Credential Stuffing
8,3,0,0,1,3.061,2.32,0,0,0,0,1,0,Unknown Behaviour
26,24,1,19,0,5.305,0.754,0,1,0,0,0,0,Brute Force
10,0,0,0,6,1.263,0.078,4,0,1,0,0,0,Recon Scan
39,39,14,33,0,12.944,0.262,0,0,0,1,0,0,Credential Stuffing
17,0,0,0,15,0.781,0.025,1,0,0,1,0,0,Recon Scan
7,0,0,0,4,4.258,1.397,1,0,1,0,0,0,Unknown Behaviour
7,2,1,1,5,3.104,0.701,1,0,1,0,0,0,Exploit Attempt
48,48,29,39,0,9.874,0.075,1,0,0,1,0,0,Credential Stuffing
20,1,1,0,20,2.536,0.119,4,0,1,0,0,0,Web Enumeration
13,0,0,0,11,0.349,0.096,5,0,0,0,1,0,Recon Scan
23,22,1,25,0,5.614,0.228,4,0,0,0,1,0,Brute Force
30,30,1,22,0,6.752,0.301,0,0,0,1,0,0,Brute Force
10,0,0,0,7,1.814,0.088,5,0,1,0,0,0,Recon Scan
13,0,0,0,8,0.09,0.004,1,0,0,0,0,1,Recon Scan
13,2,1,1,2,5.28,4.729,0,1,0,0,0,0,Unknown Behaviour
2,0,0,1,1,2.941,1.183,2,0,0,1,0,0,Exploit Attempt
3,1,0,0,1,2.076,0.258,0,0,1,0,0,0,Exploit Attempt
5,2,0,0,4,3.25,1.219,0,0,0,1,0,0,Exploit Attempt
16,1,0,1,15,3.665,0.198,5,0,1,0,0,0,Web Enumeration
9,0,0,0,7,1.505,0.511,1,0,0,0,0,1,Exploit Attempt
17,0,0,0,12,1.065,0.076,5,0,1,0,0,0,Recon Scan
6,0,0,1,5,2.859,0.544,1,0,0,1,0,0,Exploit Attempt
31,29,1,26,0,13.098,0.297,0,1,0,0,0,0,Brute Force
2,1,0,0,1,1.37,0.728,0,0,1,0,0,0,Malware Download
4,1,1,0,2,1.01,0.415,0,0,0,1,0,0,Malware Download
12,0,0,0,9,2.714,0.034,4,0,0,1,0,0,Recon Scan
49,49,33,38,0,9.227,0.055,3,0,1,0,0,0,Credential Stuffing
3,0,0,0,2,0.382,0.081,5,0,1,0,0,0,Recon Scan
9,0,1,1,1,3.858,2.134,0,0,0,1,0,0,Unknown Behaviour
9,0,1,0,0,0.273,0.597,1,0,0,0,1,0,Unknown Behaviour
23,23,14,13,0,5.458,0.313,1,1,0,0,0,0,Credential Stuffing
12,3,0,0,1,1.025,0.554,0,0,0,0,0,1,Unknown Behaviour
6,1,0,0,4,2.329,0.155,0,0,1,0,0,0,Exploit Attempt
17,0,0,0,14,2.105,0.162,9,0,1,0,0,0,Recon Scan
12,0,0,0,0,6.019,1.552,0,0,0,0,0,1,Unknown Behaviour
12,0,0,0,11,0.938,0.069,1,0,0,0,0,1,Recon Scan
7,0,0,1,5,2.926,0.432,1,0,0,0,0,1,Exploit Attempt
31,29,1,25,0,11.8,0.235,2,1,0,0,0,0,Brute Force
32,31,1,31,0,10.848,0.059,1,0,0,1,0,0,Brute Force
16,0,0,0,15,0.092,0.115,6,0,1,0,0,0,Recon Scan
2,1,0,1,1,1.319,0.546,0,0,1,0,0,0,Malware Download
15,0,0,0,15,2.062,0.156,4,0,1,0,0,0,Web Enumeration
4,0,1,1,3,0.554,0.219,1,0,0,1,0,0,Malware Download
14,13,2,12,0,1.4,0.249,2,0,0,0,1,0,Brute Force
33,31,1,27,0,9.076,0.284,1,0,0,0,1,0,Brute Force
13,3,0,1,2,7.541,1.081,0,0,0,1,0,0,Unknown Behaviour
39,38,25,32,0,7.747,0.148,0,0,1,0,0,0,Credential Stuffing
15,0,1,0,15,3.652,0.161,1,0,1,0,0,0,Web Enumeration
8,0,1,1,6,4.074,0.114,0,0,1,0,0,0,Exploit Attempt
38,37,19,29,0,6.8,0.087,2,0,1,0,0,0,Credential Stuffing
4,1,1,1,3,1.613,0.639,1,0,0,1,0,0,Malware Download
12,0,0,0,10,1.007,0.009,2,1,0,0,0,0,Recon Scan
2,0,0,1,1,2.09,0.577,0,0,0,1,0,0,Exploit Attempt
6,0,0,1,5,1.121,0.394,0,0,0,1,0,0,Exploit Attempt
15,0,0,0,14,1.324,0.163,2,0,1,0,0,0,Web Enumeration
10,10,1,14,0,2.768,0.04,1,0,0,0,1,0,Brute Force
24,1,0,1,24,0.817,0.113,0,0,1,0,0,0,Web Enumeration
3,0,0,1,2,1.055,0.356,0,0,0,0,0,1,Exploit Attempt
29,27,13,20,0,2.872,0.221,1,0,0,1,0,0,Credential Stuffing
23,0,1,1,22,4.817,0.243,3,0,1,0,0,0,Web Enumeration
2,0,1,1,1,0.543,0.242,1,0,0,1,0,0,Malware Download
5,2,0,0,4,1.15,0.226,0,0,0,0,0,1,Exploit Attempt
11,0,0,0,12,2.324,0.108,3,0,1,0,0,0,Recon Scan
10,8,4,14,0,1.298,0.119,1,0,1,0,0,0,Credential Stuffing
3,1,1,0,2,0.297,0.382,2,0,0,1,0,0,Malware Download
11,0,0,0,0,6.764,0.557,0,0,0,1,0,0,Unknown Behaviour
13,2,1,0,6,1.6,0.711,1,0,0,0,1,0,Unknown Behaviour
15,0,0,0,10,0.308,0.177,4,0,0,1,0,0,Recon Scan
6,3,0,2,5,1.389,3.697,0,0,0,0,1,0,Unknown Behaviour
6,2,2,1,1,1.718,1.271,0,1,0,0,0,0,Unknown Behaviour
30,30,18,27,0,6.786,0.246,2,0,0,1,0,0,Credential Stuffing
25,1,1,0,24,2.558,0.095,4,0,1,0,0,0,Web Enumeration
32,0,1,0,32,2.66,0.158,3,0,1,0,0,0,Web Enumeration
48,47,30,33,0,7.944,0.337,3,0,1,0,0,0,Credential Stuffing
45,45,24,36,0,7.871,0.278,1,0,0,1,0,0,Credential Stuffing
23,23,12,17,0,5.57,0.076,0,0,1,0,0,0,Credential Stuffing
44,42,22,33,0,8.642,0.353,2,0,1,0,0,0,Credential Stuffing
21,20,17,16,0,3.697,0.259,0,0,0,1,0,0,Credential Stuffing
34,33,2,31,0,7.893,0.492,0,0,0,0,1,0,Brute Force
13,0,0,0,4,1.883,0.082,0,0,0,0,0,1,Recon Scan
7,2,0,0,6,2.698,0.735,3,0,1,0,0,0,Exploit Attempt
3,2,0,0,1,1.787,0.564,1,0,0,1,0,0,Unknown Behaviour
20,18,6,10,0,0.936,0.28,2,1,0,0,0,0,Credential Stuffing
3,0,0,2,3,3.155,2.945,0,0,1,0,0,0,Unknown Behaviour
28,1,0,1,28,3.754,0.174,3,0,1,0,0,0,Web Enumeration
8,0,0,0,5,0.507,0.006,0,0,0,0,0,1,Unknown Behaviour
2,0,1,0,1,1.051,0.06,0,0,1,0,0,0,Malware Download
35,35,19,33,0,4.144,0.364,1,0,1,0,0,0,Credential Stuffing
5,2,1,0,4,1.144,0.925,2,0,0,0,0,1,Exploit Attempt
22,1,1,0,21,4.629,0.225,0,0,1,0,0,0,Web Enumeration
24,24,20,20,0,4.349,0.276,2,1,0,0,0,0,Credential Stuffing
3,1,1,0,1,1.107,0.694,0,0,0,1,0,0,Malware Download
6,0,0,0,4,2.529,0.011,4,0,0,1,0,0,Recon Scan
16,0,1,0,16,1.246,0.204,5,0,1,0,0,0,Web Enumeration
3,1,0,0,2,1.233,0.208,0,0,0,1,0,0,Malware Download
13,1,2,1,0,0.343,2.865,0,0,1,0,0,0,Unknown Behaviour
16,1,0,0,16,0.021,0.15,3,0,1,0,0,0,Web Enumeration
9,0,0,0,5,1.96,0.149,4,0,0,0,0,1,Recon Scan
25,1,1,0,24,4.908,0.173,2,0,1,0,0,0,Web Enumeration
23,23,1,23,0,7.362,0.335,0,1,0,0,0,0,Brute Force
17,16,1,12,0,6.095,0.274,2,1,0,0,0,0,Brute Force
5,1,1,0,3,1.473,0.147,0,0,1,0,0,0,Malware Download
5,2,1,1,4,1.05,0.144,1,0,0,1,0,0,Exploit Attempt
20,0,0,0,19,2.381,0.186,1,0,1,0,0,0,Web Enumeration
7,3,0,0,1,1.677,2.158,3,0,0,0,0,1,Unknown Behaviour
11,0,0,0,7,1.42,0.016,1,0,1,0,0,0,Recon Scan
11,0,0,0,5,0.116,0.124,2,0,1,0,0,0,Recon Scan
4,2,1,1,3,1.177,0.33,0,0,0,0,0,1,Exploit Attempt
17,16,12,12,0,5.523,0.129,0,0,1,0,0,0,Credential Stuffing
33,31,2,30,0,10.453,0.263,1,1,0,0,0,0,Brute Force
11,0,0,0,8,0.746,0.048,1,0,0,1,0,0,Recon Scan
22,20,2,20,0,4.587,0.19,1,0,0,1,0,0,Brute Force
28,28,20,19,0,5.84,0.245,1,0,1,0,0,0,Credential Stuffing
4,0,1,1,3,1.002,0.493,0,0,0,1,0,0,Malware Download
24,0,0,0,24,4.598,0.109,0,0,1,0,0,0,Web Enumeration
23,22,1,18,0,9.689,0.199,1,0,0,0,1,0,Brute Force
13,0,0,0,14,1.966,0.081,2,0,0,1,0,0,Recon Scan
4,0,0,1,2,0.664,0.605,0,0,0,1,0,0,Malware Download
2,1,0,1,1,0.58,0.285,0,0,0,1,0,0,Malware Download
4,1,1,1,2,0.893,0.407,0,0,0,1,0,0,Malware Download
2,1,0,1,1,1.199,0.294,0,0,0,1,0,0,Malware Download
23,22,2,22,0,7.591,0.322,2,0,0,0,1,0,Brute Force
6,1,0,0,4,0.536,0.613,0,0,0,0,0,1,Exploit Attempt
44,43,24,26,0,9.505,0.266,0,0,1,0,0,0,Credential Stuffing
4,0,0,0,2,0.892,0.894,2,0,0,1,0,0,Exploit Attempt
2,0,0,0,1,0.371,0.239,1,0,1,0,0,0,Malware Download
2,1,1,1,1,0.441,0.161,0,0,0,1,0,0,Malware Download
4,0,0,0,3,2.186,0.572,0,0,1,0,0,0,Exploit Attempt
2,1,1,0,1,1.239,0.333,0,0,0,1,0,0,Malware Download
5,1,0,1,3,0.456,0.705,0,0,0,1,0,0,Malware Download
11,0,0,0,9,2.267,0.106,4,1,0,0,0,0,Recon Scan
3,0,0,0,2,0.835,0.69,0,0,0,1,0,0,Malware Download
17,0,1,0,16,4.0,0.148,3,0,1,0,0,0,Web Enumeration
7,0,0,0,4,2.571,0.13,3,0,1,0,0,0,Recon Scan
3,2,0,0,1,0.35,0.519,0,0,0,0,0,1,Exploit Attempt
16,0,0,0,13,1.0,0.124,2,0,1,0,0,0,Recon Scan
9,0,0,0,9,3.687,0.205,2,0,1,0,0,0,Web Enumeration
2,0,0,0,1,0.986,0.775,0,0,1,0,0,0,Malware Download
4,0,2,0,3,0.607,0.177,0,0,0,0,1,0,Unknown Behaviour
18,16,1,17,0,6.014,0.311,0,0,0,0,1,0,Brute Force
27,26,2,21,0,7.862,0.297,1,1,0,0,0,0,Brute Force
11,4,0,1,3,2.309,1.022,1,0,0,0,0,1,Unknown Behaviour
42,40,1,34,0,15.318,0.122,0,1,0,0,0,0,Brute Force
7,1,1,0,5,2.955,0.819,0,0,1,0,0,0,Exploit Attempt
25,25,16,18,0,5.877,0.234,1,0,1,0,0,0,Credential Stuffing
26,25,2,22,0,7.593,0.503,2,0,0,0,1,0,Brute Force
17,1,1,1,17,5.962,0.027,3,0,1,0,0,0,Web Enumeration
5,1,1,0,3,2.594,0.578,0,0,0,0,0,1,Exploit Attempt
12,1,0,1,11,3.341,0.018,1,0,1,0,0,0,Web Enumeration
15,0,0,0,13,2.054,0.216,3,0,0,0,1,0,Recon Scan
11,0,0,0,0,4.154,0.182,2,0,0,0,1,0,Unknown Behaviour
8,2,0,0,3,2.414,0.14,0,0,0,1,0,0,Unknown Behaviour
10,0,0,0,0,0.232,0.786,0,0,1,0,0,0,Unknown Behaviour
17,1,0,0,17,1.971,0.112,0,0,1,0,0,0,Web Enumeration
6,1,1,1,5,0.325,0.522,1,0,1,0,0,0,Exploit Attempt
5,0,0,0,4,1.732,0.087,0,0,0,1,0,0,Exploit Attempt
13,0,0,0,10,2.19,0.079,4,0,1,0,0,0,Recon Scan
28,26,1,28,0,10.211,0.355,0,0,0,1,0,0,Brute Force
11,1,0,1,4,0.387,1.348,0,0,0,1,0,0,Unknown Behaviour
25,1,1,0,24,4.903,0.215,1,0,1,0,0,0,Web Enumeration
6,1,0,0,4,2.283,0.229,1,0,1,0,0,0,Exploit Attempt
16,0,0,0,12,1.044,0.122,5,0,0,0,0,1,Recon Scan
3,2,1,1,1,0.346,0.415,3,0,1,0,0,0,Exploit Attempt
3,1,0,0,1,2.467,2.085,2,0,0,0,0,1,Unknown Behaviour
18,0,1,1,18,2.315,0.128,2,0,1,0,0,0,Web Enumeration
15,0,0,0,9,2.282,0.09,6,0,1,0,0,0,Recon Scan
9,0,0,2,0,6.92,3.17,1,0,0,0,1,0,Unknown Behaviour
18,1,1,0,18,0.917,0.053,3,0,1,0,0,0,Web Enumeration
18,0,1,1,17,2.714,0.122,5,0,1,0,0,0,Web Enumeration
49,47,31,39,0,7.263,0.221,2,0,1,0,0,0,Credential Stuffing
6,1,0,1,4,2.253,0.609,1,0,1,0,0,0,Exploit Attempt
22,22,1,15,0,7.866,0.182,6,1,0,0,0,0,Brute Force
4,1,1,0,3,1.104,0.783,1,0,1,0,0,0,Malware Download
17,17,1,16,0,4.241,0.347,1,1,0,0,0,0,Brute Force
2,2,1,1,1,1.575,0.227,0,0,0,1,0,0,Exploit Attempt
20,0,0,1,20,3.617,0.054,1,0,1,0,0,0,Web Enumeration
24,1,1,0,23,0.519,0.187,1,0,1,0,0,0,Web Enumeration
14,13,2,9,0,4.236,0.428,0,1,0,0,0,0,Brute Force
17,1,0,1,16,0.29,0.132,0,0,1,0,0,0,Web Enumeration
11,11,3,7,0,5.261,0.446,0,0,0,1,0,0,Brute Force
31,30,16,19,0,8.165,0.123,1,0,1,0,0,0,Credential Stuffing
2,1,1,1,1,5.293,0.536,2,0,1,0,0,0,Unknown Behaviour
6,0,0,1,3,0.433,2.272,0,1,0,0,0,0,Unknown Behaviour
6,1,1,0,5,0.267,0.582,0,0,0,1,0,0,Exploit Attempt
36,34,21,22,0,4.802,0.24,4,0,0,1,0,0,Credential Stuffing
10,0,0,0,7,1.385,0.058,5,0,1,0,0,0,Recon Scan
4,1,0,0,2,0.846,0.217,1,0,1,0,0,0,Malware Download
21,20,1,19,0,1.8,0.182,3,0,0,0,1,0,Brute Force
33,1,1,0,32,4.284,0.08,2,0,1,0,0,0,Web Enumeration
4,2,1,1,3,2.518,0.147,0,0,0,1,0,0,Exploit Attempt
6,1,1,1,5,1.802,0.243,1,0,1,0,0,0,Exploit Attempt
4,1,0,0,3,0.624,0.072,0,0,0,1,0,0,Malware Download
23,21,3,17,0,5.163,0.29,2,1,0,0,0,0,Brute Force
4,0,1,1,2,0.69,0.217,0,0,1,0,0,0,Malware Download
4,0,1,0,2,0.547,0.118,1,0,1,0,0,0,Exploit Attempt
7,1,0,0,5,1.361,0.428,1,0,0,1,0,0,Exploit Attempt
5,1,1,1,3,1.835,0.318,0,0,0,1,0,0,Malware Download
25,23,15,12,0,3.431,0.149,5,0,1,0,0,0,Credential Stuffing
23,0,1,0,22,5.076,0.137,4,0,1,0,0,0,Web Enumeration
6,0,0,0,4,2.238,0.59,0,0,1,0,0,0,Exploit Attempt
3,1,0,0,2,1.7,0.104,0,0,0,1,0,0,Malware Download
6,1,1,0,5,2.494,0.249,2,0,1,0,0,0,Web Enumeration
35,33,3,26,0,7.856,0.168,4,1,0,0,0,0,Brute Force
8,0,0,0,6,0.1,0.062,4,0,1,0,0,0,Recon Scan
9,2,0,0,7,2.79,0.276,1,0,0,0,0,1,Exploit Attempt
5,0,0,0,4,2.8,1.992,0,1,0,0,0,0,Unknown Behaviour
3,1,1,1,1,0.152,0.251,0,0,1,0,0,0,Malware Download
2,0,0,1,1,1.23,0.207,0,0,1,0,0,0,Malware Download
9,0,0,0,7,1.098,0.112,4,0,1,0,0,0,Recon Scan
22,21,8,18,0,6.95,0.16,1,1,0,0,0,0,Credential Stuffing
16,0,0,0,13,1.657,0.09,5,0,1,0,0,0,Recon Scan
19,19,1,12,0,5.044,0.288,1,1,0,0,0,0,Brute Force
5,1,1,0,3,1.824,0.768,0,0,0,1,0,0,Malware Download
7,0,1,0,5,2.878,0.938,0,0,0,0,0,1,Exploit Attempt
38,38,23,32,0,6.216,0.176,1,0,1,0,0,0,Credential Stuffing
13,13,1,12,0,4.699,0.245,0,1,0,0,0,0,Brute Force
12,0,0,0,9,2.973,0.023,1,0,1,0,0,0,Recon Scan
32,32,15,24,0,7.044,0.141,5,0,1,0,0,0,Credential Stuffing
4,1,1,0,3,0.405,0.217,1,0,1,0,0,0,Malware Download
44,44,25,28,0,5.561,0.016,2,0,1,0,0,0,Credential Stuffing
32,31,2,27,0,10.235,0.376,4,1,0,0,0,0,Brute Force
3,1,1,1,2,1.617,0.535,0,0,0,1,0,0,Malware Download
21,21,1,16,0,7.143,0.286,1,1,0,0,0,0,Brute Force
45,45,26,31,0,10.982,0.41,0,0,1,0,0,0,Credential Stuffing
30,28,22,22,0,4.81,0.144,1,1,0,0,0,0,Credential Stuffing
28,26,1,27,0,3.98,0.108,0,1,0,0,0,0,Brute Force
41,41,19,27,0,10.713,0.227,1,1,0,0,0,0,Credential Stuffing
30,1,0,1,30,1.899,0.239,5,0,1,0,0,0,Web Enumeration
5,2,1,1,3,2.257,2.227,2,0,0,0,0,1,Unknown Behaviour
4,1,0,0,3,1.905,0.252,0,0,0,0,1,0,Unknown Behaviour
7,0,1,0,7,6.087,0.169,1,0,1,0,0,0,Web Enumeration
6,4,0,0,7,1.568,4.67,2,0,0,1,0,0,Unknown Behaviour
14,1,0,1,0,3.602,0.924,4,0,1,0,0,0,Unknown Behaviour
29,28,15,20,0,10.615,0.123,1,0,1,0,0,0,Credential Stuffing
16,1,1,0,15,1.251,0.134,2,0,1,0,0,0,Web Enumeration
3,1,0,1,1,0.543,0.402,0,0,0,1,0,0,Malware Download
8,0,1,0,5,2.241,1.208,0,0,1,0,0,0,Unknown Behaviour
3,1,1,0,1,1.557,0.592,1,0,1,0,0,0,Malware Download
4,0,0,1,2,1.4,0.604,0,0,0,1,0,0,Malware Download
3,1,1,0,2,1.769,0.391,1,0,0,1,0,0,Malware Download
1,0,0,0,3,3.723,0.009,0,0,0,1,0,0,Unknown Behaviour
8,1,1,1,6,2.72,1.06,0,0,1,0,0,0,Exploit Attempt
28,0,0,0,28,0.782,0.144,5,0,1,0,0,0,Web Enumeration
25,0,0,0,24,1.255,0.264,0,0,1,0,0,0,Web Enumeration
32,31,1,29,0,7.769,0.213,1,1,0,0,0,0,Brute Force
5,2,1,1,4,1.506,0.737,0,0,0,0,0,1,Exploit Attempt
15,0,0,0,14,2.526,0.102,2,0,1,0,0,0,Recon Scan
15,0,0,0,8,0.474,0.114,3,1,0,0,0,0,Recon Scan
26,0,0,0,26,3.325,0.203,3,0,1,0,0,0,Web Enumeration
3,0,1,0,2,2.682,1.165,0,0,1,0,0,0,Unknown Behaviour
12,0,0,0,11,1.874,0.132,1,0,1,0,0,0,Recon Scan
10,0,0,0,8,1.188,0.152,2,0,0,0,0,1,Recon Scan
21,0,0,1,21,2.854,0.034,2,0,1,0,0,0,Web Enumeration
16,15,14,9,0,3.932,0.116,3,0,1,0,0,0,Credential Stuffing
24,0,0,0,23,2.918,0.078,0,0,1,0,0,0,Web Enumeration
2,1,0,0,2,1.243,1.979,1,0,1,0,0,0,Unknown Behaviour
36,35,21,29,0,8.205,0.08,1,0,0,1,0,0,Credential Stuffing
4,0,1,0,3,1.828,0.65,1,0,0,1,0,0,Malware Download
7,3,0,1,3,5.601,2.203,2,0,0,1,0,0,Unknown Behaviour
18,0,0,0,13,1.608,0.165,0,0,1,0,0,0,Recon Scan
23,1,0,0,22,4.377,0.222,6,0,1,0,0,0,Web Enumeration
12,1,1,0,0,2.694,0.187,1,0,0,0,1,0,Unknown Behaviour
8,5,0,0,4,4.089,0.134,4,1,0,0,0,0,Unknown Behaviour
18,16,6,11,0,1.748,0.094,0,0,1,0,0,0,Credential Stuffing
25,1,1,0,24,2.905,0.215,0,0,1,0,0,0,Web Enumeration
17,0,0,0,12,2.955,0.107,4,0,1,0,0,0,Recon Scan
5,0,0,1,4,0.32,0.215,0,1,0,0,0,0,Unknown Behaviour
25,0,1,1,24,3.162,0.102,2,0,1,0,0,0,Web Enumeration
35,35,25,27,0,6.725,0.242,2,1,0,0,0,0,Credential Stuffing
44,42,19,35,0,10.843,0.208,2,0,1,0,0,0,Credential Stuffing
3,1,1,1,2,1.061,0.499,0,0,1,0,0,0,Malware Download
5,2,1,0,1,0.328,0.124,2,0,0,0,1,0,Unknown Behaviour
20,20,11,16,0,3.388,0.367,0,1,0,0,0,0,Credential Stuffing
38,38,1,33,0,10.063,0.339,0,0,0,1,0,0,Brute Force
2,1,1,1,1,1.41,0.442,0,0,0,1,0,0,Malware Download
17,16,8,11,0,0.244,0.282,0,0,1,0,0,0,Credential Stuffing
14,2,1,0,3,2.077,0.145,0,0,0,0,0,1,Unknown Behaviour
4,0,0,1,2,1.21,0.375,0,0,0,1,0,0,Exploit Attempt
2,1,1,0,1,0.901,0.129,1,0,1,0,0,0,Malware Download
4,5,0,1,0,4.799,2.1,1,0,0,1,0,0,Unknown Behaviour
11,0,0,0,5,0.697,0.128,4,0,0,0,0,1,Recon Scan
10,0,0,0,7,1.31,0.044,5,0,0,0,0,1,Recon Scan
23,23,2,21,0,4.075,0.103,0,1,0,0,0,0,Brute Force
5,0,0,1,3,1.189,1.737,1,0,0,0,0,1,Unknown Behaviour
5,0,2,0,0,1.369,1.003,3,0,0,0,0,1,Unknown Behaviour
25,25,1,19,0,5.999,0.427,1,1,0,0,0,0,Brute Force
6,0,1,0,2,2.673,0.542,1,0,0,0,0,1,Unknown Behaviour
20,18,1,19,0,5.162,0.167,1,1,0,0,0,0,Brute Force
15,14,1,9,0,3.311,0.441,2,0,0,1,0,0,Brute Force
12,0,0,0,8,2.606,0.121,7,0,1,0,0,0,Recon Scan
18,0,0,1,18,4.732,0.175,2,0,1,0,0,0,Web Enumeration
3,1,1,2,1,1.312,0.478,1,0,0,0,0,1,Unknown Behaviour
11,2,0,1,1,0.894,2.686,1,0,1,0,0,0,Unknown Behaviour
13,0,0,0,11,0.973,0.048,8,0,1,0,0,0,Recon Scan
10,0,0,0,8,0.701,0.082,4,0,0,0,1,0,Recon Scan
23,1,0,0,23,3.871,0.212,1,0,1,0,0,0,Web Enumeration
9,1,1,0,8,2.059,0.28,2,0,1,0,0,0,Web Enumeration
15,0,0,0,10,1.044,0.031,1,0,1,0,0,0,Recon Scan
7,0,0,1,5,2.497,0.443,1,0,0,1,0,0,Exploit Attempt
24,22,2,20,0,3.908,0.067,4,0,0,0,1,0,Brute Force
3,0,1,1,1,1.543,0.506,0,0,0,1,0,0,Malware Download
3,0,1,0,1,2.025,0.507,0,0,0,1,0,0,Malware Download
10,0,0,0,8,0.421,0.124,3,0,0,0,0,1,Recon Scan
5,0,1,1,4,0.916,0.397,1,0,1,0,0,0,Exploit Attempt
19,19,1,12,0,8.52,0.198,5,0,0,0,1,0,Brute Force
2,0,0,0,1,1.378,0.517,0,0,0,1,0,0,Malware Download
14,1,1,0,5,3.079,2.02,1,0,0,1,0,0,Unknown Behaviour
10,1,0,1,3,1.773,0.002,2,0,0,1,0,0,Unknown Behaviour
5,1,1,1,3,0.562,0.445,0,0,0,1,0,0,Malware Download
8,0,0,1,6,2.271,0.847,0,0,0,1,0,0,Exploit Attempt
20,18,1,18,0,6.662,0.372,2,1,0,0,0,0,Brute Force
14,13,4,11,0,5.884,0.153,2,0,1,0,0,0,Credential Stuffing
7,0,0,0,9,0.541,0.137,0,0,0,0,0,1,Recon Scan
29,27,2,25,0,8.585,0.383,1,0,0,1,0,0,Brute Force
34,33,1,32,0,8.498,0.54,3,1,0,0,0,0,Brute Force
7,0,0,0,6,0.076,0.122,2,0,1,0,0,0,Recon Scan
11,0,0,0,6,1.262,0.087,4,0,1,0,0,0,Recon Scan
12,1,1,0,0,1.812,1.592,2,0,1,0,0,0,Unknown Behaviour
3,1,1,0,1,1.501,0.38,0,0,1,0,0,0,Malware Download
20,0,1,0,20,8.154,0.184,1,0,1,0,0,0,Web Enumeration
29,29,1,23,0,11.594,0.277,4,0,0,1,0,0,Brute Force
14,0,1,0,14,2.056,0.153,2,0,1,0,0,0,Web Enumeration
9,1,1,0,3,2.198,0.871,2,0,0,0,1,0,Unknown Behaviour
12,0,0,1,4,1.472,0.839,0,0,0,1,0,0,Unknown Behaviour
11,0,0,0,7,0.428,0.082,1,0,1,0,0,0,Recon Scan
20,0,0,0,15,1.919,0.163,6,0,1,0,0,0,Recon Scan
3,1,1,1,1,0.986,0.389,0,0,0,1,0,0,Malware Download
2,0,1,1,1,1.089,0.445,0,0,0,1,0,0,Malware Download
15,0,0,0,13,0.12,0.012,6,0,1,0,0,0,Recon Scan
10,0,1,0,4,1.399,2.499,0,0,0,0,0,1,Unknown Behaviour
4,0,1,1,2,1.173,0.623,0,0,0,1,0,0,Malware Download
4,1,0,0,3,3.537,0.323,2,0,1,0,0,0,Exploit Attempt
25,24,1,18,0,6.179,0.121,3,0,0,0,1,0,Brute Force
13,0,1,1,12,2.121,0.152,1,0,1,0,0,0,Web Enumeration
6,0,0,1,4,1.136,0.849,1,0,1,0,0,0,Exploit Attempt
19,17,1,14,0,3.586,0.276,4,1,0,0,0,0,Brute Force
24,22,2,26,0,5.894,0.237,2,0,0,1,0,0,Brute Force
29,28,19,19,0,5.873,0.349,0,0,0,1,0,0,Credential Stuffing
12,0,0,1,10,0.161,0.427,0,0,0,0,0,1,Exploit Attempt
2,0,0,1,1,0.896,0.365,1,0,1,0,0,0,Malware Download
5,1,0,1,3,1.239,0.009,0,0,1,0,0,0,Malware Download
7,0,1,1,6,1.379,0.331,0,0,0,0,0,1,Exploit Attempt
11,0,0,0,9,2.321,0.08,5,0,1,0,0,0,Recon Scan
10,9,3,4,0,3.922,0.197,2,1,0,0,0,0,Brute Force
2,1,0,0,1,4.493,0.884,0,0,1,0,0,0,Exploit Attempt
34,0,0,0,33,4.434,0.206,5,0,1,0,0,0,Web Enumeration
3,1,1,0,2,3.266,0.317,0,0,0,0,0,1,Exploit Attempt
11,0,0,0,7,0.826,0.064,2,0,1,0,0,0,Recon Scan
18,1,0,0,18,1.895,0.115,2,0,1,0,0,0,Web Enumeration
4,1,0,0,3,2.802,0.397,1,0,1,0,0,0,Exploit Attempt
7,0,0,1,5,0.374,0.58,1,0,0,0,0,1,Exploit Attempt
4,1,1,1,2,0.087,0.578,0,0,0,1,0,0,Malware Download
20,3,0,0,0,4.239,1.044,0,0,0,0,0,1,Unknown Behaviour
3,0,0,1,1,2.267,0.465,0,0,0,1,0,0,Malware Download
18,0,1,1,17,1.147,0.133,4,0,1,0,0,0,Web Enumeration
14,0,0,0,14,5.434,0.082,4,0,1,0,0,0,Web Enumeration
8,8,2,5,0,4.84,0.228,1,0,0,0,1,0,Brute Force
3,1,0,0,2,0.415,0.456,2,0,0,1,0,0,Malware Download
3,1,0,1,2,1.307,0.46,0,0,1,0,0,0,Malware Download
10,0,0,0,7,0.067,0.119,0,1,0,0,0,0,Recon Scan
29,27,19,20,0,5.068,0.233,0,1,0,0,0,0,Credential Stuffing
5,2,0,0,2,2.962,1.344,2,0,0,1,0,0,Unknown Behaviour
6,0,0,0,4,1.865,0.131,3,0,1,0,0,0,Recon Scan
5,4,0,1,1,3.82,2.581,0,0,0,1,0,0,Unknown Behaviour
10,4,1,1,0,0.27,2.58,1,0,1,0,0,0,Unknown Behaviour
28,28,2,27,0,9.577,0.285,2,1,0,0,0,0,Brute Force
12,0,0,0,9,2.576,0.058,4,0,1,0,0,0,Recon Scan
14,0,0,0,12,1.885,0.128,4,0,1,0,0,0,Recon Scan
3,0,1,0,1,0.426,0.337,0,0,0,1,0,0,Malware Download
12,0,0,0,9,1.291,0.12,6,0,0,0,1,0,Recon Scan
3,1,0,1,2,1.958,0.718,0,0,1,0,0,0,Malware Download
24,1,1,0,23,2.421,0.142,0,0,1,0,0,0,Web Enumeration
5,1,0,0,4,2.601,0.929,0,0,0,1,0,0,Exploit Attempt
27,0,0,0,26,2.559,0.053,3,0,1,0,0,0,Web Enumeration
33,31,18,28,0,7.102,0.423,3,0,0,1,0,0,Credential Stuffing
17,0,0,0,17,1.306,0.176,0,0,1,0,0,0,Web Enumeration
12,0,0,0,8,0.22,0.184,7,0,1,0,0,0,Recon Scan
5,0,0,0,3,2.663,0.155,2,0,0,1,0,0,Exploit Attempt
33,33,1,29,0,9.922,0.292,1,0,0,1,0,0,Brute Force
10,0,1,0,10,2.448,0.173,3,0,1,0,0,0,Web Enumeration
30,30,1,26,0,7.266,0.485,2,1,0,0,0,0,Brute Force
35,33,20,26,0,6.463,0.191,1,0,1,0,0,0,Credential Stuffing
20,1,1,1,19,2.695,0.03,0,0,1,0,0,0,Web Enumeration
4,1,1,0,2,0.46,0.619,1,0,1,0,0,0,Malware Download
31,29,19,20,0,0.8,0.092,1,0,1,0,0,0,Credential Stuffing
1,1,2,0,3,1.295,0.245,1,0,1,0,0,0,Unknown Behaviour
2,1,1,0,1,0.763,0.62,0,0,0,1,0,0,Malware Download
2,0,2,1,3,1.455,0.49,1,0,0,0,0,1,Unknown Behaviour
22,22,1,21,0,6.74,0.427,0,0,0,0,1,0,Brute Force
21,1,1,1,20,7.092,0.189,1,0,1,0,0,0,Web Enumeration
5,0,0,0,4,2.952,0.692,0,0,1,0,0,0,Exploit Attempt
24,24,7,22,0,1.593,0.229,0,1,0,0,0,0,Credential Stuffing
8,0,1,0,3,2.208,2.415,0,1,0,0,0,0,Unknown Behaviour
6,0,0,0,5,4.35,0.489,0,0,1,0,0,0,Exploit Attempt
3,0,1,0,1,0.542,0.155,0,0,1,0,0,0,Malware Download
31,31,2,30,0,11.804,0.292,3,1,0,0,0,0,Brute Force
6,0,0,0,4,0.953,0.257,0,0,0,0,0,1,Exploit Attempt
12,0,0,0,9,2.048,0.145,0,0,1,0,0,0,Recon Scan
31,29,20,22,0,3.469,0.385,1,1,0,0,0,0,Credential Stuffing
7,0,0,1,5,3.293,0.169,3,0,0,0,0,1,Exploit Attempt
6,2,0,1,4,2.635,0.418,1,0,0,0,0,1,Exploit Attempt
41,40,21,29,0,7.848,0.232,2,0,0,1,0,0,Credential Stuffing
6,1,0,0,4,0.965,0.453,0,0,1,0,0,0,Malware Download
22,1,0,1,21,4.094,0.245,2,0,1,0,0,0,Web Enumeration
5,0,1,1,3,1.016,0.473,2,0,1,0,0,0,Malware Download
27,25,16,18,0,5.538,0.094,0,0,0,1,0,0,Credential Stuffing
4,0,0,1,2,2.334,0.236,0,0,0,1,0,0,Exploit Attempt
3,0,1,1,2,1.285,0.538,0,0,1,0,0,0,Malware Download
18,0,0,0,18,0.524,0.202,0,0,1,0,0,0,Web Enumeration
2,1,1,0,1,1.256,0.451,0,0,1,0,0,0,Malware Download
6,0,0,0,6,0.102,0.067,7,0,1,0,0,0,Recon Scan
17,0,0,0,14,2.863,0.006,3,0,0,1,0,0,Recon Scan
3,0,1,0,1,2.741,0.111,0,0,0,0,0,1,Exploit Attempt
4,2,1,1,3,4.726,0.419,1,0,0,1,0,0,Exploit Attempt
4,0,0,1,2,3.171,0.371,1,0,0,0,0,1,Exploit Attempt
6,0,1,1,4,1.897,0.265,1,0,1,0,0,0,Exploit Attempt
22,1,1,1,21,3.688,0.109,5,0,1,0,0,0,Web Enumeration
9,0,0,1,5,3.531,1.482,2,0,0,0,0,1,Unknown Behaviour
27,25,1,21,0,7.612,0.258,1,0,0,1,0,0,Brute Force
7,0,0,0,7,2.126,0.037,7,0,1,0,0,0,Recon Scan
32,30,1,26,0,7.783,0.015,2,1,0,0,0,0,Brute Force
28,26,15,25,0,0.643,0.259,1,1,0,0,0,0,Credential Stuffing
5,2,1,0,4,2.516,0.177,0,0,1,0,0,0,Exploit Attempt
20,20,1,19,0,8.155,0.249,3,0,0,0,1,0,Brute Force
28,28,4,16,0,5.561,0.193,2,0,1,0,0,0,Credential Stuffing
10,0,0,0,7,1.579,0.066,5,0,1,0,0,0,Recon Scan
7,2,1,0,4,0.721,4.436,0,0,0,1,0,0,Unknown Behaviour
9,0,0,0,5,0.557,0.147,3,0,0,0,0,1,Recon Scan
2,0,0,0,1,1.201,0.315,0,0,1,0,0,0,Malware Download
25,0,1,0,25,1.938,0.183,2,0,1,0,0,0,Web Enumeration
17,0,1,0,2,2.742,0.5,4,0,0,0,0,1,Unknown Behaviour
7,2,0,0,6,1.825,2.733,3,0,0,0,1,0,Unknown Behaviour
11,0,0,0,11,1.995,0.149,6,0,0,0,1,0,Recon Scan
17,0,0,0,14,1.695,0.089,3,0,1,0,0,0,Recon Scan
36,0,1,0,35,1.942,0.232,4,0,1,0,0,0,Web Enumeration
31,29,2,23,0,9.873,0.329,0,0,0,1,0,0,Brute Force
14,14,8,11,0,2.871,0.226,4,1,0,0,0,0,Credential Stuffing
11,0,0,0,10,0.493,0.035,1,0,1,0,0,0,Recon Scan
4,0,1,0,2,0.728,0.648,0,0,0,1,0,0,Malware Download
17,17,2,15,0,7.12,0.254,1,1,0,0,0,0,Brute Force
2,0,0,1,1,0.288,0.541,2,0,0,1,0,0,Malware Download
17,0,1,1,17,3.687,0.089,3,0,1,0,0,0,Web Enumeration
3,0,0,0,1,1.619,0.216,0,0,0,1,0,0,Malware Download
13,0,0,0,7,2.355,0.06,5,0,1,0,0,0,Recon Scan
6,2,0,0,1,6.18,1.004,3,0,0,1,0,0,Unknown Behaviour
3,1,1,1,2,0.888,1.196,2,0,0,0,1,0,Unknown Behaviour
2,0,0,0,1,1.959,0.08,1,0,0,1,0,0,Malware Download
16,1,1,1,15,5.124,0.037,7,0,1,0,0,0,Web Enumeration
25,0,1,0,24,3.601,0.21,1,0,1,0,0,0,Web Enumeration
16,0,0,1,15,1.791,0.099,1,0,1,0,0,0,Web Enumeration
18,1,0,1,17,1.562,0.18,0,0,1,0,0,0,Web Enumeration
31,31,1,29,0,11.495,0.411,3,1,0,0,0,0,Brute Force
4,0,1,1,2,0.998,0.17,1,0,0,1,0,0,Malware Download
3,0,0,0,3,0.719,0.173,4,0,1,0,0,0,Recon Scan
7,0,1,1,7,3.291,0.022,3,0,1,0,0,0,Web Enumeration
36,34,1,30,0,11.7,0.359,1,1,0,0,0,0,Brute Force
6,1,0,0,4,2.591,0.03,0,0,0,1,0,0,Malware Download
28,0,1,1,27,1.348,0.211,1,0,1,0,0,0,Web Enumeration
18,16,2,12,0,5.249,0.109,1,1,0,0,0,0,Brute Force
24,24,1,16,0,5.309,0.503,4,0,0,1,0,0,Brute Force
19,19,11,17,0,0.879,0.111,0,1,0,0,0,0,Credential Stuffing
22,1,1,1,22,2.611,0.24,0,0,1,0,0,0,Web Enumeration
2,1,0,1,1,1.173,0.372,0,0,1,0,0,0,Malware Download
2,1,0,0,1,1.715,0.122,0,0,1,0,0,0,Malware Download
5,0,0,0,3,0.479,0.019,1,0,1,0,0,0,Exploit Attempt
7,1,0,0,1,2.274,0.622,1,0,0,0,1,0,Unknown Behaviour
3,3,1,0,5,1.565,0.084,0,0,1,0,0,0,Unknown Behaviour
8,0,0,0,7,0.595,0.081,6,0,1,0,0,0,Recon Scan
33,32,1,33,0,9.74,0.421,0,1,0,0,0,0,Brute Force
43,42,24,30,0,11.916,0.097,0,1,0,0,0,0,Credential Stuffing
19,1,0,0,19,4.83,0.105,4,0,1,0,0,0,Web Enumeration
13,0,0,0,12,1.655,0.118,4,0,1,0,0,0,Recon Scan
3,1,1,0,2,1.899,0.285,0,0,0,1,0,0,Malware Download
4,1,0,1,2,1.484,0.648,0,0,1,0,0,0,Malware Download
27,27,1,20,0,9.432,0.302,3,1,0,0,0,0,Brute Force
25,24,18,16,0,5.127,0.071,0,1,0,0,0,0,Credential Stuffing
38,37,1,36,0,12.219,0.08,0,0,0,1,0,0,Brute Force
6,2,0,1,4,1.913,0.19,0,0,1,0,0,0,Exploit Attempt
12,12,1,16,0,2.348,0.264,0,0,0,0,1,0,Brute Force
19,18,1,16,0,6.871,0.096,0,1,0,0,0,0,Brute Force
8,0,0,0,6,0.584,0.131,5,0,1,0,0,0,Recon Scan
23,23,7,15,0,6.089,0.162,2,0,1,0,0,0,Credential Stuffing
1,0,1,0,3,2.284,3.99,1,0,0,0,0,1,Unknown Behaviour
31,29,1,28,0,10.339,0.691,1,0,0,0,1,0,Brute Force
34,32,1,29,0,10.324,0.097,0,1,0,0,0,0,Brute Force
5,2,1,0,4,0.661,0.128,1,0,0,1,0,0,Exploit Attempt
7,1,0,1,6,2.011,0.255,0,0,0,0,0,1,Exploit Attempt
20,0,1,1,20,1.826,0.109,0,0,1,0,0,0,Web Enumeration
2,1,0,0,1,0.705,0.707,0,0,1,0,0,0,Malware Download
6,0,0,0,5,1.456,0.12,4,0,1,0,0,0,Web Enumeration
28,26,1,24,0,8.425,0.262,3,0,0,0,1,0,Brute Force
29,0,1,1,28,3.498,0.165,6,0,1,0,0,0,Web Enumeration
19,17,1,20,0,5.302,0.207,1,1,0,0,0,0,Brute Force
24,23,9,17,0,8.127,0.409,0,0,1,0,0,0,Credential Stuffing
2,1,1,1,1,1.208,0.676,0,0,1,0,0,0,Malware Download
14,0,0,0,7,1.096,0.057,6,0,1,0,0,0,Recon Scan
22,20,9,17,0,6.835,0.196,2,0,0,1,0,0,Credential Stuffing
35,1,0,0,35,2.082,0.147,3,0,1,0,0,0,Web Enumeration
4,0,0,0,2,0.465,1.429,1,0,1,0,0,0,Unknown Behaviour
2,3,1,0,1,7.308,0.866,1,1,0,0,0,0,Unknown Behaviour
9,0,0,0,7,1.522,0.18,3,1,0,0,0,0,Recon Scan
16,0,1,1,16,2.426,0.162,0,0,1,0,0,0,Web Enumeration
3,0,0,0,1,1.223,0.91,0,0,0,1,0,0,Malware Download
18,18,15,13,0,1.791,0.22,1,0,1,0,0,0,Credential Stuffing
35,33,2,28,0,7.843,0.267,2,1,0,0,0,0,Brute Force
4,1,1,1,2,1.806,0.785,0,0,0,1,0,0,Malware Download
1,1,0,1,2,0.918,2.85,0,0,0,0,0,1,Unknown Behaviour
30,30,2,23,0,10.51,0.256,1,1,0,0,0,0,Brute Force
15,0,0,0,10,0.881,0.067,2,0,1,0,0,0,Recon Scan
37,36,14,31,0,6.07,0.254,1,0,0,1,0,0,Credential Stuffing
27,25,13,20,0,3.677,0.348,2,0,1,0,0,0,Credential Stuffing
20,20,1,20,0,3.677,0.164,2,1,0,0,0,0,Brute Force
17,1,0,0,17,7.053,0.113,2,0,1,0,0,0,Web Enumeration
10,0,1,1,9,3.45,0.161,2,0,1,0,0,0,Web Enumeration
52,50,2,45,0,13.248,0.285,4,1,0,0,0,0,Brute Force
2,2,1,0,1,2.512,0.433,0,0,0,0,0,1,Exploit Attempt
11,0,0,0,9,3.117,0.107,1,0,0,0,0,1,Recon Scan
9,0,0,1,2,7.705,1.249,1,0,0,0,1,0,Unknown Behaviour
3,0,0,0,0,1.907,0.119,1,0,1,0,0,0,Recon Scan
11,0,0,0,7,0.96,0.091,4,0,0,0,0,1,Recon Scan
8,0,0,1,6,1.268,0.438,0,0,0,1,0,0,Exploit Attempt
14,1,0,1,13,2.737,0.279,2,0,1,0,0,0,Web Enumeration
3,0,1,1,2,0.925,0.478,1,0,0,1,0,0,Malware Download
4,0,1,0,3,2.86,0.021,2,0,0,0,0,1,Exploit Attempt
2,0,0,1,1,1.655,0.579,0,0,1,0,0,0,Malware Download
17,16,2,16,0,8.744,0.272,6,1,0,0,0,0,Brute Force
5,0,1,0,3,1.443,0.67,1,0,0,1,0,0,Malware Download
25,25,13,11,0,6.844,0.224,1,1,0,0,0,0,Credential Stuffing
28,28,2,25,0,8.563,0.16,2,1,0,0,0,0,Brute Force
5,1,0,1,3,0.906,0.235,0,0,0,1,0,0,Malware Download
28,27,1,24,0,6.138,0.238,1,1,0,0,0,0,Brute Force
21,0,0,0,17,1.888,0.092,5,0,1,0,0,0,Recon Scan
6,1,0,1,4,0.363,0.988,2,0,0,0,0,1,Exploit Attempt
41,40,1,34,0,10.807,0.028,3,1,0,0,0,0,Brute Force
9,0,0,0,5,1.429,0.117,4,0,1,0,0,0,Recon Scan
5,1,0,1,3,2.359,0.193,1,0,1,0,0,0,Exploit Attempt
29,27,1,23,0,5.364,0.179,1,1,0,0,0,0,Brute Force
29,1,1,1,28,3.036,0.242,1,0,1,0,0,0,Web Enumeration
10,0,0,0,9,1.103,0.106,5,0,0,0,1,0,Recon Scan
30,30,10,22,0,8.019,0.055,2,1,0,0,0,0,Credential Stuffing
6,0,1,0,5,1.396,0.744,2,0,1,0,0,0,Exploit Attempt
3,0,1,1,1,0.679,0.469,0,0,0,1,0,0,Malware Download
29,1,1,0,29,0.342,0.121,2,0,1,0,0,0,Web Enumeration
7,1,1,1,5,3.456,0.506,1,0,0,1,0,0,Exploit Attempt
8,0,0,0,9,0.442,0.034,3,0,1,0,0,0,Recon Scan
46,44,25,32,0,8.194,0.254,0,0,1,0,0,0,Credential Stuffing
14,0,0,0,12,2.02,0.045,5,0,1,0,0,0,Recon Scan
14,3,1,2,0,6.739,0.733,1,0,0,0,0,1,Unknown Behaviour
9,9,1,3,0,0.056,0.219,0,1,0,0,0,0,Brute Force
32,30,1,22,0,6.889,0.426,1,0,0,0,1,0,Brute Force
18,0,1,0,18,1.118,0.129,1,0,1,0,0,0,Web Enumeration
3,0,1,0,1,0.57,0.346,0,0,0,1,0,0,Malware Download
21,21,2,19,0,9.067,0.396,4,0,0,1,0,0,Brute Force
7,0,0,0,4,0.747,0.055,3,0,0,0,0,1,Recon Scan
7,1,1,1,7,2.955,0.025,0,0,1,0,0,0,Web Enumeration
9,0,0,0,5,0.846,0.121,3,0,1,0,0,0,Recon Scan
27,25,13,22,0,4.761,0.014,0,0,1,0,0,0,Credential Stuffing
11,0,0,0,0,7.174,2.14,0,1,0,0,0,0,Unknown Behaviour
21,1,1,0,21,1.547,0.288,3,0,1,0,0,0,Web Enumeration
13,1,0,1,13,1.546,0.15,4,0,1,0,0,0,Web Enumeration
13,0,0,0,12,2.427,0.058,7,0,1,0,0,0,Web Enumeration
16,16,1,12,0,5.244,0.296,2,1,0,0,0,0,Brute Force
3,1,0,1,1,0.285,0.96,0,0,1,0,0,0,Malware Download
2,1,0,1,1,0.138,0.189,0,0,0,1,0,0,Malware Download
14,1,0,1,13,3.796,0.081,1,0,1,0,0,0,Web Enumeration
36,35,2,27,0,9.109,0.149,3,0,0,0,1,0,Brute Force
2,0,1,1,1,0.328,0.521,0,0,1,0,0,0,Malware Download
8,1,0,0,8,0.312,0.18,5,0,1,0,0,0,Web Enumeration
2,0,0,0,3,4.655,0.207,2,0,1,0,0,0,Unknown Behaviour
21,1,0,1,20,2.179,0.172,1,0,1,0,0,0,Web Enumeration
8,1,1,0,3,0.227,0.785,3,0,0,0,1,0,Unknown Behaviour
33,33,1,27,0,5.023,0.228,3,1,0,0,0,0,Brute Force
3,0,1,0,3,3.898,1.353,3,0,1,0,0,0,Unknown Behaviour
5,1,0,1,3,0.501,0.998,0,0,0,1,0,0,Exploit Attempt
3,1,1,1,2,1.127,0.393,0,0,0,1,0,0,Malware Download
5,1,0,0,4,2.287,0.097,0,0,0,0,0,1,Exploit Attempt
12,0,0,0,6,2.043,0.151,2,0,0,0,0,1,Recon Scan
2,1,0,0,1,1.484,0.497,0,0,0,1,0,0,Malware Download
30,29,18,22,0,4.506,0.252,1,1,0,0,0,0,Credential Stuffing
8,0,0,0,5,0.443,0.047,3,0,0,0,0,1,Recon Scan
11,0,1,0,10,3.481,0.198,4,0,1,0,0,0,Web Enumeration
7,0,0,0,2,3.151,0.186,3,0,1,0,0,0,Recon Scan
5,2,0,1,3,2.78,0.69,1,0,0,0,0,1,Exploit Attempt
32,32,24,30,0,6.415,0.034,0,1,0,0,0,0,Credential Stuffing
6,0,0,0,1,0.75,0.04,6,0,1,0,0,0,Recon Scan
42,42,24,33,0,8.74,0.289,0,1,0,0,0,0,Credential Stuffing
2,0,1,1,1,0.328,0.639,0,0,0,1,0,0,Malware Download
19,18,2,18,0,4.043,0.377,2,1,0,0,0,0,Brute Force
25,0,1,1,24,3.983,0.126,4,0,1,0,0,0,Web Enumeration
2,3,2,2,3,1.203,0.894,1,0,0,0,1,0,Unknown Behaviour
10,3,0,0,3,3.434,2.849,0,1,0,0,0,0,Unknown Behaviour
4,1,0,0,2,2.763,0.488,0,0,0,1,0,0,Exploit Attempt
6,1,0,1,5,1.246,0.354,0,0,0,1,0,0,Exploit Attempt
3,1,0,0,1,0.935,0.308,1,0,0,1,0,0,Malware Download
25,0,1,1,25,3.305,0.109,7,0,1,0,0,0,Web Enumeration
3,0,0,1,1,0.998,0.397,1,0,0,1,0,0,Malware Download
6,2,1,1,4,3.314,0.522,0,0,0,0,0,1,Exploit Attempt
18,1,0,1,18,2.203,0.104,4,0,1,0,0,0,Web Enumeration
29,29,1,23,0,10.677,0.479,4,1,0,0,0,0,Brute Force
30,28,1,25,0,7.849,0.355,1,0,0,1,0,0,Brute Force
3,1,0,1,2,0.543,0.62,0,0,0,1,0,0,Malware Download
4,2,1,0,3,0.636,0.462,1,0,0,0,0,1,Exploit Attempt
5,0,0,1,5,2.022,1.656,2,0,0,1,0,0,Unknown Behaviour
16,1,1,1,16,2.208,0.116,0,0,1,0,0,0,Web Enumeration
2,0,1,0,0,0.904,2.867,0,0,0,1,0,0,Unknown Behaviour
10,0,0,0,6,1.051,0.123,0,0,1,0,0,0,Recon Scan
25,24,21,17,0,3.05,0.101,0,0,1,0,0,0,Credential Stuffing
4,2,0,0,3,1.583,0.807,1,0,0,1,0,0,Exploit Attempt
7,1,1,1,6,3.498,0.288,1,0,0,0,0,1,Exploit Attempt
3,1,0,0,2,0.658,0.26,1,0,0,1,0,0,Malware Download
35,34,22,28,0,6.446,0.126,3,0,1,0,0,0,Credential Stuffing
2,0,0,0,1,1.768,0.452,0,0,0,1,0,0,Malware Download
3,1,1,0,1,1.111,0.018,0,0,0,1,0,0,Malware Download
4,1,2,0,2,3.651,0.826,1,0,0,0,1,0,Unknown Behaviour
14,13,1,8,0,3.015,0.457,2,1,0,0,0,0,Brute Force
3,1,1,1,2,1.797,0.457,0,0,0,1,0,0,Malware Download
27,26,1,17,0,5.601,0.452,5,1,0,0,0,0,Brute Force
3,1,1,1,1,1.818,0.353,0,0,1,0,0,0,Malware Download
7,1,1,0,0,3.126,3.625,4,0,0,0,0,1,Unknown Behaviour
3,1,1,1,2,1.34,1.388,0,0,1,0,0,0,Exploit Attempt
33,31,1,27,0,10.162,0.334,2,0,0,0,1,0,Brute Force
24,24,1,22,0,7.751,0.498,2,0,0,1,0,0,Brute Force
29,28,19,25,0,4.695,0.309,0,0,1,0,0,0,Credential Stuffing
38,38,17,27,0,8.511,0.323,1,0,0,1,0,0,Credential Stuffing
7,6,0,0,5,5.197,1.983,2,0,1,0,0,0,Unknown Behaviour
10,0,0,0,9,2.433,0.124,3,0,1,0,0,0,Recon Scan
4,0,1,0,2,1.416,0.611,1,0,1,0,0,0,Malware Download
11,1,0,1,10,1.298,0.147,2,0,1,0,0,0,Web Enumeration
27,26,18,22,0,6.119,0.475,2,0,1,0,0,0,Credential Stuffing
4,2,0,0,3,2.129,0.395,0,0,1,0,0,0,Exploit Attempt
6,0,1,0,4,3.377,0.365,1,0,0,0,0,1,Exploit Attempt
19,18,1,13,0,4.164,0.145,0,1,0,0,0,0,Brute Force
8,0,1,1,2,3.167,1.629,0,0,0,0,0,1,Unknown Behaviour
4,1,0,1,3,0.937,0.503,0,0,0,1,0,0,Malware Download
4,1,1,1,3,3.282,0.736,0,0,1,0,0,0,Exploit Attempt
3,0,0,1,1,2.601,0.31,1,0,1,0,0,0,Exploit Attempt
25,25,1,18,0,5.589,0.258,2,1,0,0,0,0,Brute Force
26,25,16,20,0,6.547,0.266,2,0,0,1,0,0,Credential Stuffing
3,1,1,0,2,1.246,0.521,0,0,0,1,0,0,Malware Download
23,22,2,25,0,8.085,0.307,1,0,0,1,0,0,Brute Force
38,37,26,31,0,8.707,0.252,3,1,0,0,0,0,Credential Stuffing
4,0,1,0,2,1.623,0.355,0,0,0,0,0,1,Exploit Attempt
6,0,1,1,5,0.424,0.435,1,0,1,0,0,0,Exploit Attempt
6,1,0,1,4,3.421,0.289,0,0,0,0,0,1,Exploit Attempt
19,19,1,20,0,5.572,0.603,2,0,0,1,0,0,Brute Force
12,0,0,0,10,4.679,0.143,2,0,0,1,0,0,Recon Scan
9,0,0,0,7,1.502,0.114,2,0,0,0,1,0,Recon Scan
18,0,1,1,17,4.626,0.055,5,0,1,0,0,0,Web Enumeration
48,47,27,36,0,8.423,0.354,4,0,1,0,0,0,Credential Stuffing
19,0,1,0,18,2.708,0.194,4,0,1,0,0,0,Web Enumeration
8,0,0,0,3,1.761,0.098,3,0,0,0,0,1,Recon Scan
3,1,1,1,2,1.188,0.585,0,0,0,1,0,0,Malware Download
15,0,0,0,10,4.31,0.077,4,0,1,0,0,0,Recon Scan
6,0,1,1,4,1.739,0.369,1,0,0,1,0,0,Exploit Attempt
39,37,17,31,0,11.549,0.349,0,0,1,0,0,0,Credential Stuffing
20,19,1,19,0,4.361,0.308,1,0,0,0,1,0,Brute Force
44,44,27,32,0,8.571,0.251,1,0,0,1,0,0,Credential Stuffing
2,1,1,0,1,1.333,0.447,0,0,0,1,0,0,Malware Download
7,2,0,1,6,1.881,0.518,0,0,0,0,0,1,Exploit Attempt
15,14,7,12,0,3.449,0.312,3,0,0,1,0,0,Credential Stuffing
29,29,1,28,0,12.809,0.312,1,0,0,0,1,0,Brute Force
20,0,0,1,19,2.34,0.044,1,0,1,0,0,0,Web Enumeration
33,32,16,28,0,4.587,0.143,1,1,0,0,0,0,Credential Stuffing
32,30,1,31,0,5.568,0.136,2,0,0,0,1,0,Brute Force
30,1,1,0,30,1.827,0.009,3,0,1,0,0,0,Web Enumeration
5,0,1,1,3,1.319,0.433,0,0,0,0,0,1,Exploit Attempt
17,0,0,0,12,1.601,0.0,4,0,1,0,0,0,Recon Scan
6,0,1,1,4,5.32,0.773,0,0,1,0,0,0,Exploit Attempt
6,0,1,1,4,2.445,0.239,1,0,0,0,0,1,Exploit Attempt
10,1,0,0,3,6.275,0.688,0,0,0,1,0,0,Unknown Behaviour
32,32,17,29,0,8.978,0.297,1,0,1,0,0,0,Credential Stuffing
5,0,0,0,0,0.288,0.057,0,0,1,0,0,0,Unknown Behaviour
2,1,1,1,1,0.448,0.411,2,0,0,0,0,1,Exploit Attempt
2,1,0,0,1,2.266,0.323,1,0,0,1,0,0,Malware Download
10,0,0,0,6,2.882,0.092,6,0,0,1,0,0,Recon Scan
9,8,6,11,0,2.328,0.258,1,0,0,1,0,0,Credential Stuffing
3,1,1,1,1,1.406,0.469,0,0,0,1,0,0,Malware Download
11,0,0,0,7,1.946,0.077,1,0,0,0,0,1,Recon Scan
37,36,26,27,0,11.339,0.412,2,1,0,0,0,0,Credential Stuffing
6,1,2,0,0,3.738,0.699,0,1,0,0,0,0,Unknown Behaviour
18,0,0,0,14,0.338,0.066,2,0,1,0,0,0,Recon Scan
2,0,0,0,1,0.746,0.236,0,0,0,1,0,0,Malware Download
35,34,3,31,0,9.62,0.301,2,1,0,0,0,0,Brute Force
2,1,1,0,1,0.966,0.094,0,0,1,0,0,0,Malware Download
16,1,0,1,15,2.124,0.003,3,0,1,0,0,0,Web Enumeration
11,0,0,0,10,5.437,0.165,4,0,1,0,0,0,Web Enumeration
16,0,0,0,13,1.734,0.114,2,0,0,0,0,1,Recon Scan
7,0,1,1,3,5.048,1.305,1,0,0,0,1,0,Unknown Behaviour
27,26,13,20,0,3.051,0.225,2,0,0,1,0,0,Credential Stuffing
21,0,0,0,20,7.239,0.11,2,0,1,0,0,0,Web Enumeration
4,2,0,1,2,1.256,0.503,1,0,1,0,0,0,Exploit Attempt
39,39,23,29,0,6.383,0.144,4,0,0,1,0,0,Credential Stuffing
20,19,1,18,0,7.666,0.094,0,1,0,0,0,0,Brute Force
7,0,0,0,5,2.633,0.163,1,0,1,0,0,0,Recon Scan
3,1,0,0,1,0.146,0.236,0,0,0,1,0,0,Malware Download
8,1,0,0,5,2.066,2.423,3,0,0,0,1,0,Unknown Behaviour
32,32,1,33,0,10.032,0.421,2,0,0,1,0,0,Brute Force
3,0,0,0,1,1.372,0.536,0,0,1,0,0,0,Malware Download
7,1,0,0,0,4.12,0.468,0,0,1,0,0,0,Unknown Behaviour
4,1,0,0,2,0.633,0.413,1,0,1,0,0,0,Exploit Attempt
6,1,0,1,5,2.468,0.391,0,0,0,0,0,1,Exploit Attempt
8,1,0,0,0,7.621,2.669,2,0,1,0,0,0,Unknown Behaviour
24,1,1,0,24,4.075,0.227,2,0,1,0,0,0,Web Enumeration
32,1,0,0,31,5.638,0.114,2,0,1,0,0,0,Web Enumeration
14,13,2,12,0,6.891,0.458,3,1,0,0,0,0,Brute Force
9,1,1,1,3,6.542,3.776,1,0,1,0,0,0,Unknown Behaviour
16,0,0,0,14,4.073,0.062,2,0,1,0,0,0,Recon Scan
3,1,0,0,1,0.966,0.288,1,0,1,0,0,0,Malware Download
26,25,16,20,0,6.595,0.202,6,0,1,0,0,0,Credential Stuffing
31,30,20,24,0,11.187,0.346,3,0,1,0,0,0,Credential Stuffing
27,27,6,20,0,5.582,0.159,4,0,1,0,0,0,Credential Stuffing
3,5,0,0,4,0.318,1.881,1,1,0,0,0,0,Unknown Behaviour
21,1,0,1,20,2.753,0.164,1,0,1,0,0,0,Web Enumeration
3,3,0,0,7,3.733,0.714,0,0,0,0,1,0,Unknown Behaviour
3,2,1,0,2,1.568,0.161,0,0,0,1,0,0,Exploit Attempt
38,36,29,30,0,8.333,0.267,0,1,0,0,0,0,Credential Stuffing
8,0,1,1,7,1.986,0.963,1,0,1,0,0,0,Exploit Attempt
31,29,19,21,0,4.108,0.303,2,1,0,0,0,0,Credential Stuffing
20,0,1,0,20,3.478,0.1,3,0,1,0,0,0,Web Enumeration
1,2,0,0,2,0.405,1.341,0,0,0,1,0,0,Unknown Behaviour
22,20,1,11,0,6.814,0.378,1,1,0,0,0,0,Brute Force
27,27,2,21,0,7.425,0.316,0,1,0,0,0,0,Brute Force
8,0,0,2,1,3.815,2.078,0,0,0,1,0,0,Unknown Behaviour
12,2,3,0,1,2.532,0.373,1,1,0,0,0,0,Unknown Behaviour
5,0,0,1,3,1.593,0.411,2,0,0,1,0,0,Malware Download
16,0,0,0,13,1.369,0.117,7,0,0,0,0,1,Recon Scan
6,2,3,0,1,5.437,4.054,0,0,0,0,1,0,Unknown Behaviour
19,0,1,1,18,2.513,0.136,7,0,1,0,0,0,Web Enumeration
6,0,1,1,4,1.638,0.186,0,0,1,0,0,0,Exploit Attempt
2,1,1,0,1,1.056,0.604,0,0,1,0,0,0,Malware Download
3,1,0,1,2,1.19,0.494,0,0,1,0,0,0,Malware Download
7,2,0,1,5,3.251,0.818,0,0,1,0,0,0,Exploit Attempt
44,44,28,37,0,12.738,0.042,4,0,1,0,0,0,Credential Stuffing
37,1,0,1,37,3.637,0.208,0,0,1,0,0,0,Web Enumeration
52,52,32,40,0,9.176,0.015,1,0,1,0,0,0,Credential Stuffing
8,7,1,3,0,2.303,0.138,2,1,0,0,0,0,Brute Force
13,0,0,0,10,1.411,0.078,5,0,0,0,0,1,Recon Scan
3,1,1,1,1,2.955,0.822,0,0,1,0,0,0,Exploit Attempt
12,0,0,0,8,3.12,0.118,3,0,0,0,0,1,Recon Scan
3,0,0,0,1,0.911,0.446,0,0,0,1,0,0,Malware Download
41,41,1,29,0,12.953,0.306,2,1,0,0,0,0,Brute Force
17,17,1,13,0,0.795,0.336,1,1,0,0,0,0,Brute Force
5,1,1,0,4,1.257,0.555,3,0,0,0,0,1,Exploit Attempt
4,1,0,0,2,1.054,0.436,0,0,1,0,0,0,Malware Download
5,0,0,1,3,2.016,0.341,2,0,0,0,0,1,Exploit Attempt
5,1,1,1,3,0.934,0.578,0,0,1,0,0,0,Malware Download
3,1,1,0,2,0.376,0.026,0,0,1,0,0,0,Malware Download
4,0,0,0,3,5.147,0.065,1,0,0,1,0,0,Unknown Behaviour
18,0,0,1,18,0.672,0.301,5,0,1,0,0,0,Web Enumeration
2,1,0,0,1,0.469,0.543,0,0,0,1,0,0,Malware Download
34,32,22,20,0,4.885,0.039,1,1,0,0,0,0,Credential Stuffing
12,0,0,0,9,0.851,0.026,4,0,1,0,0,0,Recon Scan
29,27,2,26,0,9.347,0.352,1,0,0,1,0,0,Brute Force
21,19,15,16,0,2.527,0.207,1,0,1,0,0,0,Credential Stuffing
18,0,0,0,18,1.684,0.12,5,0,1,0,0,0,Web Enumeration
30,28,23,18,0,4.63,0.097,0,0,1,0,0,0,Credential Stuffing
5,1,0,2,0,9.142,1.893,3,0,0,0,1,0,Unknown Behaviour
13,0,0,0,12,1.405,0.083,9,0,1,0,0,0,Recon Scan
17,1,1,1,17,0.412,0.047,1,0,1,0,0,0,Web Enumeration
3,0,1,1,2,0.987,0.195,1,0,1,0,0,0,Malware Download
14,0,0,0,12,2.585,0.118,3,0,1,0,0,0,Recon Scan
36,34,15,30,0,7.85,0.075,1,0,0,1,0,0,Credential Stuffing
25,25,2,20,0,7.581,0.253,0,1,0,0,0,0,Brute Force
5,0,0,1,4,2.843,0.399,0,0,1,0,0,0,Exploit Attempt
3,0,1,1,2,1.171,0.138,1,0,0,1,0,0,Malware Download
2,1,1,0,1,0.186,0.371,0,0,1,0,0,0,Malware Download
18,0,0,0,12,1.255,0.139,4,0,1,0,0,0,Recon Scan
8,0,1,0,5,3.146,0.565,3,0,1,0,0,0,Unknown Behaviour
35,33,21,23,0,9.159,0.165,0,0,1,0,0,0,Credential Stuffing
6,0,1,1,4,3.382,1.146,2,0,1,0,0,0,Exploit Attempt
8,2,0,1,6,4.259,0.529,0,0,0,0,0,1,Exploit Attempt
15,0,1,0,14,3.322,0.142,0,0,1,0,0,0,Web Enumeration
3,1,0,0,1,0.049,0.751,0,0,1,0,0,0,Malware Download
14,3,2,0,1,1.046,4.55,0,0,0,0,0,1,Unknown Behaviour
18,0,0,0,15,2.328,0.085,4,0,0,0,0,1,Recon Scan
21,20,1,19,0,3.094,0.233,4,1,0,0,0,0,Brute Force
30,1,0,1,30,1.517,0.055,2,0,1,0,0,0,Web Enumeration
12,10,1,13,0,5.043,0.387,0,0,0,0,1,0,Brute Force
18,0,1,0,17,2.25,0.142,5,0,1,0,0,0,Web Enumeration
40,38,10,32,0,5.593,0.058,1,1,0,0,0,0,Credential Stuffing
4,1,1,0,3,2.949,0.86,0,0,0,1,0,0,Exploit Attempt
11,0,0,0,8,0.721,0.122,2,0,0,0,1,0,Recon Scan
11,0,1,0,11,1.241,0.12,2,0,1,0,0,0,Web Enumeration
4,1,1,1,3,1.504,0.776,1,0,1,0,0,0,Malware Download
15,2,0,0,2,0.961,1.581,0,0,0,0,1,0,Unknown Behaviour
41,39,26,30,0,7.717,0.166,2,0,0,1,0,0,Credential Stuffing
9,0,1,1,4,2.053,2.448,0,0,1,0,0,0,Unknown Behaviour
41,39,30,33,0,11.729,0.29,0,0,1,0,0,0,Credential Stuffing
23,23,2,25,0,8.335,0.121,2,1,0,0,0,0,Brute Force
25,23,14,19,0,5.587,0.142,0,0,1,0,0,0,Credential Stuffing
4,0,1,1,2,1.511,0.401,0,0,0,1,0,0,Malware Download
3,0,1,0,1,1.822,0.179,0,0,1,0,0,0,Malware Download
32,0,1,1,31,0.923,0.175,1,0,1,0,0,0,Web Enumeration
34,34,18,32,0,7.982,0.317,0,0,1,0,0,0,Credential Stuffing
12,0,0,0,8,2.812,0.084,0,0,1,0,0,0,Recon Scan
8,1,1,0,5,3.331,0.931,0,0,0,0,0,1,Unknown Behaviour
24,24,1,26,0,6.599,0.444,3,0,0,0,1,0,Brute Force
3,2,0,1,2,0.121,0.885,2,0,1,0,0,0,Exploit Attempt
45,43,25,27,0,10.025,0.303,1,0,1,0,0,0,Credential Stuffing
9,1,3,0,1,1.156,3.328,0,0,1,0,0,0,Unknown Behaviour
10,0,0,0,9,2.049,0.132,1,0,1,0,0,0,Web Enumeration
17,1,1,1,16,3.308,0.019,3,0,1,0,0,0,Web Enumeration
30,29,1,23,0,12.401,0.247,3,0,0,1,0,0,Brute Force
5,0,0,1,3,2.681,0.838,0,0,0,0,0,1,Exploit Attempt
6,0,0,0,5,1.102,0.11,3,0,0,1,0,0,Recon Scan
2,0,0,0,6,1.777,0.983,0,0,1,0,0,0,Unknown Behaviour
9,0,0,0,7,1.779,0.05,5,0,0,0,0,1,Recon Scan
11,0,0,0,7,1.611,0.081,6,0,1,0,0,0,Recon Scan
3,1,0,0,2,2.112,0.639,0,0,0,1,0,0,Exploit Attempt
41,41,1,41,0,14.173,0.068,1,1,0,0,0,0,Brute Force
3,1,0,0,1,1.709,0.609,2,0,0,0,0,1,Exploit Attempt
2,0,0,1,1,1.573,0.713,0,0,0,1,0,0,Malware Download
12,1,0,0,12,2.895,0.084,3,0,1,0,0,0,Web Enumeration
25,24,1,25,0,7.351,0.275,3,1,0,0,0,0,Brute Force
4,2,0,0,1,3.544,0.737,3,0,0,0,0,1,Unknown Behaviour
10,0,0,0,7,1.008,0.071,5,0,1,0,0,0,Recon Scan
6,1,0,1,0,0.281,3.72,1,0,0,0,0,1,Unknown Behaviour
43,41,1,36,0,15.944,0.072,3,1,0,0,0,0,Brute Force
12,1,1,0,3,4.413,0.04,0,1,0,0,0,0,Unknown Behaviour
6,1,1,0,4,3.851,0.592,2,0,0,0,0,1,Exploit Attempt
3,1,1,0,1,0.69,0.193,0,0,1,0,0,0,Malware Download
25,1,1,0,24,4.513,0.143,4,0,1,0,0,0,Web Enumeration
13,1,1,1,13,4.943,0.238,2,0,1,0,0,0,Web Enumeration
4,1,1,0,4,2.08,0.057,0,1,0,0,0,0,Unknown Behaviour
4,1,0,0,3,0.145,0.566,0,0,1,0,0,0,Malware Download
7,2,0,0,5,1.74,0.615,0,0,0,0,0,1,Exploit Attempt
7,1,0,0,6,4.98,0.39,0,0,0,0,0,1,Exploit Attempt
34,33,1,27,0,10.138,0.348,0,1,0,0,0,0,Brute Force
18,1,1,0,17,2.936,0.203,4,0,1,0,0,0,Web Enumeration
11,0,0,0,8,0.806,0.142,1,0,1,0,0,0,Recon Scan
42,42,25,32,0,6.712,0.262,0,0,1,0,0,0,Credential Stuffing
6,2,0,0,5,6.57,1.372,2,0,0,0,0,1,Unknown Behaviour
22,1,1,0,21,3.663,0.209,0,0,1,0,0,0,Web Enumeration
27,26,2,24,0,8.294,0.19,3,0,0,1,0,0,Brute Force
11,0,1,1,11,3.111,0.195,2,0,1,0,0,0,Web Enumeration
25,24,1,20,0,6.146,0.263,3,1,0,0,0,0,Brute Force
38,38,1,33,0,11.136,0.334,4,0,0,1,0,0,Brute Force
9,0,0,0,7,2.26,0.111,5,0,0,0,1,0,Recon Scan
22,22,1,16,0,6.621,0.239,2,0,0,1,0,0,Brute Force
2,1,1,0,1,0.031,0.087,0,0,0,1,0,0,Malware Download
22,0,0,1,22,0.985,0.13,4,0,1,0,0,0,Web Enumeration
21,0,0,0,21,2.854,0.225,2,0,1,0,0,0,Web Enumeration
12,3,1,0,6,0.752,0.699,2,0,1,0,0,0,Unknown Behaviour
8,1,0,1,0,2.437,1.012,1,1,0,0,0,0,Unknown Behaviour
10,0,0,0,6,0.686,0.131,6,1,0,0,0,0,Recon Scan
14,0,0,0,12,1.417,0.16,2,0,0,0,1,0,Recon Scan
8,0,0,0,7,2.056,0.069,5,0,0,1,0,0,Recon Scan
10,8,4,10,0,3.59,0.258,2,0,1,0,0,0,Credential Stuffing
14,0,0,0,11,0.691,0.103,3,0,1,0,0,0,Recon Scan
1,0,1,0,1,0.93,0.399,1,0,0,0,0,1,Unknown Behaviour
16,0,0,0,12,0.034,0.045,6,0,1,0,0,0,Recon Scan
10,0,0,0,7,2.371,0.174,7,0,0,1,0,0,Recon Scan
3,0,1,1,1,1.175,0.708,0,0,0,1,0,0,Malware Download
10,0,2,0,2,1.141,0.513,0,0,0,1,0,0,Unknown Behaviour
5,0,0,1,3,2.3,0.143,0,0,1,0,0,0,Malware Download
5,0,0,1,5,4.851,0.187,0,0,1,0,0,0,Web Enumeration
27,26,1,24,0,6.168,0.155,3,1,0,0,0,0,Brute Force
13,0,1,1,13,2.179,0.035,3,0,1,0,0,0,Web Enumeration
3,0,0,1,2,0.147,0.666,2,0,0,1,0,0,Exploit Attempt
13,0,0,0,12,1.011,0.091,2,0,1,0,0,0,Recon Scan
19,0,0,1,19,3.046,0.144,0,0,1,0,0,0,Web Enumeration
6,1,0,1,5,1.563,0.824,2,0,0,1,0,0,Exploit Attempt
29,0,0,0,28,1.206,0.161,0,0,1,0,0,0,Web Enumeration
13,0,0,0,10,2.049,0.091,4,0,1,0,0,0,Recon Scan
2,1,1,1,1,0.053,0.571,0,0,1,0,0,0,Malware Download
25,23,11,18,0,8.156,0.325,1,1,0,0,0,0,Credential Stuffing
4,1,0,1,2,0.597,0.224,0,0,0,1,0,0,Malware Download
38,37,27,27,0,4.595,0.359,1,0,1,0,0,0,Credential Stuffing
4,1,1,1,2,1.03,0.48,0,0,0,1,0,0,Malware Download
9,0,0,1,7,3.85,0.038,0,0,0,0,0,1,Exploit Attempt
19,18,2,16,0,8.016,0.004,1,0,0,1,0,0,Brute Force
36,35,10,27,0,11.166,0.333,0,1,0,0,0,0,Credential Stuffing
5,0,0,0,4,1.489,0.756,2,0,1,0,0,0,Exploit Attempt
18,17,6,13,0,1.684,0.145,4,0,1,0,0,0,Credential Stuffing
4,2,0,1,1,6.655,1.238,2,0,0,0,0,1,Unknown Behaviour
16,16,4,15,0,5.015,0.124,2,0,1,0,0,0,Credential Stuffing
20,0,1,0,19,2.429,0.309,3,0,1,0,0,0,Web Enumeration
25,23,2,21,0,5.256,0.536,1,1,0,0,0,0,Brute Force
3,0,0,1,1,0.85,0.069,0,0,0,1,0,0,Malware Download
6,2,0,0,5,1.718,0.339,0,0,1,0,0,0,Exploit Attempt
27,1,1,0,26,2.824,0.122,1,0,1,0,0,0,Web Enumeration
15,1,1,1,14,2.249,0.12,3,0,1,0,0,0,Web Enumeration
24,24,13,19,0,3.826,0.365,1,0,1,0,0,0,Credential Stuffing
13,1,1,1,12,2.677,0.07,5,0,1,0,0,0,Web Enumeration
3,0,0,0,1,1.799,0.082,2,0,0,1,0,0,Malware Download
17,0,0,0,13,1.79,0.216,7,0,0,0,0,1,Recon Scan
33,33,1,32,0,9.063,0.214,3,1,0,0,0,0,Brute Force
15,0,0,0,10,2.306,0.134,2,0,0,1,0,0,Recon Scan
22,20,1,20,0,5.802,0.36,1,1,0,0,0,0,Brute Force
5,0,0,0,4,2.103,0.828,0,0,1,0,0,0,Exploit Attempt
13,11,4,8,0,1.171,0.24,0,0,1,0,0,0,Credential Stuffing
3,2,1,1,2,3.705,0.435,0,0,1,0,0,0,Exploit Attempt
15,0,0,0,14,2.145,0.056,5,0,0,1,0,0,Recon Scan
12,0,0,0,9,2.172,0.124,2,0,1,0,0,0,Recon Scan
14,0,0,0,7,1.664,0.08,7,0,1,0,0,0,Recon Scan
21,0,0,0,20,3.084,0.191,1,0,1,0,0,0,Web Enumeration
28,0,0,1,27,2.834,0.081,7,0,1,0,0,0,Web Enumeration
49,47,31,35,0,10.552,0.064,0,0,0,1,0,0,Credential Stuffing
13,0,0,0,7,1.89,0.105,3,1,0,0,0,0,Recon Scan
29,27,20,21,0,3.441,0.065,1,0,1,0,0,0,Credential Stuffing
38,38,17,32,0,8.034,0.177,1,0,0,1,0,0,Credential Stuffing
9,0,0,0,4,2.011,0.12,0,0,1,0,0,0,Recon Scan
9,1,2,1,0,3.558,0.571,2,0,0,0,0,1,Unknown Behaviour
8,0,0,0,5,2.977,0.073,4,1,0,0,0,0,Recon Scan
20,19,9,13,0,5.403,0.35,3,0,1,0,0,0,Credential Stuffing
7,1,0,1,6,1.398,0.521,2,0,0,1,0,0,Exploit Attempt
4,1,1,0,2,1.237,0.368,0,0,0,1,0,0,Malware Download
7,3,1,0,2,3.806,1.573,0,0,0,1,0,0,Unknown Behaviour
3,0,1,1,1,0.037,0.252,0,0,0,1,0,0,Malware Download
7,0,1,1,5,0.613,0.247,2,0,1,0,0,0,Exploit Attempt
14,0,0,0,6,2.534,0.041,4,1,0,0,0,0,Recon Scan
25,24,1,18,0,9.794,0.129,1,1,0,0,0,0,Brute Force
7,1,0,1,0,3.681,0.664,1,0,0,0,1,0,Unknown Behaviour
11,0,0,0,4,3.633,2.933,1,0,0,0,0,1,Unknown Behaviour
14,12,4,11,0,1.498,0.155,2,0,1,0,0,0,Credential Stuffing
21,19,1,15,0,5.344,0.414,1,1,0,0,0,0,Brute Force
3,0,0,1,2,1.082,0.341,0,0,0,1,0,0,Malware Download
7,0,0,0,2,1.014,0.097,7,0,1,0,0,0,Recon Scan
4,0,1,1,2,1.888,0.376,1,0,0,1,0,0,Malware Download
18,0,0,0,12,1.802,0.064,2,0,1,0,0,0,Recon Scan
4,1,1,1,2,0.583,0.679,1,0,1,0,0,0,Malware Download
23,1,0,0,22,0.644,0.065,2,0,1,0,0,0,Web Enumeration
2,1,0,1,1,1.494,0.585,0,0,1,0,0,0,Exploit Attempt
10,1,0,1,10,3.152,0.158,0,0,1,0,0,0,Web Enumeration
18,0,0,0,13,2.34,0.112,3,0,0,0,1,0,Recon Scan
5,2,0,1,3,4.245,0.481,0,0,0,1,0,0,Exploit Attempt
16,0,0,1,15,2.194,0.009,2,0,1,0,0,0,Web Enumeration
29,29,17,16,0,8.806,0.313,1,0,1,0,0,0,Credential Stuffing
14,0,0,0,7,0.425,0.144,4,0,1,0,0,0,Recon Scan
8,0,0,0,9,2.34,0.174,3,0,0,1,0,0,Recon Scan
16,14,7,9,0,5.143,0.08,1,0,0,1,0,0,Credential Stuffing
35,33,1,28,0,6.066,0.13,3,0,0,0,1,0,Brute Force
12,0,0,0,10,3.116,0.003,2,0,0,0,0,1,Recon Scan
15,0,0,0,15,2.788,0.136,3,0,1,0,0,0,Web Enumeration
4,1,1,1,2,1.213,0.502,1,0,0,1,0,0,Malware Download
22,0,1,1,22,4.873,0.107,2,0,1,0,0,0,Web Enumeration
26,24,20,18,0,6.414,0.273,3,1,0,0,0,0,Credential Stuffing
28,0,0,1,28,4.063,0.211,5,0,1,0,0,0,Web Enumeration
32,31,2,28,0,11.563,0.328,2,1,0,0,0,0,Brute Force
22,21,1,20,0,4.485,0.305,1,0,0,0,1,0,Brute Force
45,45,32,34,0,7.092,0.328,2,0,0,1,0,0,Credential Stuffing
32,31,17,28,0,3.997,0.096,0,1,0,0,0,0,Credential Stuffing
3,1,1,1,2,2.987,0.79,0,0,0,0,0,1,Exploit Attempt
14,14,7,10,0,0.616,0.185,2,0,1,0,0,0,Credential Stuffing
7,1,2,2,4,2.53,2.058,1,0,1,0,0,0,Unknown Behaviour
26,25,1,24,0,5.547,0.267,1,0,0,1,0,0,Brute Force
24,24,1,18,0,6.317,0.229,0,0,0,1,0,0,Brute Force
7,1,0,0,8,2.713,1.685,0,0,1,0,0,0,Unknown Behaviour
34,32,1,25,0,8.069,0.439,4,1,0,0,0,0,Brute Force
34,34,2,28,0,13.852,0.13,3,0,0,1,0,0,Brute Force
46,44,27,33,0,9.463,0.198,1,0,1,0,0,0,Credential Stuffing
10,2,0,1,8,6.04,2.787,1,0,1,0,0,0,Unknown Behaviour
18,1,0,1,18,4.217,0.201,5,0,1,0,0,0,Web Enumeration
34,32,21,26,0,4.825,0.225,1,0,1,0,0,0,Credential Stuffing
5,2,1,0,1,1.263,1.806,2,0,0,0,1,0,Unknown Behaviour
12,1,1,1,12,3.58,0.0,3,0,1,0,0,0,Web Enumeration
9,1,1,1,9,2.934,0.067,4,0,1,0,0,0,Web Enumeration
9,0,1,0,7,2.42,0.046,1,0,1,0,0,0,Exploit Attempt
8,1,1,1,2,3.852,1.557,0,0,0,1,0,0,Unknown Behaviour
10,0,0,0,6,4.425,2.613,1,0,0,1,0,0,Unknown Behaviour
21,1,1,0,20,1.586,0.146,2,0,1,0,0,0,Web Enumeration
22,0,1,0,21,2.441,0.197,1,0,1,0,0,0,Web Enumeration
29,28,13,25,0,5.481,0.167,2,0,0,1,0,0,Credential Stuffing
3,1,1,0,1,1.13,0.242,1,0,1,0,0,0,Malware Download
18,17,17,14,0,1.864,0.203,1,0,1,0,0,0,Credential Stuffing
23,1,1,0,22,3.748,0.059,4,0,1,0,0,0,Web Enumeration
6,0,0,0,8,0.953,0.001,6,0,0,0,1,0,Recon Scan
11,0,0,0,11,1.592,0.058,2,0,0,1,0,0,Recon Scan
7,1,1,0,6,1.153,0.051,1,0,1,0,0,0,Exploit Attempt
3,1,0,0,2,2.192,0.347,0,0,1,0,0,0,Malware Download
5,0,1,1,4,1.058,0.336,0,0,1,0,0,0,Exploit Attempt
27,26,15,17,0,6.4,0.194,2,1,0,0,0,0,Credential Stuffing
13,3,0,1,0,1.28,1.89,3,0,0,0,1,0,Unknown Behaviour
2,3,1,2,4,1.086,0.198,1,0,1,0,0,0,Unknown Behaviour
46,45,26,31,0,12.072,0.163,0,0,1,0,0,0,Credential Stuffing
8,1,1,0,4,1.653,0.512,0,0,1,0,0,0,Unknown Behaviour
20,19,2,15,0,7.277,0.423,3,1,0,0,0,0,Brute Force
7,0,0,0,9,4.405,0.041,3,0,1,0,0,0,Recon Scan
36,35,23,32,0,11.236,0.031,1,0,0,1,0,0,Credential Stuffing
26,26,8,20,0,5.869,0.268,1,0,1,0,0,0,Credential Stuffing
17,1,0,1,16,3.959,0.132,4,0,1,0,0,0,Web Enumeration
30,29,18,15,0,4.339,0.172,0,0,1,0,0,0,Credential Stuffing
21,0,1,0,21,4.238,0.007,0,0,1,0,0,0,Web Enumeration
30,29,20,29,0,6.536,0.397,3,0,0,1,0,0,Credential Stuffing
5,0,1,0,3,1.613,0.129,1,0,1,0,0,0,Exploit Attempt
3,1,1,1,1,1.651,0.371,2,0,0,1,0,0,Malware Download
24,0,0,0,23,3.121,0.17,3,0,1,0,0,0,Web Enumeration
5,1,1,1,3,1.149,0.737,0,0,1,0,0,0,Malware Download
8,0,0,0,4,0.82,0.052,2,0,0,0,1,0,Recon Scan
15,0,1,1,15,4.123,0.057,7,0,1,0,0,0,Web Enumeration
4,0,0,0,2,0.681,0.245,0,0,1,0,0,0,Malware Download
2,0,1,1,1,2.535,0.324,0,0,0,1,0,0,Malware Download
27,25,10,26,0,9.479,0.248,1,1,0,0,0,0,Credential Stuffing
3,2,0,0,2,2.661,0.472,0,0,1,0,0,0,Exploit Attempt
14,13,4,14,0,1.133,0.146,2,0,0,1,0,0,Credential Stuffing
13,0,0,0,9,1.563,0.105,4,0,1,0,0,0,Recon Scan
32,30,18,33,0,7.261,0.141,3,0,1,0,0,0,Credential Stuffing
15,0,1,0,15,5.811,0.118,3,0,1,0,0,0,Web Enumeration
25,25,19,17,0,1.91,0.132,3,0,1,0,0,0,Credential Stuffing
7,1,0,0,5,0.5,0.977,0,0,1,0,0,0,Exploit Attempt
2,1,1,0,1,0.737,0.109,1,0,1,0,0,0,Malware Download
9,1,0,1,7,1.818,0.655,0,0,1,0,0,0,Exploit Attempt
21,21,16,16,0,2.811,0.293,5,0,1,0,0,0,Credential Stuffing
28,27,1,19,0,5.462,0.302,4,1,0,0,0,0,Brute Force
6,2,1,0,5,2.647,0.134,0,0,0,0,0,1,Exploit Attempt
14,0,0,1,1,4.6,1.379,0,0,0,0,0,1,Unknown Behaviour
4,0,1,0,2,1.417,0.063,0,0,1,0,0,0,Exploit Attempt
18,0,1,0,18,4.505,0.152,1,0,1,0,0,0,Web Enumeration
5,0,0,1,4,3.313,0.517,0,0,0,0,0,1,Exploit Attempt
25,23,2,18,0,6.815,0.314,0,0,0,1,0,0,Brute Force
3,0,0,1,1,0.72,0.378,0,0,0,1,0,0,Malware Download
5,0,0,0,0,0.755,1.602,3,0,0,0,0,1,Unknown Behaviour
10,0,0,0,10,2.083,0.187,6,0,0,0,0,1,Recon Scan
23,1,1,0,23,1.852,0.1,3,0,1,0,0,0,Web Enumeration
15,0,1,0,4,2.622,1.556,0,0,0,0,0,1,Unknown Behaviour
16,0,0,0,11,2.14,0.073,4,0,0,0,0,1,Recon Scan
23,1,0,0,22,4.203,0.09,0,0,1,0,0,0,Web Enumeration
5,2,0,1,1,3.218,2.052,1,0,0,0,1,0,Unknown Behaviour
9,0,0,0,9,2.548,0.245,4,0,1,0,0,0,Web Enumeration
11,0,0,0,7,1.086,0.132,4,0,1,0,0,0,Recon Scan
4,4,2,0,2,2.885,1.0,1,0,0,0,0,1,Unknown Behaviour
13,1,0,0,13,0.296,0.153,6,0,1,0,0,0,Web Enumeration
26,25,2,24,0,4.077,0.268,4,0,0,1,0,0,Brute Force
34,32,11,15,0,5.601,0.062,1,1,0,0,0,0,Credential Stuffing
16,0,0,0,13,0.103,0.133,1,0,1,0,0,0,Recon Scan
30,28,18,25,0,8.554,0.237,3,0,1,0,0,0,Credential Stuffing
8,2,0,1,6,2.88,0.582,0,0,0,0,0,1,Exploit Attempt
17,0,1,0,16,3.412,0.072,4,0,1,0,0,0,Web Enumeration
19,0,0,0,19,3.306,0.206,0,0,1,0,0,0,Web Enumeration
13,0,0,0,9,1.971,0.073,3,0,1,0,0,0,Recon Scan
2,0,1,1,1,1.17,0.609,0,0,0,1,0,0,Malware Download
29,1,0,0,29,3.526,0.189,1,0,1,0,0,0,Web Enumeration
24,24,1,22,0,7.089,0.045,4,1,0,0,0,0,Brute Force
7,2,1,0,2,3.955,0.764,2,0,0,1,0,0,Unknown Behaviour
28,27,2,19,0,8.085,0.355,0,0,0,1,0,0,Brute Force
22,0,1,0,22,3.03,0.003,3,0,1,0,0,0,Web Enumeration
32,30,25,22,0,8.198,0.106,2,0,1,0,0,0,Credential Stuffing
4,0,1,0,2,1.431,0.575,1,0,0,1,0,0,Malware Download
32,31,18,26,0,9.486,0.235,2,0,0,1,0,0,Credential Stuffing
17,15,1,10,0,6.117,0.216,0,0,0,0,1,0,Brute Force
6,2,0,1,4,2.223,0.227,0,0,0,0,0,1,Exploit Attempt
37,37,1,34,0,5.601,0.294,1,0,0,1,0,0,Brute Force
10,0,1,0,2,0.267,3.134,1,0,1,0,0,0,Unknown Behaviour
19,19,1,18,0,4.052,0.289,1,1,0,0,0,0,Brute Force
10,0,0,0,9,0.331,0.083,0,0,1,0,0,0,Recon Scan
25,24,15,16,0,5.98,0.272,0,0,1,0,0,0,Credential Stuffing
4,1,1,1,2,1.444,0.644,0,0,0,1,0,0,Malware Download
19,0,0,0,17,0.579,0.143,5,0,0,0,0,1,Recon Scan
16,0,0,0,11,0.083,0.122,4,1,0,0,0,0,Recon Scan
4,2,1,0,1,3.388,2.608,0,0,1,0,0,0,Unknown Behaviour
39,39,23,26,0,5.833,0.144,2,0,1,0,0,0,Credential Stuffing
29,1,1,1,29,1.156,0.286,1,0,1,0,0,0,Web Enumeration
14,0,0,0,14,2.949,0.081,4,0,0,0,0,1,Recon Scan
8,0,1,0,2,0.625,0.226,1,0,0,0,1,0,Unknown Behaviour
2,2,0,0,1,1.123,0.525,1,0,0,0,0,1,Exploit Attempt
1,4,1,0,0,5.967,2.432,1,1,0,0,0,0,Unknown Behaviour
19,18,9,8,0,4.815,0.217,0,1,0,0,0,0,Credential Stuffing
2,1,1,1,1,1.572,0.068,1,0,1,0,0,0,Exploit Attempt
12,4,2,0,0,6.033,0.391,3,0,0,1,0,0,Unknown Behaviour
3,0,1,1,1,1.157,0.5,0,0,0,1,0,0,Malware Download
16,1,1,1,15,2.569,0.316,5,0,1,0,0,0,Web Enumeration
16,1,1,0,16,2.184,0.007,0,0,1,0,0,0,Web Enumeration
6,2,0,0,4,1.696,0.623,2,0,1,0,0,0,Exploit Attempt
44,43,33,35,0,13.496,0.218,2,1,0,0,0,0,Credential Stuffing
14,0,0,1,13,2.536,0.294,2,0,1,0,0,0,Web Enumeration
2,2,1,0,0,1.138,1.487,1,0,0,1,0,0,Unknown Behaviour
28,26,10,23,0,4.073,0.159,1,0,1,0,0,0,Credential Stuffing
4,0,1,0,2,0.717,0.72,0,0,0,1,0,0,Malware Download
34,33,1,23,0,11.118,0.164,1,0,0,0,1,0,Brute Force
10,2,1,0,8,2.866,0.322,1,0,0,0,0,1,Exploit Attempt
19,18,1,13,0,3.031,0.455,0,0,0,0,1,0,Brute Force
2,0,1,1,1,1.605,0.467,0,0,1,0,0,0,Exploit Attempt
7,0,0,0,7,0.275,0.158,9,0,0,0,1,0,Recon Scan
16,0,0,0,12,0.192,0.099,2,0,0,0,0,1,Recon Scan
5,1,1,1,3,1.013,0.284,0,0,0,0,0,1,Exploit Attempt
18,0,0,0,12,2.087,0.116,2,0,1,0,0,0,Recon Scan
6,2,0,0,4,0.081,0.355,0,0,1,0,0,0,Unknown Behaviour
2,0,1,0,4,2.525,0.542,1,0,0,1,0,0,Unknown Behaviour
3,2,0,0,1,2.687,0.678,1,0,1,0,0,0,Exploit Attempt
6,1,1,1,5,8.985,2.054,0,0,1,0,0,0,Unknown Behaviour
5,0,0,0,3,4.035,0.341,0,0,0,0,0,1,Exploit Attempt
33,0,0,1,32,2.686,0.207,3,0,1,0,0,0,Web Enumeration
14,0,0,1,14,4.694,0.107,1,0,1,0,0,0,Web Enumeration
16,0,0,0,12,0.469,0.097,6,0,0,0,0,1,Recon Scan
16,6,0,0,3,6.788,0.719,2,0,0,0,0,1,Unknown Behaviour
3,1,1,0,1,2.687,0.595,1,0,1,0,0,0,Exploit Attempt
40,38,25,25,0,5.261,0.131,2,0,1,0,0,0,Credential Stuffing
11,3,0,0,1,2.213,1.345,0,0,0,0,1,0,Unknown Behaviour
3,2,0,0,1,1.803,0.89,0,0,0,0,0,1,Exploit Attempt
31,29,21,21,0,4.771,0.132,1,0,0,1,0,0,Credential Stuffing
2,0,0,1,1,0.467,0.123,0,0,1,0,0,0,Malware Download
7,1,0,0,6,0.584,0.396,1,0,1,0,0,0,Exploit Attempt
5,1,1,1,5,5.695,0.072,3,0,1,0,0,0,Web Enumeration
22,0,0,0,21,1.31,0.154,2,0,1,0,0,0,Web Enumeration
9,0,0,1,9,3.87,0.152,4,0,1,0,0,0,Web Enumeration
10,0,0,0,6,1.359,0.153,4,0,1,0,0,0,Recon Scan
7,1,1,1,5,0.909,0.385,0,0,1,0,0,0,Exploit Attempt
9,0,0,0,8,2.039,0.128,4,0,1,0,0,0,Web Enumeration
12,0,0,0,14,1.723,0.172,4,0,1,0,0,0,Recon Scan
23,0,1,0,22,3.624,0.073,1,0,1,0,0,0,Web Enumeration
8,2,0,1,6,3.249,0.858,2,0,0,0,0,1,Exploit Attempt
33,31,11,22,0,8.495,0.066,1,0,1,0,0,0,Credential Stuffing
3,0,0,0,1,1.312,0.079,6,0,0,0,1,0,Recon Scan
3,1,1,1,2,1.68,0.45,1,0,0,0,0,1,Exploit Attempt
5,2,0,0,3,1.34,0.471,1,0,1,0,0,0,Exploit Attempt
2,1,0,1,1,1.766,0.557,1,0,0,1,0,0,Malware Download
19,1,1,0,19,0.476,0.019,0,0,1,0,0,0,Web Enumeration
5,2,0,1,4,1.563,0.409,0,0,1,0,0,0,Exploit Attempt
3,0,1,0,1,0.493,0.765,1,0,0,0,0,1,Exploit Attempt
5,0,0,0,4,1.28,0.117,3,0,1,0,0,0,Recon Scan
37,36,26,21,0,8.887,0.111,3,0,1,0,0,0,Credential Stuffing
23,23,1,20,0,9.732,0.118,0,1,0,0,0,0,Brute Force
11,0,0,1,10,1.926,0.215,1,0,1,0,0,0,Web Enumeration
32,31,14,17,0,4.455,0.195,1,0,1,0,0,0,Credential Stuffing
28,27,1,26,0,11.546,0.326,1,1,0,0,0,0,Brute Force
8,0,0,0,0,0.012,0.225,0,1,0,0,0,0,Unknown Behaviour
10,0,0,0,8,3.197,0.033,5,0,0,0,0,1,Recon Scan
4,1,1,1,3,1.468,0.288,0,0,1,0,0,0,Malware Download
28,1,1,1,28,3.107,0.1,1,0,1,0,0,0,Web Enumeration
29,0,0,1,29,3.62,0.103,0,0,1,0,0,0,Web Enumeration
26,24,12,23,0,7.756,0.13,0,0,1,0,0,0,Credential Stuffing
17,17,15,19,0,1.104,0.154,1,0,1,0,0,0,Credential Stuffing
35,35,22,31,0,4.426,0.188,1,1,0,0,0,0,Credential Stuffing
3,0,0,0,1,0.918,0.022,4,0,0,0,0,1,Recon Scan
6,1,1,0,4,1.115,0.462,0,0,1,0,0,0,Exploit Attempt
38,36,27,25,0,8.325,0.297,1,0,0,1,0,0,Credential Stuffing
32,31,15,20,0,3.907,0.156,2,1,0,0,0,0,Credential Stuffing
3,1,1,1,2,0.734,0.521,3,0,1,0,0,0,Exploit Attempt
3,1,0,1,1,1.148,0.076,1,0,0,1,0,0,Malware Download
37,37,19,33,0,7.522,0.352,0,0,1,0,0,0,Credential Stuffing
29,28,23,21,0,6.511,0.346,2,1,0,0,0,0,Credential Stuffing
27,25,10,24,0,5.129,0.449,1,0,1,0,0,0,Credential Stuffing
2,2,1,1,1,2.823,0.101,0,0,1,0,0,0,Exploit Attempt
5,0,0,1,4,0.483,1.037,1,0,1,0,0,0,Exploit Attempt
18,17,2,13,0,4.145,0.18,2,0,0,1,0,0,Brute Force
7,0,1,1,5,2.441,1.078,1,0,1,0,0,0,Exploit Attempt
5,0,0,1,3,1.25,0.584,0,0,0,1,0,0,Malware Download
3,2,1,0,1,2.066,0.882,2,0,0,0,0,1,Exploit Attempt
3,0,1,0,1,0.378,0.31,1,0,1,0,0,0,Malware Download
3,1,0,0,1,0.88,0.274,0,0,0,0,0,1,Exploit Attempt
9,0,1,0,9,4.557,0.136,0,0,1,0,0,0,Web Enumeration
8,1,0,0,0,2.051,1.958,3,0,0,1,0,0,Unknown Behaviour
6,0,0,0,5,1.94,0.272,0,0,1,0,0,0,Exploit Attempt
23,21,2,22,0,8.049,0.462,3,0,0,1,0,0,Brute Force
7,0,0,0,5,0.029,1.015,1,0,0,0,0,1,Exploit Attempt
33,31,1,30,0,7.966,0.277,0,0,0,1,0,0,Brute Force
31,30,22,21,0,7.535,0.204,4,0,0,1,0,0,Credential Stuffing
10,0,1,1,3,1.183,0.369,0,1,0,0,0,0,Unknown Behaviour
7,1,0,0,6,2.148,0.652,1,0,0,1,0,0,Exploit Attempt
2,1,1,0,1,0.728,0.117,0,0,1,0,0,0,Malware Download
30,30,1,26,0,9.063,0.248,3,1,0,0,0,0,Brute Force
32,32,17,23,0,7.329,0.302,3,0,1,0,0,0,Credential Stuffing
4,0,0,1,3,2.895,0.826,2,0,1,0,0,0,Exploit Attempt
21,20,1,17,0,6.9,0.149,0,0,0,1,0,0,Brute Force
11,0,0,0,5,0.484,0.116,5,0,0,0,0,1,Recon Scan
22,21,1,18,0,5.667,0.202,2,1,0,0,0,0,Brute Force
45,45,27,34,0,9.962,0.141,2,0,1,0,0,0,Credential Stuffing
5,1,0,0,4,2.806,0.565,0,0,0,0,0,1,Exploit Attempt
4,1,0,0,2,1.243,0.388,0,0,0,1,0,0,Malware Download
30,0,0,1,29,1.736,0.068,2,0,1,0,0,0,Web Enumeration
9,8,1,3,0,5.268,0.376,1,0,0,1,0,0,Brute Force
7,1,0,1,5,0.208,0.6,0,0,0,1,0,0,Exploit Attempt
7,2,0,0,6,0.57,0.447,0,0,0,0,0,1,Exploit Attempt
17,0,0,0,15,1.595,0.022,2,0,0,0,0,1,Recon Scan
5,1,1,1,4,3.88,2.348,2,1,0,0,0,0,Unknown Behaviour
3,0,0,0,2,1.867,0.075,1,1,0,0,0,0,Unknown Behaviour
10,0,0,0,11,1.402,0.088,0,0,1,0,0,0,Recon Scan
10,0,0,0,4,0.219,0.079,2,1,0,0,0,0,Recon Scan
46,44,1,36,0,11.119,0.076,4,1,0,0,0,0,Brute Force
51,49,26,35,0,8.356,0.175,1,0,0,1,0,0,Credential Stuffing
2,5,0,1,4,3.851,3.493,0,0,0,1,0,0,Unknown Behaviour
30,1,1,1,30,0.651,0.272,5,0,1,0,0,0,Web Enumeration
29,28,20,23,0,4.306,0.204,2,0,1,0,0,0,Credential Stuffing
14,1,1,0,6,2.976,1.857,1,1,0,0,0,0,Unknown Behaviour
36,0,1,1,36,1.706,0.16,8,0,1,0,0,0,Web Enumeration
4,0,0,1,3,0.683,0.068,0,0,1,0,0,0,Malware Download
24,22,18,12,0,4.006,0.193,3,1,0,0,0,0,Credential Stuffing
4,0,0,0,2,1.556,0.036,3,0,1,0,0,0,Recon Scan
22,21,2,23,0,6.78,0.256,3,1,0,0,0,0,Brute Force
5,0,1,0,3,1.952,0.553,1,0,0,0,0,1,Exploit Attempt
3,0,0,1,1,1.86,0.494,0,0,1,0,0,0,Malware Download
1,2,0,1,2,3.646,2.069,0,0,1,0,0,0,Unknown Behaviour
3,2,1,0,2,3.281,0.539,0,0,0,0,0,1,Exploit Attempt
2,1,0,0,5,1.759,4.26,0,1,0,0,0,0,Unknown Behaviour
3,2,0,0,1,4.284,0.621,0,0,0,0,0,1,Exploit Attempt
17,0,0,0,16,2.218,0.111,1,0,1,0,0,0,Web Enumeration
1,3,0,1,0,1.059,0.577,1,0,0,0,0,1,Unknown Behaviour
5,1,0,0,3,1.377,0.396,0,0,0,1,0,0,Malware Download
28,28,24,23,0,2.373,0.242,2,0,1,0,0,0,Credential Stuffing
13,0,0,0,12,3.272,0.27,1,0,1,0,0,0,Web Enumeration
10,0,0,0,7,0.647,0.144,5,1,0,0,0,0,Recon Scan
3,1,0,0,1,0.856,0.325,0,0,0,1,0,0,Malware Download
6,1,0,0,4,0.618,0.861,0,0,0,1,0,0,Exploit Attempt
14,0,0,1,13,2.806,0.111,5,0,1,0,0,0,Web Enumeration
38,38,1,35,0,11.71,0.112,0,0,0,1,0,0,Brute Force
9,0,0,0,0,1.145,2.037,1,0,1,0,0,0,Unknown Behaviour
6,1,1,1,4,1.195,0.314,0,0,1,0,0,0,Exploit Attempt
32,32,1,30,0,7.631,0.284,0,1,0,0,0,0,Brute Force
30,29,1,27,0,9.584,0.291,1,1,0,0,0,0,Brute Force
4,1,0,0,3,2.174,0.292,0,0,0,1,0,0,Malware Download
28,0,1,0,27,1.947,0.136,3,0,1,0,0,0,Web Enumeration
5,2,0,0,4,1.126,0.866,0,0,0,0,0,1,Exploit Attempt
21,1,0,1,21,2.452,0.231,0,0,1,0,0,0,Web Enumeration
7,1,0,0,5,2.475,0.034,0,0,1,0,0,0,Exploit Attempt
28,1,1,1,27,5.127,0.154,5,0,1,0,0,0,Web Enumeration
3,1,0,1,2,0.936,0.548,0,0,0,1,0,0,Malware Download
26,1,0,0,25,2.275,0.325,3,0,1,0,0,0,Web Enumeration
25,25,2,19,0,9.534,0.37,0,1,0,0,0,0,Brute Force
29,0,1,0,28,2.818,0.067,3,0,1,0,0,0,Web Enumeration
18,1,1,1,18,2.524,0.238,2,0,1,0,0,0,Web Enumeration
13,0,0,0,12,1.336,0.071,0,0,1,0,0,0,Recon Scan
2,1,0,0,1,0.089,0.478,1,0,1,0,0,0,Exploit Attempt
16,0,0,1,16,2.684,0.012,3,0,1,0,0,0,Web Enumeration
23,23,14,22,0,9.175,0.049,2,0,1,0,0,0,Credential Stuffing
2,1,0,0,1,0.352,0.158,0,0,0,1,0,0,Malware Download
4,1,0,0,2,0.42,0.611,1,0,0,1,0,0,Malware Download
8,0,0,0,4,2.151,0.137,5,0,1,0,0,0,Recon Scan
4,1,0,1,3,3.187,0.545,0,0,0,0,0,1,Exploit Attempt
9,0,0,0,10,1.744,0.092,4,0,0,0,0,1,Recon Scan
42,40,20,29,0,10.511,0.143,1,0,0,1,0,0,Credential Stuffing
22,21,1,21,0,5.201,0.234,2,1,0,0,0,0,Brute Force
18,0,0,0,18,1.132,0.076,6,0,1,0,0,0,Web Enumeration
34,33,1,21,0,6.366,0.513,1,1,0,0,0,0,Brute Force
3,1,1,1,1,0.92,0.588,0,0,1,0,0,0,Malware Download
10,1,1,0,9,2.332,0.392,1,0,0,0,0,1,Exploit Attempt
5,0,0,1,4,0.299,1.564,2,0,1,0,0,0,Unknown Behaviour
13,0,0,1,13,0.937,0.194,6,0,1,0,0,0,Web Enumeration
4,2,1,0,2,2.072,0.128,0,0,1,0,0,0,Exploit Attempt
25,25,1,25,0,5.328,0.326,3,0,0,1,0,0,Brute Force
11,0,0,0,8,1.506,0.122,6,0,0,0,0,1,Recon Scan
9,0,0,1,0,4.65,1.152,1,0,0,0,1,0,Unknown Behaviour
5,1,0,0,0,1.003,1.625,0,0,0,0,1,0,Unknown Behaviour
34,32,13,25,0,3.929,0.189,0,0,0,1,0,0,Credential Stuffing
5,3,2,1,0,0.349,1.17,0,0,0,1,0,0,Unknown Behaviour
15,0,0,0,12,0.786,0.034,5,1,0,0,0,0,Recon Scan
22,0,0,1,22,1.62,0.196,2,0,1,0,0,0,Web Enumeration
7,0,0,0,3,1.989,4.515,1,0,0,0,0,1,Unknown Behaviour
4,0,0,0,3,2.502,0.794,0,0,0,0,0,1,Exploit Attempt
3,0,1,1,1,1.343,0.462,0,0,0,1,0,0,Malware Download
18,0,0,1,18,5.829,0.163,3,0,1,0,0,0,Web Enumeration
38,37,21,31,0,8.891,0.22,1,0,0,1,0,0,Credential Stuffing
4,0,0,0,0,6.115,1.087,0,0,1,0,0,0,Unknown Behaviour
26,26,9,20,0,3.639,0.005,4,0,1,0,0,0,Credential Stuffing
14,1,0,1,14,1.177,0.085,0,0,1,0,0,0,Web Enumeration
9,2,0,1,7,3.442,0.516,1,0,1,0,0,0,Exploit Attempt
27,26,1,27,0,9.226,0.153,0,1,0,0,0,0,Brute Force
6,0,0,0,4,1.762,0.055,4,0,1,0,0,0,Recon Scan
41,39,20,37,0,7.168,0.202,3,0,1,0,0,0,Credential Stuffing
40,40,25,30,0,8.069,0.148,1,0,1,0,0,0,Credential Stuffing
24,1,0,1,23,2.858,0.131,4,0,1,0,0,0,Web Enumeration
25,1,0,0,25,2.995,0.186,2,0,1,0,0,0,Web Enumeration
5,1,1,0,3,0.067,0.825,0,0,0,0,0,1,Exploit Attempt
10,8,4,4,0,1.748,0.105,1,0,1,0,0,0,Credential Stuffing
29,28,16,15,0,8.422,0.123,3,1,0,0,0,0,Credential Stuffing
6,0,0,0,5,1.869,0.149,0,0,0,0,0,1,Exploit Attempt
12,0,0,0,11,1.991,0.16,4,0,1,0,0,0,Recon Scan
24,1,0,1,24,1.572,0.194,3,0,1,0,0,0,Web Enumeration
32,31,2,31,0,9.722,0.274,2,0,0,0,1,0,Brute Force
23,23,1,21,0,10.588,0.359,1,1,0,0,0,0,Brute Force
11,3,1,1,3,1.955,0.435,2,0,0,1,0,0,Unknown Behaviour
18,17,11,12,0,3.468,0.27,3,0,1,0,0,0,Credential Stuffing
5,0,1,1,3,3.297,0.154,1,0,1,0,0,0,Exploit Attempt
5,1,0,0,5,0.877,0.109,7,0,1,0,0,0,Web Enumeration
17,16,1,12,0,4.243,0.366,1,0,0,1,0,0,Brute Force
12,0,0,0,6,2.015,0.071,6,0,0,0,1,0,Recon Scan
3,0,0,0,1,1.906,0.35,0,0,0,0,0,1,Exploit Attempt
24,24,1,22,0,2.485,0.582,1,0,0,0,1,0,Brute Force
23,23,1,22,0,3.791,0.212,0,0,0,0,1,0,Brute Force
31,31,21,27,0,7.305,0.176,1,1,0,0,0,0,Credential Stuffing
35,33,1,30,0,9.757,0.142,1,0,0,0,1,0,Brute Force
2,1,1,0,1,0.91,0.951,0,0,0,1,0,0,Unknown Behaviour
2,1,1,1,1,1.167,0.512,0,0,0,1,0,0,Malware Download
19,1,0,1,18,1.956,0.21,5,0,1,0,0,0,Web Enumeration
33,31,1,26,0,8.676,0.603,0,0,0,1,0,0,Brute Force
27,25,17,16,0,7.196,0.071,2,1,0,0,0,0,Credential Stuffing
31,31,11,26,0,8.131,0.453,1,0,1,0,0,0,Credential Stuffing
13,0,1,1,13,0.199,0.119,5,0,1,0,0,0,Web Enumeration
10,0,0,0,7,1.723,0.131,2,0,1,0,0,0,Recon Scan
13,0,0,0,13,1.695,0.093,4,0,1,0,0,0,Web Enumeration
20,1,0,1,19,4.186,0.269,1,0,1,0,0,0,Web Enumeration
10,0,0,0,9,1.84,0.116,4,0,1,0,0,0,Recon Scan
30,29,2,29,0,14.877,0.377,2,1,0,0,0,0,Brute Force
5,0,0,1,3,2.297,0.407,1,0,1,0,0,0,Exploit Attempt
15,13,1,8,0,5.411,0.353,3,1,0,0,0,0,Brute Force
2,0,1,0,1,1.162,0.171,2,0,1,0,0,0,Malware Download
3,0,0,1,1,2.485,0.267,0,0,1,0,0,0,Malware Download
23,0,1,0,22,0.546,0.171,5,0,1,0,0,0,Web Enumeration
4,0,0,0,0,1.488,0.089,3,0,0,0,0,1,Recon Scan
5,0,0,0,3,0.937,0.273,1,0,0,1,0,0,Malware Download
32,32,1,32,0,12.281,0.378,1,0,0,0,1,0,Brute Force
3,2,0,0,1,4.344,1.92,3,0,0,0,1,0,Unknown Behaviour
1,1,0,0,4,2.813,2.278,0,1,0,0,0,0,Unknown Behaviour
9,0,0,0,2,1.337,0.047,2,0,0,1,0,0,Recon Scan
4,1,0,1,3,1.856,0.336,0,0,1,0,0,0,Malware Download
4,2,0,1,3,2.252,0.043,1,0,0,0,0,1,Exploit Attempt
4,0,0,1,2,0.291,0.325,0,0,1,0,0,0,Malware Download
4,2,0,0,3,1.794,0.25,0,0,0,1,0,0,Exploit Attempt
2,0,1,0,0,4.582,1.116,1,0,0,0,0,1,Unknown Behaviour
10,8,8,4,0,0.659,0.292,0,0,0,1,0,0,Credential Stuffing
12,10,1,10,0,4.65,0.193,3,1,0,0,0,0,Brute Force
17,0,0,1,17,3.581,0.11,2,0,1,0,0,0,Web Enumeration
13,0,0,0,9,1.512,0.124,4,1,0,0,0,0,Recon Scan
11,0,0,0,5,0.587,0.111,6,0,1,0,0,0,Recon Scan
19,17,10,12,0,1.827,0.287,1,0,1,0,0,0,Credential Stuffing
8,1,0,0,1,1.073,0.668,1,0,1,0,0,0,Unknown Behaviour
16,0,0,0,13,0.877,0.061,4,0,1,0,0,0,Recon Scan
18,0,0,0,16,0.499,0.184,2,0,1,0,0,0,Recon Scan
35,33,23,25,0,8.351,0.287,1,0,1,0,0,0,Credential Stuffing
3,1,0,0,3,0.774,1.049,1,0,0,0,0,1,Unknown Behaviour
2,1,1,1,1,0.748,0.58,0,0,0,1,0,0,Malware Download
21,19,12,5,0,2.652,0.296,1,1,0,0,0,0,Credential Stuffing
57,55,33,46,0,7.627,0.152,3,0,1,0,0,0,Credential Stuffing
28,0,0,1,28,4.129,0.03,4,0,1,0,0,0,Web Enumeration
24,22,7,15,0,3.841,0.199,2,0,0,1,0,0,Credential Stuffing
44,44,29,33,0,6.939,0.261,3,0,1,0,0,0,Credential Stuffing
30,28,12,18,0,8.614,0.102,3,1,0,0,0,0,Credential Stuffing
13,1,0,0,0,1.802,0.993,3,0,1,0,0,0,Unknown Behaviour
7,0,1,1,0,2.641,0.155,1,1,0,0,0,0,Unknown Behaviour
30,30,1,28,0,8.521,0.355,4,1,0,0,0,0,Brute Force
34,32,1,24,0,8.977,0.188,3,0,0,0,1,0,Brute Force
7,0,1,0,1,1.832,1.675,0,0,0,1,0,0,Unknown Behaviour
30,29,1,29,0,9.414,0.254,2,1,0,0,0,0,Brute Force
17,17,1,9,0,6.039,0.641,2,0,0,0,1,0,Brute Force
23,1,1,0,22,2.989,0.115,6,0,1,0,0,0,Web Enumeration
2,0,1,0,1,0.384,0.434,0,0,0,1,0,0,Malware Download
17,0,0,0,11,0.605,0.132,3,0,1,0,0,0,Recon Scan
3,0,1,0,1,0.731,0.196,0,0,0,1,0,0,Malware Download
23,1,0,1,23,3.603,0.216,1,0,1,0,0,0,Web Enumeration
3,0,1,0,1,0.666,0.581,0,0,1,0,0,0,Malware Download
11,1,1,0,6,2.663,0.162,1,1,0,0,0,0,Unknown Behaviour
41,40,2,39,0,13.409,0.156,4,1,0,0,0,0,Brute Force
16,16,12,13,0,5.045,0.147,0,0,0,1,0,0,Credential Stuffing
21,0,0,0,20,3.4,0.085,3,0,1,0,0,0,Web Enumeration
40,40,28,31,0,7.728,0.079,3,0,0,1,0,0,Credential Stuffing
13,0,0,0,8,1.219,0.025,1,0,0,0,0,1,Recon Scan
27,0,0,0,27,1.743,0.157,0,0,1,0,0,0,Web Enumeration
12,12,3,12,0,6.524,0.173,2,1,0,0,0,0,Brute Force
22,3,0,0,4,3.486,1.138,1,0,0,0,0,1,Unknown Behaviour
4,1,1,1,2,0.946,0.599,0,0,1,0,0,0,Malware Download
27,27,23,32,0,2.991,0.074,0,0,1,0,0,0,Credential Stuffing
2,1,1,0,1,2.173,0.711,0,0,1,0,0,0,Malware Download
11,0,0,0,9,1.199,0.007,3,0,1,0,0,0,Recon Scan
34,32,1,23,0,5.767,0.111,0,0,0,1,0,0,Brute Force
3,0,0,1,2,0.589,0.135,1,0,1,0,0,0,Malware Download
4,0,0,0,2,0.629,0.426,2,0,0,0,0,1,Exploit Attempt
10,0,0,0,5,0.909,0.116,6,0,0,0,1,0,Recon Scan
18,0,0,0,16,1.797,0.033,4,0,1,0,0,0,Recon Scan
14,0,0,0,3,1.296,0.184,0,0,0,1,0,0,Unknown Behaviour
2,2,0,1,1,1.237,0.402,1,0,1,0,0,0,Exploit Attempt
24,1,1,1,24,3.151,0.104,3,0,1,0,0,0,Web Enumeration
16,15,2,14,0,4.419,0.029,1,0,0,0,1,0,Brute Force
4,2,0,1,2,1.071,0.439,1,0,1,0,0,0,Exploit Attempt
34,33,21,28,0,5.55,0.349,1,0,1,0,0,0,Credential Stuffing
25,25,13,23,0,3.429,0.374,0,0,1,0,0,0,Credential Stuffing
11,1,1,0,11,2.25,0.144,0,0,1,0,0,0,Web Enumeration
37,36,26,20,0,4.17,0.115,0,1,0,0,0,0,Credential Stuffing
29,27,13,21,0,4.532,0.309,1,0,1,0,0,0,Credential Stuffing
11,1,1,0,11,5.421,0.234,0,0,1,0,0,0,Web Enumeration
3,0,1,0,1,0.017,0.204,1,0,1,0,0,0,Malware Download
2,0,1,0,1,0.598,0.535,0,0,0,1,0,0,Malware Download
2,2,1,1,4,1.745,0.752,3,0,1,0,0,0,Unknown Behaviour
6,2,0,1,4,1.95,0.635,0,0,0,0,0,1,Exploit Attempt
9,0,0,0,8,1.752,0.03,6,0,1,0,0,0,Recon Scan
11,0,0,0,6,1.244,0.063,5,0,0,0,0,1,Recon Scan
3,0,0,0,1,1.916,0.715,1,1,0,0,0,0,Unknown Behaviour
3,1,1,1,1,0.998,0.007,0,0,1,0,0,0,Malware Download
34,32,22,26,0,6.78,0.344,1,0,1,0,0,0,Credential Stuffing
4,1,1,0,2,0.94,0.443,0,0,0,1,0,0,Malware Download
43,41,1,39,0,12.716,0.064,3,1,0,0,0,0,Brute Force
5,0,0,0,4,1.631,0.283,1,0,1,0,0,0,Exploit Attempt
39,37,27,27,0,6.352,0.176,1,0,1,0,0,0,Credential Stuffing
12,0,0,0,14,0.4,0.095,7,1,0,0,0,0,Recon Scan
4,0,0,1,5,4.779,1.505,0,0,0,1,0,0,Unknown Behaviour
5,0,0,0,4,1.95,0.089,0,0,1,0,0,0,Recon Scan
20,19,1,16,0,7.121,0.496,0,1,0,0,0,0,Brute Force
9,0,0,0,7,0.86,0.086,3,0,0,0,0,1,Recon Scan
3,0,1,0,1,0.041,0.604,0,0,0,1,0,0,Malware Download
11,0,0,0,5,1.594,0.162,1,0,1,0,0,0,Recon Scan
29,29,1,30,0,11.119,0.372,4,0,0,1,0,0,Brute Force
5,1,0,0,4,0.296,0.465,0,0,1,0,0,0,Malware Download
2,0,1,1,1,1.594,0.533,0,0,1,0,0,0,Malware Download
7,2,0,1,6,1.168,0.132,0,0,1,0,0,0,Exploit Attempt
4,1,0,0,2,1.646,0.609,0,0,0,1,0,0,Malware Download
17,0,0,0,14,2.283,0.055,5,1,0,0,0,0,Recon Scan
19,0,0,0,16,1.318,0.129,1,0,1,0,0,0,Recon Scan
19,1,0,1,19,2.219,0.109,5,0,1,0,0,0,Web Enumeration
8,0,0,0,8,0.127,0.116,4,1,0,0,0,0,Recon Scan
2,0,0,1,1,0.921,0.386,0,0,0,1,0,0,Malware Download
2,0,0,0,1,1.638,0.438,0,0,0,1,0,0,Malware Download
8,0,0,0,8,2.421,0.133,5,0,0,0,0,1,Recon Scan
36,36,19,24,0,6.732,0.31,1,0,1,0,0,0,Credential Stuffing
23,0,0,0,23,4.115,0.105,0,0,1,0,0,0,Web Enumeration
21,21,1,15,0,2.998,0.265,0,1,0,0,0,0,Brute Force
28,26,1,22,0,14.708,0.343,1,0,0,1,0,0,Brute Force
4,0,0,1,3,1.287,0.441,1,0,1,0,0,0,Exploit Attempt
4,0,1,1,2,0.896,0.504,0,0,0,1,0,0,Malware Download
5,2,1,0,3,3.689,0.459,0,0,0,0,0,1,Exploit Attempt
16,14,13,14,0,1.424,0.118,1,0,0,1,0,0,Credential Stuffing
6,0,1,1,5,3.378,0.861,2,0,1,0,0,0,Exploit Attempt
33,31,18,27,0,5.856,0.243,0,0,1,0,0,0,Credential Stuffing
24,0,1,1,23,1.359,0.042,0,0,1,0,0,0,Web Enumeration
12,0,0,0,10,2.131,0.027,3,0,1,0,0,0,Recon Scan
22,0,1,0,22,4.047,0.173,2,0,1,0,0,0,Web Enumeration
26,26,2,22,0,9.436,0.09,0,0,0,0,1,0,Brute Force
8,0,0,0,4,0.135,0.112,3,0,0,0,1,0,Recon Scan
6,2,0,1,5,1.822,0.499,1,0,0,1,0,0,Exploit Attempt
18,18,6,17,0,4.091,0.261,0,0,1,0,0,0,Credential Stuffing
5,0,1,0,3,1.21,0.399,0,0,0,0,0,1,Exploit Attempt
6,2,1,0,4,1.101,0.846,0,0,0,0,0,1,Exploit Attempt
4,1,1,0,3,2.117,0.373,0,0,0,1,0,0,Exploit Attempt
40,38,1,35,0,10.76,0.564,0,1,0,0,0,0,Brute Force
25,23,12,16,0,1.928,0.208,1,0,1,0,0,0,Credential Stuffing
16,0,0,0,13,1.959,0.118,5,0,1,0,0,0,Recon Scan
11,0,0,0,9,2.5,0.047,3,0,1,0,0,0,Recon Scan
3,0,0,1,2,1.285,0.119,0,0,0,1,0,0,Malware Download
12,0,0,0,10,0.707,0.101,5,0,1,0,0,0,Recon Scan
19,19,1,15,0,7.66,0.342,0,1,0,0,0,0,Brute Force
2,1,0,1,1,0.706,0.331,1,0,1,0,0,0,Malware Download
4,1,0,1,3,1.081,0.698,0,0,0,1,0,0,Exploit Attempt
8,0,0,0,5,1.511,0.144,1,1,0,0,0,0,Recon Scan
9,8,12,4,0,1.882,0.257,3,0,1,0,0,0,Credential Stuffing
5,0,1,0,3,1.489,0.062,0,0,0,0,0,1,Exploit Attempt
10,1,1,0,0,0.64,1.007,1,0,0,0,0,1,Unknown Behaviour
28,28,1,26,0,9.962,0.109,0,1,0,0,0,0,Brute Force
3,1,1,1,1,3.057,1.585,4,1,0,0,0,0,Unknown Behaviour
47,46,2,41,0,9.922,0.102,3,0,0,0,1,0,Brute Force
8,1,0,1,6,2.73,0.534,0,0,0,0,0,1,Exploit Attempt
1,2,0,0,5,3.938,1.044,1,0,0,0,1,0,Unknown Behaviour
2,0,1,1,5,3.006,1.534,2,1,0,0,0,0,Unknown Behaviour
36,36,1,33,0,8.317,0.077,2,1,0,0,0,0,Brute Force
23,22,6,11,0,3.732,0.182,0,0,1,0,0,0,Credential Stuffing
46,44,2,37,0,14.495,0.175,0,0,0,0,1,0,Brute Force
25,0,1,0,24,3.164,0.015,4,0,1,0,0,0,Web Enumeration
4,0,0,0,3,1.353,0.569,1,0,1,0,0,0,Exploit Attempt
18,0,0,0,15,2.063,0.106,4,0,1,0,0,0,Recon Scan
38,37,1,28,0,13.32,0.504,0,1,0,0,0,0,Brute Force
13,0,0,0,7,2.69,0.062,2,0,1,0,0,0,Recon Scan
3,0,0,1,2,0.786,0.817,0,0,0,0,0,1,Exploit Attempt
4,2,1,0,2,3.068,0.512,0,0,1,0,0,0,Exploit Attempt
3,2,1,0,1,2.344,1.064,1,0,1,0,0,0,Exploit Attempt
22,1,0,1,21,3.122,0.191,4,0,1,0,0,0,Web Enumeration
7,1,1,1,6,2.383,0.471,1,0,0,1,0,0,Exploit Attempt
11,0,0,0,11,1.145,0.022,5,0,1,0,0,0,Recon Scan
19,0,0,0,15,2.791,0.113,5,1,0,0,0,0,Recon Scan
19,18,2,18,0,6.603,0.439,0,1,0,0,0,0,Brute Force
9,2,1,0,7,1.611,0.867,0,0,0,0,0,1,Exploit Attempt
6,1,0,0,5,3.255,0.609,2,0,0,0,0,1,Exploit Attempt
41,39,18,32,0,7.829,0.235,1,0,0,1,0,0,Credential Stuffing
2,0,0,0,1,0.035,0.261,1,0,0,0,0,1,Exploit Attempt
3,0,0,0,2,1.034,0.304,1,0,0,1,0,0,Malware Download
4,0,1,0,3,1.995,0.073,1,0,0,1,0,0,Malware Download
23,22,2,18,0,5.757,0.447,1,0,0,1,0,0,Brute Force
11,2,2,0,1,0.488,3.212,0,0,0,0,1,0,Unknown Behaviour
9,8,7,4,0,2.454,0.179,2,1,0,0,0,0,Credential Stuffing
5,1,1,0,4,4.691,0.775,1,0,0,0,0,1,Exploit Attempt
24,23,16,27,0,4.56,0.312,0,1,0,0,0,0,Credential Stuffing
49,49,28,37,0,10.896,0.377,2,1,0,0,0,0,Credential Stuffing
4,1,0,1,3,1.137,0.115,1,0,1,0,0,0,Malware Download
2,1,1,0,3,0.92,0.581,1,0,0,0,1,0,Unknown Behaviour
15,0,0,0,14,1.096,0.042,4,0,1,0,0,0,Web Enumeration
16,0,0,0,14,2.24,0.132,4,0,0,0,0,1,Recon Scan
16,0,0,0,12,0.806,0.075,6,0,0,0,0,1,Recon Scan
18,17,6,16,0,5.567,0.104,2,0,1,0,0,0,Credential Stuffing
3,0,0,0,0,2.621,0.067,4,0,1,0,0,0,Recon Scan
11,0,0,0,8,0.058,0.074,5,0,0,1,0,0,Recon Scan
12,0,0,0,12,1.66,0.094,4,0,0,0,1,0,Recon Scan
10,0,1,1,0,4.472,0.489,1,0,0,1,0,0,Unknown Behaviour
5,0,1,0,0,6.037,2.099,0,0,1,0,0,0,Unknown Behaviour
34,33,23,30,0,8.167,0.342,2,0,1,0,0,0,Credential Stuffing
2,1,1,0,1,0.902,0.423,0,0,0,1,0,0,Malware Download
6,1,1,0,6,0.23,2.175,1,0,0,1,0,0,Unknown Behaviour
12,0,0,0,9,2.291,0.117,5,0,1,0,0,0,Recon Scan
23,0,1,0,22,5.61,0.035,6,0,1,0,0,0,Web Enumeration
7,0,0,0,3,0.865,0.042,4,0,0,0,0,1,Recon Scan
33,33,21,38,0,6.355,0.188,3,0,1,0,0,0,Credential Stuffing
27,25,10,15,0,5.807,0.089,3,0,1,0,0,0,Credential Stuffing
43,41,1,33,0,11.256,0.417,3,0,0,1,0,0,Brute Force
6,0,0,0,5,1.731,0.779,0,0,1,0,0,0,Exploit Attempt
4,1,0,1,2,0.677,0.385,1,0,0,1,0,0,Malware Download
4,2,1,1,2,0.426,0.551,1,0,1,0,0,0,Exploit Attempt
18,0,0,0,17,4.247,0.193,2,0,1,0,0,0,Web Enumeration
9,0,1,1,7,0.823,0.693,2,0,1,0,0,0,Exploit Attempt
13,0,1,0,12,4.122,0.184,2,0,1,0,0,0,Web Enumeration
48,47,32,38,0,7.39,0.272,1,0,1,0,0,0,Credential Stuffing
5,0,0,1,3,0.213,0.108,0,0,0,1,0,0,Malware Download
43,41,22,30,0,10.762,0.316,3,0,1,0,0,0,Credential Stuffing
5,0,0,0,4,2.248,0.487,0,0,1,0,0,0,Exploit Attempt
12,0,0,0,2,6.84,1.554,0,0,1,0,0,0,Unknown Behaviour
4,0,1,1,3,2.064,0.196,0,0,0,1,0,0,Malware Download
12,11,4,5,0,0.654,0.297,0,0,1,0,0,0,Credential Stuffing
37,36,1,31,0,8.112,0.361,2,1,0,0,0,0,Brute Force
2,0,0,0,1,1.015,0.496,0,0,0,1,0,0,Malware Download
9,1,1,1,7,1.118,0.506,1,0,1,0,0,0,Exploit Attempt
31,31,2,28,0,10.47,0.31,0,0,0,1,0,0,Brute Force
31,31,1,31,0,9.211,0.089,3,0,0,1,0,0,Brute Force
3,0,0,0,2,0.444,0.266,0,0,0,1,0,0,Malware Download
15,0,0,0,10,0.073,0.031,2,0,1,0,0,0,Recon Scan
4,2,1,1,3,2.11,0.193,2,0,0,0,0,1,Exploit Attempt
12,0,0,0,10,1.632,0.141,4,1,0,0,0,0,Recon Scan
16,1,1,0,0,1.787,1.89,4,0,0,1,0,0,Unknown Behaviour
5,1,0,0,2,1.201,1.282,0,0,1,0,0,0,Unknown Behaviour
28,26,23,20,0,8.737,0.06,2,1,0,0,0,0,Credential Stuffing
17,0,0,0,16,0.648,0.211,5,0,0,1,0,0,Recon Scan
29,29,21,20,0,3.006,0.246,1,1,0,0,0,0,Credential Stuffing
28,0,0,1,27,5.105,0.154,0,0,1,0,0,0,Web Enumeration
34,1,0,0,34,3.538,0.01,0,0,1,0,0,0,Web Enumeration
13,12,2,7,0,3.618,0.283,4,0,0,1,0,0,Brute Force
10,0,0,0,8,2.119,0.083,6,1,0,0,0,0,Recon Scan
3,1,0,1,2,0.69,0.601,1,0,1,0,0,0,Malware Download
8,0,1,1,8,1.455,0.183,1,0,1,0,0,0,Web Enumeration
13,4,1,1,1,1.868,4.723,1,0,0,1,0,0,Unknown Behaviour
16,0,0,0,13,0.641,0.118,2,0,0,0,0,1,Recon Scan
4,0,1,0,2,1.617,0.512,0,0,1,0,0,0,Malware Download
3,1,1,1,1,0.624,0.5,0,0,0,1,0,0,Malware Download
22,21,1,18,0,2.223,0.468,1,1,0,0,0,0,Brute Force
11,0,0,1,11,5.388,0.038,2,0,1,0,0,0,Web Enumeration
13,3,0,1,4,2.447,1.289,1,1,0,0,0,0,Unknown Behaviour
4,0,0,0,0,2.283,1.353,1,0,1,0,0,0,Unknown Behaviour
3,0,1,0,7,1.673,0.42,1,0,0,0,1,0,Unknown Behaviour
3,1,0,2,3,7.728,2.073,2,1,0,0,0,0,Unknown Behaviour
8,1,0,0,0,1.091,2.44,0,0,0,0,0,1,Unknown Behaviour
18,0,1,0,18,5.232,0.214,3,0,1,0,0,0,Web Enumeration
11,1,1,1,6,6.106,3.344,0,1,0,0,0,0,Unknown Behaviour
28,27,3,21,0,4.304,0.493,0,1,0,0,0,0,Brute Force
2,1,1,0,1,0.65,0.47,0,0,0,1,0,0,Malware Download
19,19,1,16,0,2.508,0.389,2,1,0,0,0,0,Brute Force
4,0,0,1,2,0.769,0.31,0,0,1,0,0,0,Malware Download
14,14,9,17,0,1.65,0.136,1,0,1,0,0,0,Credential Stuffing
10,0,0,0,8,0.838,0.082,3,0,0,0,0,1,Recon Scan
3,1,0,0,1,1.012,0.163,0,0,0,0,0,1,Exploit Attempt
31,29,1,26,0,8.543,0.396,2,0,0,0,1,0,Brute Force
4,1,0,1,2,1.242,0.845,1,0,0,0,0,1,Exploit Attempt
9,1,0,0,9,5.885,0.007,2,0,1,0,0,0,Web Enumeration
4,1,2,2,3,5.949,2.96,0,0,0,0,0,1,Unknown Behaviour
1,1,2,0,2,1.721,0.623,0,1,0,0,0,0,Unknown Behaviour
2,0,1,1,0,0.223,4.008,0,0,1,0,0,0,Unknown Behaviour
27,25,16,17,0,3.384,0.165,1,0,1,0,0,0,Credential Stuffing
3,1,1,1,2,0.945,0.214,0,0,1,0,0,0,Malware Download
21,20,1,18,0,8.285,0.303,0,1,0,0,0,0,Brute Force
15,0,0,0,12,0.39,0.076,4,0,1,0,0,0,Recon Scan
3,1,0,1,2,0.765,0.352,1,0,0,1,0,0,Malware Download
25,23,17,18,0,2.508,0.032,3,0,1,0,0,0,Credential Stuffing
3,1,0,1,2,1.197,0.306,0,0,0,1,0,0,Malware Download
4,1,1,0,2,1.785,0.456,1,0,1,0,0,0,Exploit Attempt
5,1,1,0,0,1.842,0.259,0,1,0,0,0,0,Unknown Behaviour
13,1,0,0,13,5.587,0.02,3,0,1,0,0,0,Web Enumeration
29,0,0,1,28,2.621,0.011,5,0,1,0,0,0,Web Enumeration
9,0,0,0,6,1.135,0.031,2,0,1,0,0,0,Recon Scan
2,3,0,0,2,5.204,3.594,1,1,0,0,0,0,Unknown Behaviour
4,2,1,1,3,1.506,0.312,0,0,1,0,0,0,Exploit Attempt
20,18,2,16,0,6.302,0.261,1,1,0,0,0,0,Brute Force
8,0,0,0,1,6.586,2.062,1,0,1,0,0,0,Unknown Behaviour
23,21,1,22,0,8.021,0.312,1,0,0,0,1,0,Brute Force
25,25,2,18,0,8.778,0.35,3,0,0,1,0,0,Brute Force
9,0,0,0,7,2.19,0.124,3,0,1,0,0,0,Recon Scan
12,0,0,0,8,0.4,0.112,4,0,0,0,0,1,Recon Scan
2,0,0,1,1,1.83,0.507,0,0,0,1,0,0,Malware Download
2,1,1,0,1,1.352,0.299,0,0,0,1,0,0,Malware Download
35,34,2,34,0,8.894,0.281,1,0,0,0,1,0,Brute Force
33,31,28,30,0,4.758,0.173,1,0,0,1,0,0,Credential Stuffing
11,0,1,1,10,1.867,0.192,2,0,1,0,0,0,Web Enumeration
6,0,1,0,4,3.971,1.111,0,0,1,0,0,0,Exploit Attempt
2,1,0,0,1,0.677,0.316,0,0,1,0,0,0,Malware Download
4,2,0,0,3,1.395,0.6,1,0,0,0,0,1,Exploit Attempt
4,1,1,1,2,1.208,0.444,1,0,1,0,0,0,Malware Download
23,22,9,15,0,5.45,0.089,1,0,1,0,0,0,Credential Stuffing
2,1,0,1,1,0.97,0.285,0,0,0,1,0,0,Malware Download
3,1,1,0,1,1.634,0.488,0,0,1,0,0,0,Malware Download
31,31,26,27,0,8.965,0.277,4,0,1,0,0,0,Credential Stuffing
10,0,0,0,0,2.699,0.853,1,0,1,0,0,0,Unknown Behaviour
26,24,18,10,0,3.69,0.195,2,0,1,0,0,0,Credential Stuffing
15,14,1,14,0,6.381,0.16,0,1,0,0,0,0,Brute Force
3,1,1,1,2,0.797,0.116,0,0,1,0,0,0,Exploit Attempt
3,4,0,0,2,1.706,0.143,1,0,0,1,0,0,Unknown Behaviour
8,2,1,0,6,2.169,1.165,1,0,1,0,0,0,Exploit Attempt
3,1,1,0,1,1.586,0.208,0,0,0,1,0,0,Malware Download
1,3,0,0,3,2.509,0.137,1,0,0,0,1,0,Unknown Behaviour
48,46,29,37,0,8.544,0.184,2,0,1,0,0,0,Credential Stuffing
17,1,0,0,16,1.143,0.207,4,0,1,0,0,0,Web Enumeration
5,0,1,0,3,1.748,0.401,2,0,0,1,0,0,Malware Download
37,36,18,27,0,8.759,0.198,3,0,1,0,0,0,Credential Stuffing
4,0,0,0,3,0.74,0.129,4,0,1,0,0,0,Recon Scan
19,18,6,18,0,3.837,0.158,1,0,1,0,0,0,Credential Stuffing
5,1,1,1,4,2.199,0.837,2,0,1,0,0,0,Exploit Attempt
23,1,1,0,23,3.855,0.193,2,0,1,0,0,0,Web Enumeration
12,0,0,0,6,1.449,0.096,7,0,1,0,0,0,Recon Scan
28,28,15,21,0,3.34,0.135,4,1,0,0,0,0,Credential Stuffing
13,0,0,0,8,2.829,0.162,5,0,1,0,0,0,Recon Scan
20,1,0,0,19,3.139,0.085,2,0,1,0,0,0,Web Enumeration
23,22,14,23,0,1.773,0.087,1,0,1,0,0,0,Credential Stuffing
3,0,1,1,1,1.241,0.444,0,0,0,1,0,0,Malware Download
1,0,0,0,6,1.038,1.049,0,0,0,1,0,0,Unknown Behaviour
20,18,9,14,0,4.062,0.121,3,0,1,0,0,0,Credential Stuffing
18,1,1,1,18,2.188,0.227,3,0,1,0,0,0,Web Enumeration
7,2,1,0,6,1.349,0.364,0,0,0,0,0,1,Exploit Attempt
21,21,1,15,0,6.203,0.23,0,1,0,0,0,0,Brute Force
29,27,15,17,0,5.327,0.299,0,0,1,0,0,0,Credential Stuffing
3,0,1,0,1,1.877,0.254,0,0,0,1,0,0,Malware Download
21,20,1,14,0,2.48,0.065,0,0,0,0,1,0,Brute Force
3,2,1,0,4,3.952,0.77,0,0,0,0,0,1,Unknown Behaviour
5,3,1,1,2,0.631,0.986,0,1,0,0,0,0,Unknown Behaviour
6,0,0,0,6,0.725,0.071,4,0,0,1,0,0,Recon Scan
2,2,0,0,5,0.744,2.353,0,0,1,0,0,0,Unknown Behaviour
24,23,14,23,0,5.709,0.06,2,0,0,1,0,0,Credential Stuffing
28,28,12,29,0,6.533,0.257,3,0,1,0,0,0,Credential Stuffing
18,1,0,0,18,2.141,0.265,0,0,1,0,0,0,Web Enumeration
25,0,1,1,24,5.773,0.231,4,0,1,0,0,0,Web Enumeration
33,32,1,28,0,8.655,0.101,4,1,0,0,0,0,Brute Force
18,0,0,1,17,1.485,0.121,1,0,1,0,0,0,Web Enumeration
1,0,0,0,5,2.509,0.825,2,0,0,1,0,0,Unknown Behaviour
3,0,1,0,2,1.961,0.624,1,0,0,0,0,1,Exploit Attempt
9,5,1,0,0,6.477,0.836,1,1,0,0,0,0,Unknown Behaviour
21,1,1,0,3,1.137,1.058,1,0,0,0,1,0,Unknown Behaviour
25,25,2,26,0,7.495,0.422,0,0,0,1,0,0,Brute Force
21,21,14,17,0,6.331,0.275,3,0,1,0,0,0,Credential Stuffing
8,0,0,0,4,3.501,0.103,4,0,0,0,0,1,Recon Scan
45,43,24,35,0,9.747,0.126,2,0,1,0,0,0,Credential Stuffing
21,19,7,21,0,5.049,0.412,1,0,0,1,0,0,Credential Stuffing
6,2,0,0,0,0.245,4.838,0,0,0,0,0,1,Unknown Behaviour
11,0,0,0,9,1.579,0.157,3,0,1,0,0,0,Recon Scan
13,0,0,0,9,3.875,0.013,4,0,1,0,0,0,Recon Scan
26,25,1,21,0,11.451,0.071,2,1,0,0,0,0,Brute Force
3,0,1,0,1,0.679,0.323,0,0,0,1,0,0,Malware Download
20,1,0,0,20,3.756,0.321,2,0,1,0,0,0,Web Enumeration
7,1,0,0,0,7.444,1.886,2,0,0,0,1,0,Unknown Behaviour
9,1,2,0,0,2.399,1.366,1,0,0,1,0,0,Unknown Behaviour
21,1,1,1,21,2.211,0.173,1,0,1,0,0,0,Web Enumeration
4,0,1,0,3,0.167,0.784,0,0,0,1,0,0,Malware Download
16,0,0,0,12,0.308,0.071,1,0,0,1,0,0,Recon Scan
15,1,1,0,15,2.638,0.109,4,0,1,0,0,0,Web Enumeration
43,42,2,42,0,12.771,0.051,0,0,0,1,0,0,Brute Force
3,1,1,0,1,1.492,0.57,0,0,1,0,0,0,Malware Download
6,1,1,0,4,3.949,1.12,1,0,1,0,0,0,Exploit Attempt
6,0,0,0,7,1.65,0.121,4,0,1,0,0,0,Recon Scan
27,27,11,14,0,3.23,0.351,1,0,0,1,0,0,Credential Stuffing
6,5,0,0,3,3.063,0.379,0,1,0,0,0,0,Unknown Behaviour
20,1,0,0,20,4.669,0.229,6,0,1,0,0,0,Web Enumeration
8,0,0,0,7,2.805,0.096,2,0,1,0,0,0,Web Enumeration
16,0,0,0,12,0.617,0.139,1,0,1,0,0,0,Recon Scan
26,0,1,0,26,3.635,0.154,0,0,1,0,0,0,Web Enumeration
13,0,0,0,11,2.108,0.089,0,0,1,0,0,0,Recon Scan
30,29,1,31,0,10.065,0.289,1,1,0,0,0,0,Brute Force
15,1,0,0,15,1.053,0.08,1,0,1,0,0,0,Web Enumeration
22,22,19,16,0,5.809,0.048,2,0,1,0,0,0,Credential Stuffing
28,28,1,23,0,9.122,0.501,3,1,0,0,0,0,Brute Force
39,38,20,27,0,9.083,0.257,0,0,1,0,0,0,Credential Stuffing
17,1,0,1,17,3.152,0.158,2,0,1,0,0,0,Web Enumeration
9,0,0,0,8,2.118,0.409,2,0,0,0,0,1,Exploit Attempt
23,23,1,17,0,9.717,0.081,3,1,0,0,0,0,Brute Force
15,0,0,0,11,0.315,0.052,2,1,0,0,0,0,Recon Scan
8,8,7,5,0,1.276,0.031,0,1,0,0,0,0,Credential Stuffing
3,2,1,0,2,3.99,3.519,0,0,0,1,0,0,Unknown Behaviour
2,0,0,0,1,3.738,0.488,1,0,1,0,0,0,Exploit Attempt
29,29,9,22,0,8.695,0.367,2,0,1,0,0,0,Credential Stuffing
4,1,0,0,3,1.507,0.502,0,0,0,0,0,1,Exploit Attempt
3,1,0,0,1,1.661,0.176,1,0,1,0,0,0,Malware Download
4,0,1,0,4,0.943,0.435,3,0,0,1,0,0,Unknown Behaviour
39,38,25,28,0,7.633,0.342,3,1,0,0,0,0,Credential Stuffing
2,1,1,0,1,0.536,0.394,0,0,0,1,0,0,Malware Download
6,0,0,0,6,3.553,0.109,3,0,1,0,0,0,Recon Scan
11,0,2,1,6,4.653,0.382,1,0,1,0,0,0,Unknown Behaviour
3,1,1,1,2,2.337,0.436,0,0,0,1,0,0,Malware Download
34,33,17,28,0,6.325,0.007,0,0,1,0,0,0,Credential Stuffing
19,18,6,8,0,5.155,0.271,4,0,0,1,0,0,Credential Stuffing
15,0,0,0,8,1.947,0.157,6,0,1,0,0,0,Recon Scan
8,0,0,0,9,1.783,0.138,1,0,1,0,0,0,Recon Scan
13,0,0,0,13,1.512,0.11,1,0,1,0,0,0,Recon Scan
4,2,1,1,2,2.583,0.508,0,0,0,1,0,0,Exploit Attempt
6,0,0,0,3,3.987,2.196,0,0,1,0,0,0,Unknown Behaviour
20,0,0,0,14,1.922,0.153,4,0,1,0,0,0,Recon Scan
4,0,0,1,3,0.409,0.18,0,0,1,0,0,0,Malware Download
2,0,0,0,5,2.618,1.022,3,0,0,0,1,0,Unknown Behaviour
20,20,2,19,0,6.489,0.322,1,1,0,0,0,0,Brute Force
25,25,1,17,0,7.774,0.373,2,1,0,0,0,0,Brute Force
27,27,19,18,0,5.148,0.201,3,0,0,1,0,0,Credential Stuffing
16,16,13,12,0,1.5,0.209,0,0,0,1,0,0,Credential Stuffing
21,20,14,13,0,1.5,0.265,0,1,0,0,0,0,Credential Stuffing
9,0,0,0,8,2.263,0.122,0,0,0,0,0,1,Recon Scan
27,25,1,23,0,4.748,0.205,1,0,0,0,1,0,Brute Force
19,0,0,1,0,2.783,0.098,2,1,0,0,0,0,Unknown Behaviour