event_count,auth_attempts,unique_usernames,unique_passwords,command_count,duration_seconds,avg_seconds_between,recent_session_count_from_ip,username_entropy,password_entropy,repeated_password_ratio,unique_payloads,avg_payload_length,commands_per_minute,is_ssh,is_http,is_ftp,is_telnet,is_mysql,label
9,1,1,0,8,3.566,0.209,0,0.0,0.0,0.0,5,62.34,32.873,0,0,0,0,1,Exploit Attempt
14,0,0,0,14,1.565,0.129,0,0.0,0.0,0.0,8,5.78,106.297,0,0,0,0,1,Recon Scan
6,2,1,1,5,7.829,0.392,5,1.224,0.266,0.36,3,12.28,10.169,0,0,0,0,1,Unknown Behaviour
18,1,0,1,17,5.825,0.057,4,0.0,0.0,0.0,17,4.54,288.716,0,1,0,0,0,Web Enumeration
37,37,22,29,0,11.125,0.076,1,3.121,3.29,0.095,0,0.0,0.0,0,0,1,0,0,Credential Stuffing
3,1,0,0,1,1.705,0.068,1,0.0,0.0,0.0,1,27.54,72.003,0,0,1,0,0,Malware Download
14,0,0,0,15,0.048,0.087,3,0.0,0.0,0.0,5,12.18,203.776,0,0,0,1,0,Recon Scan
26,26,17,15,0,3.836,0.184,1,3.951,3.67,0.0,0,0.0,0.0,0,1,0,0,0,Credential Stuffing
17,0,0,1,17,2.108,0.134,4,0.0,0.0,0.0,15,9.77,350.591,0,1,0,0,0,Web Enumeration
6,0,0,0,4,0.311,0.065,2,0.0,0.0,0.0,3,12.97,259.717,0,1,0,0,0,Recon Scan
27,0,0,1,26,2.08,0.288,2,0.0,0.0,0.0,26,11.06,261.319,0,1,0,0,0,Web Enumeration
21,20,1,18,0,5.043,0.16,0,1.405,2.206,0.062,0,0.0,0.0,0,0,0,1,0,Brute Force
3,0,1,0,2,1.005,0.884,0,0.0,0.0,0.0,2,17.2,152.595,0,0,1,0,0,Malware Download
27,1,0,0,27,2.545,0.274,1,0.0,0.0,0.0,23,15.85,199.604,0,1,0,0,0,Web Enumeration
6,0,1,1,4,3.104,0.241,1,0.0,0.0,0.0,3,77.01,63.64,0,1,0,0,0,Exploit Attempt
13,0,0,0,14,3.577,0.103,4,0.0,0.0,0.0,11,6.46,239.984,0,0,0,0,1,Recon Scan
11,0,0,0,7,1.42,0.016,1,0.0,0.0,0.0,5,6.01,243.986,0,1,0,0,0,Recon Scan
7,2,0,0,5,0.02,0.665,0,0.0,0.0,0.0,4,64.73,29.293,0,1,0,0,0,Exploit Attempt
20,20,14,14,0,5.873,0.182,3,3.527,3.686,0.035,0,0.0,0.0,0,1,0,0,0,Credential Stuffing
7,3,0,0,3,5.759,0.427,1,0.713,1.997,0.367,1,6.21,37.233,0,0,0,1,0,Unknown Behaviour
3,1,0,0,1,1.613,0.398,1,0.0,0.0,0.0,1,25.98,48.198,0,0,1,0,0,Malware Download
30,29,1,20,0,8.967,0.157,1,2.044,2.867,0.177,0,0.0,0.0,1,0,0,0,0,Brute Force
2,1,1,1,1,2.113,0.198,0,0.0,0.0,0.0,1,18.12,68.441,0,0,1,0,0,Malware Download
19,0,1,0,19,3.408,0.237,1,0.0,0.0,0.0,12,8.17,300.84,0,1,0,0,0,Web Enumeration
38,38,1,36,0,11.0,0.194,2,1.951,1.731,0.154,0,0.0,0.0,1,0,0,0,0,Brute Force
32,31,14,25,0,3.908,0.319,6,3.545,3.41,0.0,0,0.0,0.0,0,1,0,0,0,Credential Stuffing
19,0,1,1,18,5.761,0.095,2,0.0,0.0,0.0,18,13.69,301.621,0,1,0,0,0,Web Enumeration
4,0,0,1,3,0.342,0.106,0,0.0,0.0,0.0,3,21.93,79.052,0,1,0,0,0,Malware Download
42,41,19,30,0,4.558,0.295,0,3.486,3.347,0.0,0,0.0,0.0,0,0,1,0,0,Credential Stuffing
3,1,0,1,1,0.727,0.271,0,0.0,0.0,0.0,1,14.24,75.07,0,0,1,0,0,Malware Download
8,0,0,0,10,1.556,0.112,0,0.0,0.0,0.0,4,9.65,158.528,0,1,0,0,0,Recon Scan
9,9,1,6,0,0.057,0.265,2,2.176,1.845,0.212,0,0.0,0.0,0,0,0,1,0,Brute Force
30,28,18,17,0,4.625,0.289,0,3.376,3.597,0.035,0,0.0,0.0,0,1,0,0,0,Credential Stuffing
14,0,0,0,8,1.433,0.041,2,0.0,0.0,0.0,12,10.91,178.064,1,0,0,0,0,Recon Scan
2,0,1,1,1,2.196,0.013,1,0.0,0.0,0.0,1,96.59,26.624,0,1,0,0,0,Exploit Attempt
21,21,1,13,0,5.838,0.419,1,1.833,2.365,0.17,0,0.0,0.0,1,0,0,0,0,Brute Force
23,1,0,1,22,1.58,0.305,3,0.0,0.0,0.0,13,15.31,344.432,0,1,0,0,0,Web Enumeration
10,0,0,0,8,2.05,0.203,5,0.0,0.0,0.0,8,18.27,250.958,0,0,0,0,1,Recon Scan
5,1,1,0,3,1.3,0.214,1,0.0,0.0,0.0,3,37.03,75.166,0,1,0,0,0,Malware Download
25,1,1,1,25,3.614,0.251,5,0.0,0.0,0.0,19,8.04,167.795,0,1,0,0,0,Web Enumeration
13,0,0,0,8,1.019,0.172,1,0.0,0.0,0.0,4,3.41,221.747,0,0,0,0,1,Recon Scan
18,0,1,0,18,4.535,0.206,2,0.0,0.0,0.0,16,10.69,373.711,0,1,0,0,0,Web Enumeration
3,1,0,0,1,1.779,0.46,0,0.0,0.0,0.0,1,21.73,130.823,0,1,0,0,0,Malware Download
3,0,1,1,1,1.051,0.295,0,0.0,0.0,0.0,1,16.35,120.606,0,1,0,0,0,Malware Download
9,0,2,1,3,0.833,4.7,0,1.28,2.677,0.496,3,26.06,31.016,0,0,1,0,0,Unknown Behaviour
7,1,0,1,5,1.281,0.289,0,0.0,0.0,0.0,4,87.11,58.524,0,1,0,0,0,Exploit Attempt
18,0,0,1,18,3.397,0.048,3,0.0,0.0,0.0,18,14.55,204.205,0,1,0,0,0,Web Enumeration
10,0,0,0,11,1.326,0.183,1,0.0,0.0,0.0,8,9.96,167.857,0,1,0,0,0,Recon Scan
20,0,0,0,19,5.875,0.238,1,0.0,0.0,0.0,23,5.59,304.615,0,1,0,0,0,Web Enumeration
27,27,19,21,0,8.335,0.042,0,3.631,3.86,0.042,0,0.0,0.0,0,1,0,0,0,Credential Stuffing
11,1,1,1,11,2.392,0.132,0,0.0,0.0,0.0,7,16.01,164.923,0,1,0,0,0,Web Enumeration
9,2,0,0,2,3.748,1.9,1,0.54,0.478,0.0,3,5.76,22.33,0,0,0,0,1,Unknown Behaviour
12,0,0,1,12,3.576,0.073,3,0.0,0.0,0.0,14,21.83,313.929,0,1,0,0,0,Web Enumeration
13,0,0,0,13,1.01,0.12,1,0.0,0.0,0.0,9,8.06,170.89,0,1,0,0,0,Recon Scan
6,0,0,0,5,4.123,0.199,0,0.0,0.0,0.0,3,69.88,1.976,0,0,1,0,0,Exploit Attempt
22,21,2,18,0,9.892,0.399,1,1.972,2.158,0.249,0,0.0,0.0,1,0,0,0,0,Brute Force
13,0,0,0,10,1.905,0.087,2,0.0,0.0,0.0,12,12.15,174.348,0,0,0,0,1,Recon Scan
29,28,12,14,0,0.639,0.187,5,3.939,3.307,0.056,0,0.0,0.0,0,1,0,0,0,Credential Stuffing
28,28,1,24,0,9.221,0.334,3,1.79,2.32,0.274,0,0.0,0.0,0,0,1,0,0,Brute Force
14,1,1,1,13,2.799,0.244,1,0.0,0.0,0.0,12,11.33,300.311,0,1,0,0,0,Web Enumeration
3,1,0,1,1,1.133,0.453,0,0.0,0.0,0.0,1,44.27,102.893,0,0,1,0,0,Malware Download
5,2,0,0,3,1.211,1.133,2,1.095,1.106,0.515,2,8.4,43.859,1,0,0,0,0,Unknown Behaviour
31,31,21,23,0,7.13,0.224,2,3.386,3.836,0.042,0,0.0,0.0,0,1,0,0,0,Credential Stuffing
3,1,1,1,1,1.949,0.207,2,0.0,0.0,0.0,1,27.95,31.239,0,0,1,0,0,Malware Download
15,14,1,14,0,2.732,0.348,1,2.05,2.347,0.0,0,0.0,0.0,0,0,0,1,0,Brute Force
5,3,1,1,2,3.449,1.405,0,1.28,2.743,0.612,3,18.1,120.824,0,0,1,0,0,Unknown Behaviour
4,2,1,0,3,2.98,0.595,1,0.0,0.0,0.0,2,21.34,47.899,0,1,0,0,0,Exploit Attempt
1,2,0,1,4,4.759,0.304,2,1.587,0.471,0.252,2,4.91,42.074,0,0,1,0,0,Unknown Behaviour
20,18,10,14,0,6.149,0.333,0,3.594,3.668,0.032,0,0.0,0.0,0,1,0,0,0,Credential Stuffing
10,1,1,0,1,1.244,1.54,0,1.259,1.259,0.572,6,25.29,22.978,1,0,0,0,0,Unknown Behaviour
5,1,0,0,3,1.07,0.338,1,0.0,0.0,0.0,3,35.04,155.781,0,0,1,0,0,Malware Download
8,0,0,0,7,2.15,0.13,7,0.0,0.0,0.0,8,7.88,242.383,0,1,0,0,0,Recon Scan
9,1,1,1,5,0.574,3.297,0,3.51,0.051,0.0,2,33.51,61.632,0,0,0,0,1,Unknown Behaviour
6,1,1,0,4,2.424,0.764,0,0.0,0.0,0.0,1,24.77,26.686,0,0,0,0,1,Exploit Attempt
3,0,0,0,2,1.54,0.344,0,0.0,0.0,0.0,2,26.65,111.776,0,1,0,0,0,Malware Download
27,27,1,28,0,8.747,0.485,0,1.917,1.908,0.147,0,0.0,0.0,0,0,0,1,0,Brute Force
3,0,1,0,1,0.701,0.614,0,0.0,0.0,0.0,1,9.07,96.736,0,0,1,0,0,Malware Download
24,1,0,0,24,3.2,0.219,0,0.0,0.0,0.0,15,14.11,287.903,0,1,0,0,0,Web Enumeration
17,0,0,0,15,2.037,0.199,3,0.0,0.0,0.0,17,8.32,235.312,0,1,0,0,0,Recon Scan
10,0,0,0,7,1.352,0.072,3,0.0,0.0,0.0,6,10.33,201.734,1,0,0,0,0,Recon Scan
4,0,0,1,2,0.833,0.422,0,0.0,0.0,0.0,2,32.78,46.375,0,0,1,0,0,Malware Download
29,29,12,19,0,3.859,0.159,0,3.609,3.365,0.014,0,0.0,0.0,0,1,0,0,0,Credential Stuffing
9,1,0,0,6,0.893,2.16,0,0.246,2.635,0.0,1,50.42,71.022,0,0,1,0,0,Unknown Behaviour
12,12,1,7,0,4.611,0.417,3,1.739,2.671,0.289,0,0.0,0.0,0,0,1,0,0,Brute Force
2,0,0,0,1,0.254,0.504,1,0.0,0.0,0.0,1,33.83,87.729,0,0,1,0,0,Malware Download
2,2,1,0,1,0.181,0.394,2,0.0,0.0,0.0,1,83.94,45.385,0,1,0,0,0,Exploit Attempt
3,1,1,0,1,1.488,0.186,2,0.0,0.0,0.0,1,85.3,31.413,0,1,0,0,0,Exploit Attempt
38,36,25,24,0,3.801,0.2,6,3.78,3.434,0.067,0,0.0,0.0,1,0,0,0,0,Credential Stuffing
26,0,1,0,26,1.592,0.18,8,0.0,0.0,0.0,22,12.16,243.749,0,1,0,0,0,Web Enumeration
24,0,1,1,23,2.997,0.082,2,0.0,0.0,0.0,23,12.3,326.469,0,1,0,0,0,Web Enumeration
6,1,0,0,5,3.569,0.58,3,0.0,0.0,0.0,4,57.97,28.953,0,0,0,0,1,Exploit Attempt
9,8,4,8,0,0.779,0.204,3,3.424,4.052,0.095,0,0.0,0.0,0,1,0,0,0,Credential Stuffing
25,24,20,25,0,6.388,0.233,4,3.323,3.483,0.045,0,0.0,0.0,0,0,1,0,0,Credential Stuffing
3,1,0,0,2,0.787,0.335,0,0.0,0.0,0.0,2,10.07,92.929,0,1,0,0,0,Malware Download
7,0,1,1,2,4.458,2.068,0,0.934,1.209,0.869,1,6.34,88.786,0,1,0,0,0,Unknown Behaviour
38,38,28,32,0,11.456,0.25,2,3.472,3.214,0.088,0,0.0,0.0,0,1,0,0,0,Credential Stuffing
17,0,0,0,17,4.23,0.21,2,0.0,0.0,0.0,13,20.4,301.253,0,1,0,0,0,Web Enumeration
30,30,14,26,0,6.836,0.329,1,3.276,3.837,0.018,0,0.0,0.0,0,1,0,0,0,Credential Stuffing
3,1,0,1,1,1.429,0.392,0,0.0,0.0,0.0,1,5.63,165.227,0,0,1,0,0,Malware Download
4,1,1,1,2,1.005,0.492,0,0.0,0.0,0.0,2,30.54,42.64,0,1,0,0,0,Malware Download
4,0,0,1,3,0.357,0.773,0,0.0,0.0,0.0,3,67.72,34.144,0,1,0,0,0,Exploit Attempt
32,31,20,32,0,4.55,0.087,0,3.546,3.608,0.001,0,0.0,0.0,0,0,1,0,0,Credential Stuffing
2,1,0,2,1,2.659,0.829,2,1.323,1.512,0.179,3,34.36,13.699,0,0,1,0,0,Unknown Behaviour
51,49,30,33,0,10.416,0.145,2,3.416,3.742,0.046,0,0.0,0.0,0,1,0,0,0,Credential Stuffing
25,23,1,17,0,7.537,0.279,2,2.212,1.825,0.161,0,0.0,0.0,0,0,0,1,0,Brute Force
4,1,1,0,3,3.371,0.462,0,0.0,0.0,0.0,1,59.63,48.367,0,0,0,0,1,Exploit Attempt
5,3,0,0,1,2.878,2.204,1,0.692,2.687,0.497,2,16.38,50.002,0,1,0,0,0,Unknown Behaviour
4,1,0,0,3,1.771,0.294,2,0.0,0.0,0.0,2,65.49,53.526,0,0,1,0,0,Exploit Attempt
25,0,1,0,24,3.203,0.199,4,0.0,0.0,0.0,18,10.34,187.741,0,1,0,0,0,Web Enumeration
11,0,0,0,13,1.015,0.062,1,0.0,0.0,0.0,12,11.46,199.953,0,1,0,0,0,Recon Scan
2,1,0,1,1,0.122,0.753,0,0.0,0.0,0.0,1,32.76,92.327,0,0,1,0,0,Malware Download
31,29,1,31,0,8.005,0.32,1,2.396,2.258,0.192,0,0.0,0.0,0,0,0,1,0,Brute Force
3,0,1,1,1,2.819,0.491,1,0.0,0.0,0.0,1,65.27,28.45,0,0,1,0,0,Exploit Attempt
13,3,0,1,0,0.691,2.248,2,0.037,0.295,0.0,2,14.33,61.565,1,0,0,0,0,Unknown Behaviour
12,0,0,0,10,0.162,0.132,8,0.0,0.0,0.0,8,8.82,238.54,0,0,0,1,0,Recon Scan
4,2,0,1,2,0.797,0.116,1,0.0,0.0,0.0,1,78.34,80.025,0,1,0,0,0,Exploit Attempt
10,2,0,0,0,2.019,0.724,1,0.493,1.227,0.679,3,15.35,132.497,0,1,0,0,0,Unknown Behaviour
16,0,0,0,10,1.832,0.112,6,0.0,0.0,0.0,12,1.87,172.913,0,1,0,0,0,Recon Scan
18,1,0,1,17,2.327,0.273,0,0.0,0.0,0.0,15,16.94,238.059,0,1,0,0,0,Web Enumeration
5,0,2,2,3,4.694,2.305,0,2.038,0.024,0.249,4,16.21,74.1,0,0,0,0,1,Unknown Behaviour
3,0,0,0,2,1.01,0.544,0,0.0,0.0,0.0,2,34.42,1.578,0,0,1,0,0,Malware Download
5,1,1,1,3,0.582,0.092,0,0.0,0.0,0.0,3,21.98,119.541,0,0,1,0,0,Malware Download
26,24,1,20,0,9.381,0.276,3,1.961,1.739,0.173,0,0.0,0.0,1,0,0,0,0,Brute Force
23,1,0,0,22,4.489,0.136,3,0.0,0.0,0.0,20,15.31,341.564,0,1,0,0,0,Web Enumeration
12,0,0,0,9,1.9,0.043,4,0.0,0.0,0.0,8,8.85,262.392,0,0,0,1,0,Recon Scan
3,1,0,1,1,1.59,0.431,1,0.0,0.0,0.0,1,63.22,9.723,0,0,1,0,0,Exploit Attempt
24,24,1,21,0,4.54,0.409,1,2.249,2.017,0.052,0,0.0,0.0,1,0,0,0,0,Brute Force
39,37,14,30,0,4.03,0.269,1,3.955,3.921,0.008,0,0.0,0.0,0,0,1,0,0,Credential Stuffing
50,50,24,41,0,10.497,0.233,3,3.765,3.465,0.058,0,0.0,0.0,1,0,0,0,0,Credential Stuffing
15,13,11,5,0,2.165,0.265,3,2.868,3.572,0.068,0,0.0,0.0,0,0,1,0,0,Credential Stuffing
6,0,0,0,1,4.788,1.251,2,0.816,2.033,0.083,0,13.98,3.144,0,0,0,0,1,Unknown Behaviour
26,0,1,0,26,0.852,0.058,3,0.0,0.0,0.0,21,16.77,266.051,0,1,0,0,0,Web Enumeration
17,15,1,13,0,2.031,0.534,3,1.891,1.838,0.303,0,0.0,0.0,0,0,0,1,0,Brute Force
29,28,1,27,0,7.337,0.584,1,1.637,1.903,0.041,0,0.0,0.0,0,0,1,0,0,Brute Force
30,28,1,27,0,6.58,0.436,1,1.768,2.944,0.225,0,0.0,0.0,0,0,0,1,0,Brute Force
4,0,1,1,3,1.621,0.308,1,0.0,0.0,0.0,3,18.17,109.096,0,1,0,0,0,Malware Download
5,1,1,0,3,0.238,0.083,1,0.0,0.0,0.0,2,51.15,16.824,0,0,0,0,1,Exploit Attempt
27,1,1,1,27,3.013,0.205,5,0.0,0.0,0.0,26,17.66,304.183,0,1,0,0,0,Web Enumeration
6,0,1,0,4,0.608,0.579,0,0.0,0.0,0.0,1,90.33,83.394,0,1,0,0,0,Exploit Attempt
31,29,12,23,0,2.014,0.142,1,3.486,4.164,0.073,0,0.0,0.0,0,1,0,0,0,Credential Stuffing
2,0,0,0,0,2.539,0.717,0,0.318,1.02,0.06,3,14.61,20.93,0,1,0,0,0,Unknown Behaviour
4,0,1,1,2,0.784,0.508,0,0.0,0.0,0.0,2,21.29,77.092,0,1,0,0,0,Malware Download
36,36,2,33,0,10.156,0.35,1,1.701,2.352,0.201,0,0.0,0.0,1,0,0,0,0,Brute Force
36,35,15,28,0,6.074,0.486,2,3.221,3.187,0.102,0,0.0,0.0,1,0,0,0,0,Credential Stuffing
15,15,1,17,0,0.766,0.384,2,2.491,1.667,0.309,0,0.0,0.0,0,0,1,0,0,Brute Force
18,0,1,0,7,1.455,1.264,0,4.321,0.901,0.549,2,14.62,50.709,0,0,0,0,1,Unknown Behaviour
4,0,0,0,2,0.033,0.38,0,0.0,0.0,0.0,2,17.08,48.628,0,0,1,0,0,Malware Download
30,29,1,25,0,7.548,0.332,2,1.884,2.735,0.131,0,0.0,0.0,1,0,0,0,0,Brute Force
3,1,1,0,0,1.212,0.258,1,0.868,0.584,0.44,5,19.92,83.747,0,0,0,0,1,Unknown Behaviour
25,23,2,15,0,3.741,0.25,1,1.464,2.057,0.148,0,0.0,0.0,1,0,0,0,0,Brute Force
29,27,14,14,0,4.045,0.339,1,3.369,3.642,0.139,0,0.0,0.0,0,1,0,0,0,Credential Stuffing
25,0,1,0,24,2.991,0.053,1,0.0,0.0,0.0,18,17.71,327.295,0,1,0,0,0,Web Enumeration
22,22,1,22,0,7.173,0.205,2,1.757,2.946,0.224,0,0.0,0.0,0,0,1,0,0,Brute Force
3,0,0,0,1,1.136,0.312,0,0.0,0.0,0.0,1,28.83,91.982,0,1,0,0,0,Malware Download
3,1,0,0,1,1.171,0.758,1,0.0,0.0,0.0,1,44.2,32.522,0,0,0,0,1,Exploit Attempt
2,0,1,0,1,0.555,0.774,0,0.0,0.0,0.0,1,26.26,92.549,0,1,0,0,0,Malware Download
19,0,0,0,16,1.49,0.18,4,0.0,0.0,0.0,13,7.02,254.911,0,1,0,0,0,Recon Scan
11,0,0,0,12,1.63,0.149,3,0.0,0.0,0.0,5,6.1,176.486,0,0,0,0,1,Recon Scan
3,1,0,1,2,1.158,0.504,0,0.0,0.0,0.0,2,26.64,65.959,0,0,1,0,0,Malware Download
6,2,0,1,4,1.142,0.685,2,0.0,0.0,0.0,3,80.71,51.438,0,1,0,0,0,Exploit Attempt
5,0,0,1,1,0.768,1.45,0,4.092,0.491,0.424,3,5.7,36.615,0,0,1,0,0,Unknown Behaviour
31,31,22,24,0,5.548,0.246,1,2.903,3.282,0.092,0,0.0,0.0,1,0,0,0,0,Credential Stuffing
4,1,2,2,0,2.917,2.415,2,0.997,1.291,0.267,1,9.88,25.214,0,0,0,1,0,Unknown Behaviour
10,0,0,0,10,1.144,0.137,2,0.0,0.0,0.0,6,6.15,199.658,0,0,0,0,1,Recon Scan
13,0,0,0,11,0.469,0.1,3,0.0,0.0,0.0,12,14.77,120.139,0,1,0,0,0,Recon Scan
21,1,0,1,21,2.836,0.152,2,0.0,0.0,0.0,16,17.06,317.965,0,1,0,0,0,Web Enumeration
37,37,21,23,0,3.964,0.167,1,3.939,3.779,0.025,0,0.0,0.0,1,0,0,0,0,Credential Stuffing
7,0,0,0,7,2.441,0.002,1,0.0,0.0,0.0,5,8.05,218.992,1,0,0,0,0,Recon Scan
7,0,0,0,3,1.735,0.181,1,0.0,0.0,0.0,5,14.46,120.894,1,0,0,0,0,Recon Scan
15,1,1,1,15,2.216,0.105,0,0.0,0.0,0.0,11,18.4,277.119,0,1,0,0,0,Web Enumeration
56,55,29,41,0,10.965,0.115,3,3.24,3.796,0.0,0,0.0,0.0,1,0,0,0,0,Credential Stuffing
8,1,1,1,6,2.664,0.685,2,0.0,0.0,0.0,3,77.22,65.192,0,0,0,0,1,Exploit Attempt
3,1,1,0,1,2.495,0.388,0,0.0,0.0,0.0,1,105.53,64.672,0,0,0,0,1,Exploit Attempt
17,1,0,0,17,7.54,0.268,5,0.0,0.0,0.0,12,14.04,202.925,0,1,0,0,0,Web Enumeration
12,0,0,0,10,0.174,0.099,8,0.0,0.0,0.0,10,9.51,193.657,0,1,0,0,0,Recon Scan
13,0,0,0,12,0.265,0.149,4,0.0,0.0,0.0,8,4.59,250.183,0,1,0,0,0,Recon Scan
3,1,1,0,1,0.524,0.509,0,0.0,0.0,0.0,1,34.51,88.46,0,1,0,0,0,Malware Download
17,17,1,16,0,4.241,0.347,1,1.425,2.304,0.092,0,0.0,0.0,1,0,0,0,0,Brute Force
7,1,0,1,5,1.76,0.8,0,0.0,0.0,0.0,4,68.67,36.17,0,1,0,0,0,Exploit Attempt
9,0,0,1,6,1.276,1.269,0,2.26,1.496,1.0,1,38.06,95.385,1,0,0,0,0,Unknown Behaviour
41,41,24,32,0,5.457,0.267,0,3.293,4.155,0.09,0,0.0,0.0,0,1,0,0,0,Credential Stuffing
12,0,0,0,7,1.466,0.103,0,0.0,0.0,0.0,6,10.22,243.224,0,1,0,0,0,Recon Scan
10,1,0,1,0,4.555,3.075,2,1.416,2.701,0.143,6,18.61,75.872,0,0,1,0,0,Unknown Behaviour
14,0,0,0,14,2.925,0.019,5,0.0,0.0,0.0,12,7.63,226.087,0,1,0,0,0,Recon Scan
5,2,0,0,3,1.896,1.01,0,0.0,0.0,0.0,1,55.64,17.551,0,1,0,0,0,Exploit Attempt
21,19,9,13,0,1.306,0.239,1,3.293,3.429,0.168,0,0.0,0.0,1,0,0,0,0,Credential Stuffing
3,0,0,1,1,0.106,0.497,1,0.0,0.0,0.0,1,18.6,120.033,0,0,1,0,0,Malware Download
23,21,14,13,0,0.884,0.046,1,3.004,3.496,0.117,0,0.0,0.0,0,1,0,0,0,Credential Stuffing
10,0,0,0,9,0.008,0.103,3,0.0,0.0,0.0,9,8.46,178.352,1,0,0,0,0,Recon Scan
34,34,2,34,0,10.095,0.452,0,2.114,1.992,0.048,0,0.0,0.0,1,0,0,0,0,Brute Force
22,0,1,1,22,5.671,0.176,1,0.0,0.0,0.0,18,12.32,234.769,0,1,0,0,0,Web Enumeration
25,25,18,12,0,5.15,0.112,1,3.491,3.265,0.057,0,0.0,0.0,0,1,0,0,0,Credential Stuffing
11,9,4,13,0,5.916,0.223,1,3.334,3.742,0.0,0,0.0,0.0,0,1,0,0,0,Credential Stuffing
22,1,0,1,21,4.593,0.289,1,0.0,0.0,0.0,19,14.76,251.563,0,1,0,0,0,Web Enumeration
6,1,0,0,4,0.088,0.769,0,0.0,0.0,0.0,3,80.11,17.191,0,1,0,0,0,Exploit Attempt
2,1,1,0,1,1.416,0.343,0,0.0,0.0,0.0,1,28.24,107.437,0,0,1,0,0,Malware Download
21,0,0,0,20,1.854,0.333,2,0.0,0.0,0.0,13,10.06,340.331,0,1,0,0,0,Web Enumeration
15,0,0,0,12,1.892,0.115,3,0.0,0.0,0.0,9,15.64,192.883,0,1,0,0,0,Recon Scan
4,1,1,0,2,1.225,0.358,1,0.0,0.0,0.0,2,31.05,128.515,0,0,1,0,0,Malware Download
32,31,1,24,0,7.365,0.622,1,1.668,2.872,0.203,0,0.0,0.0,0,0,1,0,0,Brute Force
7,1,0,0,4,6.591,2.766,1,2.268,1.191,0.24,2,11.14,29.55,0,0,1,0,0,Unknown Behaviour
20,18,1,12,0,6.28,0.479,0,1.985,1.886,0.156,0,0.0,0.0,0,0,1,0,0,Brute Force
6,0,0,0,4,1.488,0.712,0,0.0,0.0,0.0,2,34.61,41.824,0,0,0,0,1,Exploit Attempt
41,41,26,36,0,9.441,0.441,1,3.519,3.469,0.088,0,0.0,0.0,0,0,1,0,0,Credential Stuffing
26,25,15,20,0,5.8,0.273,0,2.96,3.625,0.0,0,0.0,0.0,0,1,0,0,0,Credential Stuffing
11,1,0,1,10,2.319,0.219,3,0.0,0.0,0.0,13,18.17,334.271,0,1,0,0,0,Web Enumeration
34,33,1,27,0,6.208,0.318,1,1.768,3.09,0.058,0,0.0,0.0,1,0,0,0,0,Brute Force
27,25,15,14,0,4.778,0.252,1,3.1,3.909,0.079,0,0.0,0.0,0,1,0,0,0,Credential Stuffing
3,0,0,1,2,0.281,0.424,0,0.0,0.0,0.0,2,26.86,78.522,0,1,0,0,0,Malware Download
3,2,1,0,2,1.68,0.604,2,0.0,0.0,0.0,1,60.15,45.473,0,0,1,0,0,Exploit Attempt
50,50,25,42,0,4.244,0.267,0,3.243,3.206,0.041,0,0.0,0.0,1,0,0,0,0,Credential Stuffing
4,3,0,0,0,4.227,1.965,2,1.3,2.352,0.171,5,10.13,46.701,0,0,1,0,0,Unknown Behaviour
2,0,1,1,1,0.655,0.858,0,0.0,0.0,0.0,1,20.95,35.298,0,1,0,0,0,Exploit Attempt
30,29,1,24,0,6.282,0.56,4,2.165,2.145,0.156,0,0.0,0.0,1,0,0,0,0,Brute Force
21,0,1,0,20,2.425,0.004,6,0.0,0.0,0.0,13,19.53,297.577,0,1,0,0,0,Web Enumeration
29,1,0,1,28,2.071,0.126,1,0.0,0.0,0.0,25,14.44,328.856,0,1,0,0,0,Web Enumeration
21,1,0,0,21,5.754,0.164,1,0.0,0.0,0.0,12,8.26,227.308,0,1,0,0,0,Web Enumeration
4,0,1,0,2,1.799,0.392,0,0.0,0.0,0.0,2,37.86,96.579,0,0,1,0,0,Malware Download
4,2,0,1,3,2.345,0.984,1,0.0,0.0,0.0,1,75.56,60.177,0,1,0,0,0,Exploit Attempt
11,0,0,0,7,1.428,0.163,3,0.0,0.0,0.0,5,7.52,232.051,0,1,0,0,0,Recon Scan
20,20,2,17,0,4.611,0.439,5,1.963,2.794,0.263,0,0.0,0.0,0,0,0,1,0,Brute Force
4,1,1,1,3,0.447,0.09,0,0.0,0.0,0.0,1,35.67,20.547,0,0,0,0,1,Exploit Attempt
8,2,0,1,6,2.907,0.378,0,0.0,0.0,0.0,5,37.58,81.124,0,1,0,0,0,Exploit Attempt
15,3,0,0,6,7.144,0.399,0,0.839,1.717,0.146,2,44.25,26.241,0,0,0,1,0,Unknown Behaviour
6,1,1,1,5,0.529,0.473,1,0.0,0.0,0.0,4,70.46,53.276,0,1,0,0,0,Exploit Attempt
3,1,1,0,2,2.069,0.374,0,0.0,0.0,0.0,2,24.38,122.185,0,0,1,0,0,Malware Download
14,0,1,1,14,5.303,0.109,1,0.0,0.0,0.0,12,13.34,343.982,0,1,0,0,0,Web Enumeration
16,0,0,0,12,1.001,0.144,5,0.0,0.0,0.0,13,11.62,284.882,0,0,0,0,1,Recon Scan
5,2,1,1,3,2.928,0.898,0,0.0,0.0,0.0,1,85.06,71.396,0,0,1,0,0,Exploit Attempt
17,0,0,0,12,1.962,0.006,7,0.0,0.0,0.0,13,8.45,254.533,0,0,0,1,0,Recon Scan
9,0,0,0,0,6.703,0.013,2,1.29,0.89,0.0,4,22.68,29.483,0,0,1,0,0,Unknown Behaviour
4,0,0,0,3,1.03,0.399,2,0.0,0.0,0.0,3,50.29,49.211,0,0,1,0,0,Exploit Attempt
9,1,0,0,6,3.316,2.246,1,2.371,0.125,0.325,3,34.39,136.923,0,0,1,0,0,Unknown Behaviour
12,4,0,1,0,1.527,4.608,3,0.332,1.185,0.341,2,34.11,103.566,0,1,0,0,0,Unknown Behaviour
17,0,0,0,14,3.232,0.159,4,0.0,0.0,0.0,15,10.32,269.679,0,1,0,0,0,Recon Scan
3,0,0,1,1,1.749,0.454,0,0.0,0.0,0.0,1,32.88,87.207,0,1,0,0,0,Malware Download
4,1,1,1,2,3.21,0.294,0,0.0,0.0,0.0,1,53.92,48.093,0,0,0,0,1,Exploit Attempt
28,27,1,21,0,10.081,0.475,2,1.452,2.254,0.196,0,0.0,0.0,0,0,0,1,0,Brute Force
16,1,1,0,15,1.809,0.129,1,0.0,0.0,0.0,11,12.69,207.419,0,1,0,0,0,Web Enumeration
7,1,0,1,0,1.517,0.577,1,2.231,2.476,0.11,4,8.75,30.958,0,1,0,0,0,Unknown Behaviour
3,2,0,0,1,3.665,0.598,0,0.0,0.0,0.0,1,66.95,16.415,0,1,0,0,0,Exploit Attempt
14,0,0,0,11,1.106,0.019,4,0.0,0.0,0.0,11,5.41,258.326,0,1,0,0,0,Recon Scan
32,30,17,20,0,6.877,0.035,4,3.638,3.792,0.0,0,0.0,0.0,0,1,0,0,0,Credential Stuffing
28,27,17,23,0,5.797,0.082,0,3.52,4.042,0.056,0,0.0,0.0,1,0,0,0,0,Credential Stuffing
10,1,1,0,9,3.352,0.148,4,0.0,0.0,0.0,10,15.84,320.228,0,1,0,0,0,Web Enumeration
5,1,0,1,3,0.916,0.355,1,0.0,0.0,0.0,3,18.96,87.634,0,0,1,0,0,Malware Download
29,1,1,0,28,2.939,0.151,6,0.0,0.0,0.0,24,14.07,265.145,0,1,0,0,0,Web Enumeration
42,42,23,35,0,8.361,0.092,1,3.311,3.674,0.05,0,0.0,0.0,0,1,0,0,0,Credential Stuffing
4,2,1,1,8,4.321,1.771,2,0.136,0.806,0.157,4,5.08,48.624,0,0,0,1,0,Unknown Behaviour
4,1,0,1,2,0.42,0.595,0,0.0,0.0,0.0,1,50.91,28.259,0,0,0,0,1,Exploit Attempt
15,0,0,0,13,1.544,0.06,4,0.0,0.0,0.0,10,9.58,352.392,0,0,1,0,0,Recon Scan
18,1,1,0,18,1.894,0.241,3,0.0,0.0,0.0,12,12.17,394.998,0,1,0,0,0,Web Enumeration
30,28,21,31,0,8.162,0.309,2,3.147,3.622,0.134,0,0.0,0.0,1,0,0,0,0,Credential Stuffing
22,0,1,0,22,3.801,0.152,3,0.0,0.0,0.0,18,10.57,283.46,0,1,0,0,0,Web Enumeration
10,0,0,0,7,1.123,0.004,1,0.0,0.0,0.0,8,2.67,174.021,0,0,0,0,1,Recon Scan
21,20,1,14,0,2.999,0.271,1,2.232,2.417,0.201,0,0.0,0.0,1,0,0,0,0,Brute Force
12,0,1,1,11,3.228,0.306,2,0.0,0.0,0.0,10,14.4,273.863,0,1,0,0,0,Web Enumeration
9,2,1,0,2,1.591,2.424,0,1.186,0.171,0.0,1,5.52,21.483,1,0,0,0,0,Unknown Behaviour
24,23,1,20,0,4.135,0.287,2,2.455,2.334,0.0,0,0.0,0.0,0,0,0,1,0,Brute Force
9,0,0,0,8,1.054,0.149,4,0.0,0.0,0.0,4,6.4,121.15,0,1,0,0,0,Recon Scan
35,33,20,27,0,7.543,0.107,0,3.614,3.411,0.0,0,0.0,0.0,0,1,0,0,0,Credential Stuffing
12,11,3,8,0,0.034,0.435,0,2.29,2.187,0.129,0,0.0,0.0,0,0,0,1,0,Brute Force
30,0,1,1,30,2.756,0.09,2,0.0,0.0,0.0,24,17.82,197.807,0,1,0,0,0,Web Enumeration
6,0,0,0,2,0.399,0.196,0,1.263,1.209,0.821,3,46.62,12.44,0,0,0,0,1,Unknown Behaviour
5,0,1,1,4,1.504,0.247,2,0.0,0.0,0.0,2,83.97,72.923,0,0,0,0,1,Exploit Attempt
2,0,0,1,1,1.302,0.264,0,0.0,0.0,0.0,1,23.07,139.925,0,0,1,0,0,Malware Download
13,0,0,0,10,0.377,0.138,1,0.0,0.0,0.0,11,17.57,241.987,0,0,0,0,1,Recon Scan
3,1,1,0,1,0.079,0.757,1,0.0,0.0,0.0,1,51.12,41.588,0,0,0,0,1,Exploit Attempt
12,0,0,0,7,0.722,0.068,1,0.0,0.0,0.0,6,8.57,146.997,0,0,0,0,1,Recon Scan
9,2,0,1,7,3.41,0.568,0,0.0,0.0,0.0,4,75.66,42.863,0,0,0,0,1,Exploit Attempt
13,0,0,0,11,3.642,0.08,2,0.0,0.0,0.0,7,10.85,287.738,0,1,0,0,0,Recon Scan
4,0,0,0,3,1.975,0.539,0,0.0,0.0,0.0,3,19.61,67.956,0,0,1,0,0,Malware Download
17,17,1,15,0,8.081,0.175,2,1.842,2.275,0.05,0,0.0,0.0,1,0,0,0,0,Brute Force
20,19,12,16,0,3.421,0.182,1,3.065,4.245,0.041,0,0.0,0.0,0,1,0,0,0,Credential Stuffing
5,1,0,1,4,4.418,0.939,1,2.251,1.321,0.718,0,9.77,11.29,1,0,0,0,0,Unknown Behaviour
2,2,1,1,1,1.87,0.924,2,0.0,0.0,0.0,1,81.37,30.459,0,0,0,0,1,Exploit Attempt
34,32,20,26,0,8.186,0.261,1,3.71,3.512,0.06,0,0.0,0.0,0,1,0,0,0,Credential Stuffing
39,37,1,41,0,10.554,0.016,1,1.069,2.396,0.245,0,0.0,0.0,1,0,0,0,0,Brute Force
20,1,0,0,20,3.191,0.115,2,0.0,0.0,0.0,18,19.09,200.586,0,1,0,0,0,Web Enumeration
30,30,2,28,0,8.519,0.215,0,1.722,2.308,0.117,0,0.0,0.0,0,0,1,0,0,Brute Force
3,1,1,1,1,0.922,0.901,0,0.0,0.0,0.0,1,35.92,144.35,0,0,1,0,0,Malware Download
4,1,0,0,3,1.763,0.204,1,0.0,0.0,0.0,3,81.83,60.492,0,0,0,0,1,Exploit Attempt
33,31,23,30,0,5.378,0.242,2,3.053,3.544,0.074,0,0.0,0.0,0,0,1,0,0,Credential Stuffing
6,2,1,0,5,3.802,1.065,0,0.0,0.0,0.0,1,37.33,30.763,0,0,0,0,1,Exploit Attempt
11,0,0,0,6,0.543,0.172,3,0.0,0.0,0.0,10,7.46,237.472,0,0,0,0,1,Recon Scan
34,34,18,24,0,4.594,0.295,2,3.55,3.41,0.057,0,0.0,0.0,0,1,0,0,0,Credential Stuffing
5,2,0,3,3,2.723,0.636,3,0.133,1.322,0.506,1,3.49,29.112,0,0,0,0,1,Unknown Behaviour
14,0,0,0,12,1.151,0.077,5,0.0,0.0,0.0,9,5.17,152.003,0,0,0,0,1,Recon Scan
3,0,1,1,1,2.759,0.029,2,0.0,0.0,0.0,1,55.73,59.803,0,0,0,0,1,Exploit Attempt
31,31,16,21,0,8.348,0.149,2,2.919,3.639,0.002,0,0.0,0.0,0,1,0,0,0,Credential Stuffing
1,1,0,1,0,0.993,0.117,2,2.242,0.619,0.505,1,9.94,28.012,0,0,0,0,1,Unknown Behaviour
30,28,1,25,0,8.232,0.17,2,1.714,1.922,0.05,0,0.0,0.0,1,0,0,0,0,Brute Force
8,0,0,0,6,1.4,0.129,1,0.0,0.0,0.0,6,12.27,249.209,0,1,0,0,0,Recon Scan
3,1,1,0,1,1.258,0.798,1,0.0,0.0,0.0,1,39.47,109.61,0,1,0,0,0,Malware Download
12,2,0,0,0,1.242,0.881,2,1.711,0.087,0.537,1,10.19,15.682,1,0,0,0,0,Unknown Behaviour
10,0,0,2,0,4.78,1.686,0,1.641,1.498,0.0,0,0.68,18.935,0,0,1,0,0,Unknown Behaviour
16,0,0,0,1,3.953,1.15,0,0.235,2.475,0.302,3,22.01,21.729,0,0,0,1,0,Unknown Behaviour
3,1,0,0,0,0.891,0.522,3,0.623,2.591,0.608,2,12.96,37.751,0,1,0,0,0,Unknown Behaviour
6,1,0,2,1,4.718,2.277,0,0.34,0.182,0.736,2,11.01,63.358,0,0,0,0,1,Unknown Behaviour
11,0,0,0,9,2.289,0.13,3,0.0,0.0,0.0,4,7.63,244.982,0,1,0,0,0,Recon Scan
32,31,11,17,0,5.127,0.137,1,2.718,3.572,0.091,0,0.0,0.0,1,0,0,0,0,Credential Stuffing
15,0,0,0,10,1.155,0.035,2,0.0,0.0,0.0,9,5.94,229.937,0,0,0,1,0,Recon Scan
3,1,1,0,1,0.981,0.376,0,0.0,0.0,0.0,1,20.31,95.78,0,1,0,0,0,Malware Download
6,2,0,1,5,3.896,0.447,1,0.0,0.0,0.0,2,85.02,56.689,0,0,1,0,0,Exploit Attempt
7,1,2,0,2,2.255,1.541,2,2.275,3.133,0.373,5,30.87,27.595,0,0,0,0,1,Unknown Behaviour
7,1,0,1,5,1.616,0.805,1,0.0,0.0,0.0,1,57.44,3.912,0,1,0,0,0,Exploit Attempt
3,0,1,1,2,0.16,1.107,1,0.0,0.0,0.0,2,82.37,52.339,0,1,0,0,0,Exploit Attempt
7,2,1,1,6,1.749,0.557,2,0.0,0.0,0.0,5,85.06,44.821,0,0,1,0,0,Exploit Attempt
8,0,0,0,4,2.151,0.137,5,0.0,0.0,0.0,4,9.7,227.001,0,1,0,0,0,Recon Scan
17,0,0,0,16,0.886,0.189,6,0.0,0.0,0.0,15,8.68,170.289,0,1,0,0,0,Web Enumeration
5,1,0,0,4,5.054,0.489,0,0.0,0.0,0.0,2,61.54,36.495,0,1,0,0,0,Exploit Attempt
8,8,6,6,0,1.961,0.148,3,3.503,3.776,0.056,0,0.0,0.0,0,1,0,0,0,Credential Stuffing
3,0,1,0,2,1.055,0.198,1,0.0,0.0,0.0,2,23.47,86.702,0,1,0,0,0,Malware Download
3,1,0,0,1,0.403,0.315,0,0.0,0.0,0.0,1,20.76,75.371,0,0,1,0,0,Malware Download
8,0,0,0,8,0.597,0.147,4,0.0,0.0,0.0,5,8.88,180.713,0,1,0,0,0,Recon Scan
12,0,0,0,9,0.922,0.113,2,0.0,0.0,0.0,7,9.93,195.88,0,1,0,0,0,Recon Scan
25,1,0,1,25,2.792,0.122,4,0.0,0.0,0.0,20,18.93,186.7,0,1,0,0,0,Web Enumeration
5,5,1,8,0,3.961,0.583,1,1.512,2.132,0.181,0,0.0,0.0,0,0,1,0,0,Brute Force
31,29,10,19,0,3.245,0.187,2,3.249,3.833,0.053,0,0.0,0.0,0,1,0,0,0,Credential Stuffing
4,0,1,1,2,0.287,0.335,0,0.0,0.0,0.0,2,11.61,91.361,0,0,1,0,0,Malware Download
4,1,1,1,2,1.926,0.814,1,0.0,0.0,0.0,2,30.73,83.747,0,0,1,0,0,Malware Download
23,0,1,1,23,1.099,0.145,2,0.0,0.0,0.0,17,15.22,351.726,0,1,0,0,0,Web Enumeration
28,28,19,25,0,6.179,0.219,2,3.227,3.698,0.131,0,0.0,0.0,0,1,0,0,0,Credential Stuffing
18,1,0,0,18,6.165,0.119,5,0.0,0.0,0.0,10,12.85,222.472,0,1,0,0,0,Web Enumeration
2,0,1,0,1,1.202,0.337,1,0.0,0.0,0.0,1,38.83,87.923,0,1,0,0,0,Malware Download
3,0,0,0,2,0.087,0.262,0,0.0,0.0,0.0,2,41.43,157.941,0,0,1,0,0,Malware Download
7,0,0,0,5,1.777,0.075,5,0.0,0.0,0.0,3,10.86,246.533,0,1,0,0,0,Recon Scan
5,1,1,0,1,0.123,1.691,1,2.924,1.841,0.477,2,0.6,89.619,0,0,0,1,0,Unknown Behaviour
11,5,0,0,0,4.481,0.792,0,2.545,1.141,0.0,4,4.44,33.149,0,0,0,0,1,Unknown Behaviour
3,0,0,0,1,1.218,0.468,0,0.0,0.0,0.0,1,22.98,45.439,0,0,1,0,0,Malware Download
28,27,1,25,0,6.99,0.358,2,1.809,2.169,0.139,0,0.0,0.0,0,0,0,1,0,Brute Force
19,1,0,0,19,1.926,0.223,3,0.0,0.0,0.0,17,14.53,413.44,0,1,0,0,0,Web Enumeration
21,1,0,0,21,3.631,0.262,2,0.0,0.0,0.0,22,15.49,286.648,0,1,0,0,0,Web Enumeration
5,1,0,1,3,3.834,0.877,0,0.0,0.0,0.0,1,65.16,67.616,0,0,1,0,0,Exploit Attempt
23,1,1,0,22,2.73,0.19,4,0.0,0.0,0.0,19,8.9,267.531,0,1,0,0,0,Web Enumeration
6,0,1,1,5,2.471,0.246,0,0.0,0.0,0.0,4,83.57,65.97,0,0,0,0,1,Exploit Attempt
19,19,16,15,0,5.792,0.215,4,3.081,3.598,0.077,0,0.0,0.0,0,0,1,0,0,Credential Stuffing
20,19,1,15,0,1.466,0.292,0,2.385,2.371,0.108,0,0.0,0.0,1,0,0,0,0,Brute Force
27,27,14,18,0,6.06,0.17,1,3.372,3.765,0.027,0,0.0,0.0,0,1,0,0,0,Credential Stuffing
24,24,1,21,0,8.223,0.349,2,2.324,2.675,0.186,0,0.0,0.0,1,0,0,0,0,Brute Force
7,0,0,1,4,3.602,1.661,0,1.527,2.482,0.222,3,23.18,63.107,1,0,0,0,0,Unknown Behaviour
11,0,0,0,8,0.385,0.089,0,0.0,0.0,0.0,5,9.68,299.141,0,0,1,0,0,Recon Scan
24,23,1,16,0,1.623,0.357,2,2.043,2.09,0.299,0,0.0,0.0,1,0,0,0,0,Brute Force
13,0,0,0,9,1.946,0.097,4,0.0,0.0,0.0,10,6.82,222.42,0,0,0,1,0,Recon Scan
28,26,1,23,0,10.409,0.301,1,1.731,2.078,0.068,0,0.0,0.0,1,0,0,0,0,Brute Force
15,0,0,0,14,0.643,0.1,0,0.0,0.0,0.0,7,12.14,192.015,1,0,0,0,0,Recon Scan
3,1,0,0,2,1.387,0.484,1,0.0,0.0,0.0,2,25.81,39.469,0,0,1,0,0,Malware Download
12,0,1,0,11,3.988,0.089,0,0.0,0.0,0.0,7,12.74,403.44,0,1,0,0,0,Web Enumeration
2,1,0,0,1,0.265,0.463,1,0.0,0.0,0.0,1,23.53,125.976,0,1,0,0,0,Malware Download
27,26,14,18,0,2.1,0.184,1,3.751,3.241,0.027,0,0.0,0.0,0,1,0,0,0,Credential Stuffing
3,1,1,0,1,0.903,0.554,0,0.0,0.0,0.0,1,17.21,69.548,0,1,0,0,0,Malware Download
4,0,0,0,2,0.491,0.025,6,0.0,0.0,0.0,4,6.84,129.85,0,1,0,0,0,Recon Scan
6,0,0,0,4,2.632,0.477,0,0.0,0.0,0.0,4,22.57,76.423,0,0,1,0,0,Malware Download
3,1,1,0,2,1.443,0.679,1,0.0,0.0,0.0,2,39.72,116.435,0,0,1,0,0,Malware Download
6,0,2,0,4,7.35,0.269,2,0.383,1.883,0.286,4,11.79,3.787,0,0,0,0,1,Unknown Behaviour
5,0,1,0,0,2.572,2.902,2,3.143,1.615,0.239,3,5.51,38.395,0,0,0,1,0,Unknown Behaviour
10,0,0,0,7,1.828,0.129,2,0.0,0.0,0.0,7,2.91,232.703,0,0,0,0,1,Recon Scan
3,1,0,1,1,0.002,0.45,0,0.0,0.0,0.0,1,38.35,131.851,0,0,1,0,0,Malware Download
3,0,0,0,2,0.448,0.489,1,0.0,0.0,0.0,2,36.53,109.652,0,1,0,0,0,Malware Download
40,40,25,30,0,8.218,0.238,1,3.8,3.774,0.014,0,0.0,0.0,1,0,0,0,0,Credential Stuffing
2,0,0,0,1,2.081,0.5,0,0.0,0.0,0.0,1,24.07,82.495,0,0,1,0,0,Malware Download
9,1,1,0,7,3.583,0.478,0,0.0,0.0,0.0,3,55.85,48.574,0,1,0,0,0,Exploit Attempt
10,0,0,0,10,1.007,0.133,3,0.0,0.0,0.0,7,11.21,192.247,0,1,0,0,0,Recon Scan
11,3,2,0,0,4.452,2.41,0,1.782,4.469,0.331,3,38.65,130.15,0,0,0,0,1,Unknown Behaviour
13,0,0,0,12,0.441,0.094,6,0.0,0.0,0.0,7,6.53,232.138,0,1,0,0,0,Recon Scan
47,47,33,36,0,6.983,0.334,1,2.882,3.814,0.091,0,0.0,0.0,0,1,0,0,0,Credential Stuffing
23,22,1,17,0,6.675,0.357,4,2.136,2.786,0.131,0,0.0,0.0,0,0,0,1,0,Brute Force
18,0,0,0,14,1.117,0.173,1,0.0,0.0,0.0,10,10.93,196.324,0,1,0,0,0,Recon Scan
11,0,0,0,10,0.378,0.046,5,0.0,0.0,0.0,8,10.24,331.57,0,1,0,0,0,Recon Scan
28,26,24,13,0,6.203,0.175,1,3.317,3.8,0.079,0,0.0,0.0,0,0,1,0,0,Credential Stuffing
30,30,1,30,0,8.791,0.474,1,1.859,1.815,0.241,0,0.0,0.0,1,0,0,0,0,Brute Force
5,0,0,1,0,9.06,1.052,1,1.247,1.61,0.628,4,11.5,64.22,0,1,0,0,0,Unknown Behaviour
25,24,22,11,0,9.348,0.177,2,2.976,3.899,0.052,0,0.0,0.0,0,1,0,0,0,Credential Stuffing
11,2,1,0,5,3.155,1.501,0,0.946,1.095,0.407,0,45.13,25.902,1,0,0,0,0,Unknown Behaviour
2,1,1,0,1,0.775,0.766,0,0.0,0.0,0.0,1,16.73,115.683,0,0,1,0,0,Malware Download
22,1,1,1,22,0.07,0.173,5,0.0,0.0,0.0,18,6.91,231.024,0,1,0,0,0,Web Enumeration
4,0,1,1,3,0.508,0.351,2,0.0,0.0,0.0,1,52.57,27.437,0,0,1,0,0,Exploit Attempt
14,0,0,1,14,4.758,0.136,4,0.0,0.0,0.0,13,16.2,259.456,0,1,0,0,0,Web Enumeration
3,0,1,1,1,0.962,0.235,1,0.0,0.0,0.0,1,31.46,84.788,0,1,0,0,0,Malware Download
18,1,0,0,17,1.93,0.094,3,0.0,0.0,0.0,14,19.57,309.187,0,1,0,0,0,Web Enumeration
20,18,1,16,0,5.019,0.237,1,2.652,1.992,0.135,0,0.0,0.0,1,0,0,0,0,Brute Force
16,1,0,1,15,4.462,0.143,2,0.0,0.0,0.0,15,17.82,369.6,0,1,0,0,0,Web Enumeration
15,1,1,1,15,3.622,0.021,2,0.0,0.0,0.0,9,13.85,97.93,0,1,0,0,0,Web Enumeration
5,0,1,2,0,5.445,0.532,2,3.837,1.296,0.651,6,21.03,28.077,0,1,0,0,0,Unknown Behaviour
4,0,0,1,2,4.036,0.78,0,0.0,0.0,0.0,2,71.93,39.186,0,0,0,0,1,Exploit Attempt
14,0,1,1,14,5.937,0.133,2,0.0,0.0,0.0,14,14.09,244.951,0,1,0,0,0,Web Enumeration
27,0,1,1,26,4.435,0.151,2,0.0,0.0,0.0,22,12.33,344.274,0,1,0,0,0,Web Enumeration
15,3,2,0,4,3.22,0.645,2,0.21,2.266,0.401,1,36.62,23.603,0,0,0,1,0,Unknown Behaviour
4,1,1,1,2,0.018,0.328,0,0.0,0.0,0.0,2,32.6,61.992,0,0,1,0,0,Malware Download
5,1,1,0,3,0.131,0.19,0,0.0,0.0,0.0,3,33.72,66.015,0,0,1,0,0,Malware Download
6,1,0,1,5,1.984,0.438,0,0.0,0.0,0.0,2,93.05,71.346,0,0,1,0,0,Exploit Attempt
35,1,1,0,34,2.188,0.292,0,0.0,0.0,0.0,29,13.04,160.362,0,1,0,0,0,Web Enumeration
10,0,0,0,8,0.373,0.166,6,0.0,0.0,0.0,8,4.46,269.747,0,1,0,0,0,Recon Scan
24,22,1,21,0,6.932,0.053,2,1.883,2.507,0.149,0,0.0,0.0,0,0,0,1,0,Brute Force
16,0,1,1,16,1.516,0.121,1,0.0,0.0,0.0,16,13.38,333.549,0,1,0,0,0,Web Enumeration
4,1,1,0,2,0.358,0.388,0,0.0,0.0,0.0,2,41.42,101.259,0,0,1,0,0,Malware Download
15,0,0,0,9,0.328,0.045,4,0.0,0.0,0.0,12,7.71,69.898,0,0,0,1,0,Recon Scan
30,30,2,25,0,11.359,0.226,2,1.747,2.21,0.0,0,0.0,0.0,1,0,0,0,0,Brute Force
4,0,1,1,2,4.015,0.428,0,0.0,0.0,0.0,1,51.24,84.421,0,1,0,0,0,Exploit Attempt
20,19,1,18,0,4.816,0.064,0,2.284,2.33,0.216,0,0.0,0.0,0,0,1,0,0,Brute Force
3,0,0,0,2,1.528,0.337,1,0.0,0.0,0.0,2,29.11,98.033,0,0,1,0,0,Malware Download
5,2,0,1,4,3.48,1.199,1,0.0,0.0,0.0,2,75.24,49.376,0,0,0,0,1,Exploit Attempt
26,0,1,0,26,3.295,0.025,3,0.0,0.0,0.0,19,18.66,298.356,0,1,0,0,0,Web Enumeration
28,27,3,25,0,7.339,0.513,0,1.928,3.098,0.171,0,0.0,0.0,1,0,0,0,0,Brute Force
31,29,1,27,0,9.092,0.043,4,1.468,2.468,0.211,0,0.0,0.0,0,0,1,0,0,Brute Force
50,50,35,43,0,10.07,0.221,0,2.966,3.262,0.052,0,0.0,0.0,0,1,0,0,0,Credential Stuffing
2,2,1,0,3,5.269,1.118,0,1.413,1.863,0.051,0,22.82,62.933,0,0,0,0,1,Unknown Behaviour
42,41,26,36,0,8.63,0.256,1,3.435,3.41,0.101,0,0.0,0.0,0,1,0,0,0,Credential Stuffing
37,36,1,34,0,5.842,0.385,1,1.756,2.372,0.14,0,0.0,0.0,1,0,0,0,0,Brute Force
21,21,1,18,0,6.536,0.004,1,2.16,2.48,0.358,0,0.0,0.0,0,0,0,1,0,Brute Force
36,34,18,33,0,10.835,0.287,4,2.938,3.174,0.037,0,0.0,0.0,0,0,1,0,0,Credential Stuffing
8,1,1,1,1,3.665,1.317,2,0.653,0.63,0.211,2,15.54,48.763,1,0,0,0,0,Unknown Behaviour
3,1,0,1,2,2.427,0.442,0,0.0,0.0,0.0,2,56.91,80.399,0,0,0,0,1,Exploit Attempt
10,1,2,0,0,0.331,2.088,0,0.365,3.196,0.843,1,5.51,104.541,0,1,0,0,0,Unknown Behaviour
4,2,2,0,8,5.383,4.207,0,0.794,0.353,0.119,0,17.94,70.986,0,0,0,1,0,Unknown Behaviour
57,57,32,47,0,10.036,0.186,1,2.614,3.637,0.043,0,0.0,0.0,0,1,0,0,0,Credential Stuffing
16,1,0,1,0,2.467,3.144,1,0.638,1.04,0.459,3,15.31,44.424,0,0,0,0,1,Unknown Behaviour
28,1,0,1,28,2.841,0.191,2,0.0,0.0,0.0,25,13.74,218.314,0,1,0,0,0,Web Enumeration
17,0,0,0,16,0.509,0.148,3,0.0,0.0,0.0,12,10.38,279.661,0,1,0,0,0,Recon Scan
3,1,0,1,2,1.457,0.289,1,0.0,0.0,0.0,2,27.11,82.685,0,1,0,0,0,Malware Download
10,0,0,0,9,0.033,0.074,5,0.0,0.0,0.0,5,4.17,260.113,1,0,0,0,0,Recon Scan
2,1,0,0,6,1.652,4.157,2,1.531,2.305,0.759,3,13.86,3.603,0,1,0,0,0,Unknown Behaviour
22,21,1,21,0,5.201,0.234,2,1.686,1.987,0.276,0,0.0,0.0,1,0,0,0,0,Brute Force
32,30,2,31,0,10.139,0.294,3,2.222,2.559,0.064,0,0.0,0.0,0,0,0,1,0,Brute Force
7,2,1,1,6,0.317,0.783,0,0.0,0.0,0.0,3,97.92,53.952,0,0,0,0,1,Exploit Attempt
52,51,26,36,0,10.714,0.104,1,3.941,3.46,0.039,0,0.0,0.0,0,1,0,0,0,Credential Stuffing
3,4,1,0,3,2.481,1.65,0,2.466,0.57,0.029,1,11.43,80.7,0,1,0,0,0,Unknown Behaviour
26,26,1,27,0,8.564,0.42,0,1.571,2.946,0.188,0,0.0,0.0,1,0,0,0,0,Brute Force
28,26,2,14,0,8.566,0.686,0,1.828,2.297,0.143,0,0.0,0.0,1,0,0,0,0,Brute Force
14,13,1,15,0,3.478,0.279,2,2.168,1.712,0.239,0,0.0,0.0,1,0,0,0,0,Brute Force
37,35,18,30,0,9.917,0.179,1,3.543,3.405,0.0,0,0.0,0.0,1,0,0,0,0,Credential Stuffing
13,0,0,0,11,0.349,0.096,5,0.0,0.0,0.0,10,9.63,273.184,0,0,0,1,0,Recon Scan
25,24,1,21,0,8.145,0.68,2,2.099,1.625,0.141,0,0.0,0.0,1,0,0,0,0,Brute Force
4,1,1,0,4,4.804,1.775,0,0.452,1.101,0.796,2,13.4,52.548,1,0,0,0,0,Unknown Behaviour
35,33,22,27,0,6.402,0.174,2,3.556,3.946,0.062,0,0.0,0.0,0,1,0,0,0,Credential Stuffing
3,0,0,0,1,1.987,0.509,1,0.0,0.0,0.0,1,48.74,115.121,0,1,0,0,0,Malware Download
10,0,0,0,2,0.253,0.156,2,0.0,0.0,0.0,7,4.83,306.322,0,0,0,0,1,Recon Scan
16,1,0,1,16,3.466,0.078,6,0.0,0.0,0.0,15,6.83,135.942,0,1,0,0,0,Web Enumeration
10,0,0,0,7,0.304,0.124,3,0.0,0.0,0.0,7,10.44,246.792,0,1,0,0,0,Recon Scan
14,0,0,0,11,0.392,0.002,3,0.0,0.0,0.0,9,8.69,218.321,0,1,0,0,0,Recon Scan
32,31,24,26,0,4.949,0.206,0,2.704,3.849,0.035,0,0.0,0.0,0,1,0,0,0,Credential Stuffing
3,1,1,0,2,0.086,0.618,0,0.0,0.0,0.0,2,33.48,77.822,0,1,0,0,0,Malware Download
3,1,0,1,1,1.284,0.489,0,0.0,0.0,0.0,1,15.22,106.172,0,1,0,0,0,Malware Download
4,2,0,1,3,1.578,0.246,3,0.0,0.0,0.0,1,66.47,42.532,0,0,1,0,0,Exploit Attempt
5,2,0,1,3,0.112,0.372,1,0.0,0.0,0.0,2,65.62,57.963,0,0,1,0,0,Exploit Attempt
4,0,1,1,2,0.912,0.356,0,0.0,0.0,0.0,2,24.45,72.857,0,0,1,0,0,Malware Download
29,27,18,22,0,6.703,0.086,2,3.462,3.642,0.023,0,0.0,0.0,0,1,0,0,0,Credential Stuffing
23,21,2,14,0,6.168,0.215,0,2.029,2.731,0.153,0,0.0,0.0,0,0,1,0,0,Brute Force
2,0,0,1,3,3.916,0.961,2,0.152,0.321,0.422,1,14.79,23.435,0,0,1,0,0,Unknown Behaviour
36,35,1,27,0,6.026,0.263,1,1.705,2.389,0.212,0,0.0,0.0,1,0,0,0,0,Brute Force
23,21,1,21,0,6.848,0.45,2,2.428,2.509,0.337,0,0.0,0.0,1,0,0,0,0,Brute Force
8,1,0,2,2,0.74,1.036,1,0.955,2.2,0.662,0,25.0,22.091,1,0,0,0,0,Unknown Behaviour
4,0,1,0,3,4.104,0.821,1,0.0,0.0,0.0,4,66.93,34.219,0,1,0,0,0,Exploit Attempt
29,29,2,22,0,11.757,0.453,2,1.644,2.361,0.142,0,0.0,0.0,0,0,0,1,0,Brute Force
27,26,1,27,0,8.776,0.179,2,1.937,2.786,0.132,0,0.0,0.0,0,0,1,0,0,Brute Force
5,1,1,1,3,3.969,0.47,2,0.0,0.0,0.0,3,64.34,42.595,0,1,0,0,0,Exploit Attempt
17,0,1,1,17,0.43,0.122,4,0.0,0.0,0.0,15,15.61,275.145,0,1,0,0,0,Web Enumeration
4,0,1,1,2,0.642,0.321,0,0.0,0.0,0.0,2,37.96,23.388,0,0,1,0,0,Malware Download
24,22,1,20,0,5.884,0.232,0,1.923,2.228,0.154,0,0.0,0.0,0,0,1,0,0,Brute Force
28,27,19,22,0,7.471,0.334,2,3.248,3.912,0.069,0,0.0,0.0,0,1,0,0,0,Credential Stuffing
3,0,0,1,1,0.967,0.229,0,0.0,0.0,0.0,1,24.37,86.795,0,0,1,0,0,Malware Download
27,25,1,21,0,6.107,0.364,2,1.423,1.639,0.214,0,0.0,0.0,1,0,0,0,0,Brute Force
5,1,0,1,4,1.178,0.103,1,0.0,0.0,0.0,2,107.0,52.564,0,0,1,0,0,Exploit Attempt
35,33,19,34,0,8.204,0.125,0,3.57,3.583,0.0,0,0.0,0.0,1,0,0,0,0,Credential Stuffing
44,44,1,34,0,15.992,0.445,5,1.483,2.883,0.186,0,0.0,0.0,1,0,0,0,0,Brute Force
5,1,1,0,5,1.266,0.39,0,1.247,1.254,0.523,2,46.41,48.249,0,0,0,0,1,Unknown Behaviour
11,0,0,0,7,1.152,0.031,0,0.0,0.0,0.0,3,5.41,299.497,0,1,0,0,0,Recon Scan
18,0,0,1,17,4.126,0.165,3,0.0,0.0,0.0,15,11.43,153.666,0,1,0,0,0,Web Enumeration
3,2,0,1,1,4.474,0.62,1,0.0,0.0,0.0,1,109.32,3.844,0,1,0,0,0,Exploit Attempt
3,2,0,0,0,4.148,0.068,2,0.486,0.922,0.311,2,1.14,58.152,0,0,0,1,0,Unknown Behaviour
28,0,0,0,27,2.734,0.218,0,0.0,0.0,0.0,24,11.29,276.944,0,1,0,0,0,Web Enumeration
14,0,0,0,13,1.197,0.132,4,0.0,0.0,0.0,7,9.72,255.135,0,1,0,0,0,Web Enumeration
5,5,1,3,0,3.715,0.429,2,1.789,2.71,0.178,0,0.0,0.0,0,0,1,0,0,Brute Force
12,5,1,0,4,2.77,0.728,1,3.502,2.635,0.0,2,22.38,39.196,0,0,0,0,1,Unknown Behaviour
30,29,20,25,0,4.624,0.306,0,3.802,3.424,0.031,0,0.0,0.0,0,1,0,0,0,Credential Stuffing
36,36,2,32,0,12.747,0.216,2,1.706,2.459,0.128,0,0.0,0.0,1,0,0,0,0,Brute Force
5,2,1,1,3,4.107,0.521,1,0.0,0.0,0.0,1,54.93,53.166,0,1,0,0,0,Exploit Attempt
4,0,0,1,2,1.836,0.246,0,0.0,0.0,0.0,2,60.84,31.409,0,1,0,0,0,Exploit Attempt
1,1,0,0,0,7.215,0.946,2,2.51,0.13,0.051,3,5.49,57.983,0,0,1,0,0,Unknown Behaviour
15,1,1,0,15,2.701,0.14,6,0.0,0.0,0.0,11,5.5,357.656,0,1,0,0,0,Web Enumeration
4,1,1,0,3,0.541,0.448,0,0.0,0.0,0.0,3,35.68,129.405,0,1,0,0,0,Malware Download
17,0,0,0,12,0.435,0.037,1,0.0,0.0,0.0,11,8.43,194.532,0,0,0,1,0,Recon Scan
12,0,0,0,9,2.373,0.073,0,0.0,0.0,0.0,5,7.4,145.056,0,0,1,0,0,Recon Scan
4,1,0,0,2,2.76,0.833,2,0.0,0.0,0.0,2,61.92,28.714,0,0,0,0,1,Exploit Attempt
4,0,0,1,3,1.641,0.311,0,0.0,0.0,0.0,3,24.21,106.372,0,1,0,0,0,Malware Download
30,29,16,19,0,6.665,0.168,3,3.346,3.311,0.0,0,0.0,0.0,0,1,0,0,0,Credential Stuffing
41,40,1,35,0,13.115,0.283,2,1.583,2.819,0.089,0,0.0,0.0,1,0,0,0,0,Brute Force
6,1,1,1,5,2.047,0.827,1,0.0,0.0,0.0,1,73.87,20.424,0,0,1,0,0,Exploit Attempt
30,28,18,21,0,6.4,0.228,2,4.23,3.873,0.007,0,0.0,0.0,0,1,0,0,0,Credential Stuffing
15,15,1,13,0,8.038,0.38,0,1.682,2.85,0.27,0,0.0,0.0,0,0,0,1,0,Brute Force
14,0,0,0,12,4.104,0.081,3,0.0,0.0,0.0,11,11.46,187.895,0,0,0,0,1,Recon Scan
11,2,2,1,0,5.916,1.41,2,2.065,1.051,0.331,1,2.21,55.788,1,0,0,0,0,Unknown Behaviour
29,29,16,25,0,5.84,0.258,0,3.397,3.198,0.065,0,0.0,0.0,0,1,0,0,0,Credential Stuffing
3,0,1,1,1,0.077,0.51,0,0.0,0.0,0.0,1,26.22,106.789,0,1,0,0,0,Malware Download
3,2,0,1,2,2.291,0.508,2,0.0,0.0,0.0,1,55.05,15.163,0,0,0,0,1,Exploit Attempt
20,1,1,1,20,4.635,0.277,3,0.0,0.0,0.0,16,16.81,219.577,0,1,0,0,0,Web Enumeration
16,14,12,8,0,4.429,0.033,1,3.349,4.123,0.003,0,0.0,0.0,0,1,0,0,0,Credential Stuffing
22,22,1,21,0,6.625,0.433,3,1.473,1.726,0.12,0,0.0,0.0,0,0,0,1,0,Brute Force
5,1,0,0,3,3.629,0.773,2,0.891,0.781,0.732,0,10.54,4.713,0,0,0,0,1,Unknown Behaviour
18,16,1,12,0,1.891,0.207,3,1.787,2.442,0.122,0,0.0,0.0,1,0,0,0,0,Brute Force
19,1,0,0,18,3.565,0.146,4,0.0,0.0,0.0,18,12.99,130.343,0,1,0,0,0,Web Enumeration
27,27,18,19,0,4.333,0.065,1,3.753,3.627,0.02,0,0.0,0.0,0,1,0,0,0,Credential Stuffing
33,31,1,26,0,9.032,0.225,2,2.477,2.17,0.203,0,0.0,0.0,1,0,0,0,0,Brute Force
19,18,19,23,0,6.865,0.328,1,3.75,3.571,0.0,0,0.0,0.0,0,0,1,0,0,Credential Stuffing
37,35,1,28,0,11.001,0.31,1,1.596,1.793,0.176,0,0.0,0.0,1,0,0,0,0,Brute Force
2,0,1,0,1,0.417,0.438,1,0.0,0.0,0.0,1,25.63,130.812,0,0,1,0,0,Malware Download
6,0,0,0,6,3.553,0.109,3,0.0,0.0,0.0,3,10.85,116.16,0,1,0,0,0,Recon Scan
3,0,1,1,2,1.819,0.16,0,0.0,0.0,0.0,2,22.21,129.694,0,0,1,0,0,Malware Download
5,1,1,0,4,3.793,0.166,0,0.0,0.0,0.0,4,25.65,38.926,0,0,0,0,1,Exploit Attempt
4,1,0,1,3,0.613,0.146,0,0.0,0.0,0.0,3,73.81,50.182,0,0,0,0,1,Exploit Attempt
28,28,2,24,0,7.094,0.075,4,2.026,2.481,0.429,0,0.0,0.0,1,0,0,0,0,Brute Force
15,1,0,1,15,5.343,0.038,2,0.0,0.0,0.0,8,11.08,260.94,0,1,0,0,0,Web Enumeration
3,1,2,0,3,1.25,4.911,1,1.627,1.301,0.176,3,2.39,50.078,0,0,1,0,0,Unknown Behaviour
10,0,0,0,8,1.756,0.122,8,0.0,0.0,0.0,5,11.58,232.465,0,1,0,0,0,Recon Scan
27,27,1,25,0,8.508,0.39,1,2.113,1.937,0.134,0,0.0,0.0,1,0,0,0,0,Brute Force
27,25,17,22,0,8.083,0.163,4,3.087,3.276,0.08,0,0.0,0.0,0,1,0,0,0,Credential Stuffing
27,26,2,21,0,7.862,0.297,1,1.783,2.329,0.183,0,0.0,0.0,1,0,0,0,0,Brute Force
2,0,1,0,1,0.099,0.43,0,0.0,0.0,0.0,1,30.86,103.359,0,0,1,0,0,Malware Download
5,0,1,0,4,0.347,0.398,1,0.0,0.0,0.0,2,78.46,40.634,0,1,0,0,0,Exploit Attempt
18,1,1,1,17,4.016,0.067,3,0.0,0.0,0.0,11,14.39,196.472,0,1,0,0,0,Web Enumeration
18,0,0,0,18,0.084,0.195,4,0.0,0.0,0.0,19,11.08,275.832,0,1,0,0,0,Web Enumeration
5,2,0,1,3,2.463,0.29,0,0.0,0.0,0.0,1,35.22,1.129,0,1,0,0,0,Exploit Attempt
15,15,17,18,0,4.413,0.236,0,3.447,3.435,0.017,0,0.0,0.0,0,1,0,0,0,Credential Stuffing
5,0,1,1,0,0.213,3.79,5,2.58,3.071,0.831,6,10.47,5.131,1,0,0,0,0,Unknown Behaviour
9,0,1,1,1,3.141,1.118,1,1.51,1.43,0.358,2,5.21,53.664,0,0,0,0,1,Unknown Behaviour
8,0,1,0,0,3.006,1.299,1,1.526,1.398,0.175,3,9.6,62.174,0,0,0,0,1,Unknown Behaviour
30,29,1,25,0,6.574,0.279,0,2.046,2.623,0.298,0,0.0,0.0,0,0,1,0,0,Brute Force
4,1,0,0,2,0.489,0.464,0,0.0,0.0,0.0,2,40.17,96.727,0,1,0,0,0,Malware Download
5,0,0,0,5,1.223,0.07,4,0.0,0.0,0.0,5,9.54,180.637,0,1,0,0,0,Recon Scan
24,1,0,0,24,1.549,0.195,1,0.0,0.0,0.0,21,13.14,293.563,0,1,0,0,0,Web Enumeration
4,1,0,1,2,0.951,0.659,0,0.0,0.0,0.0,2,20.01,92.358,0,0,1,0,0,Malware Download
35,1,1,0,35,3.414,0.088,3,0.0,0.0,0.0,32,13.27,227.794,0,1,0,0,0,Web Enumeration
6,2,0,1,4,2.179,0.558,1,0.0,0.0,0.0,2,51.28,25.97,0,0,1,0,0,Exploit Attempt
34,34,1,32,0,12.367,0.156,2,1.486,2.228,0.247,0,0.0,0.0,1,0,0,0,0,Brute Force
6,0,1,0,5,0.228,0.587,2,0.0,0.0,0.0,2,85.43,38.812,0,0,1,0,0,Exploit Attempt
4,0,1,1,3,0.554,0.795,1,0.0,0.0,0.0,1,75.65,36.842,0,1,0,0,0,Exploit Attempt
10,1,0,0,0,2.695,1.042,1,2.935,0.285,0.0,4,4.73,63.624,0,0,1,0,0,Unknown Behaviour
7,1,0,0,5,4.597,0.408,0,0.0,0.0,0.0,4,29.29,65.016,0,1,0,0,0,Exploit Attempt
26,24,1,19,0,8.245,0.265,1,2.079,2.243,0.158,0,0.0,0.0,0,0,0,1,0,Brute Force
31,30,2,31,0,9.407,0.386,1,2.058,2.426,0.185,0,0.0,0.0,1,0,0,0,0,Brute Force
45,43,24,36,0,9.958,0.075,0,3.864,3.687,0.027,0,0.0,0.0,0,1,0,0,0,Credential Stuffing
30,30,2,26,0,11.774,0.334,2,1.985,2.399,0.121,0,0.0,0.0,0,0,1,0,0,Brute Force
3,0,0,0,2,0.572,0.124,1,0.0,0.0,0.0,2,8.15,238.186,0,1,0,0,0,Recon Scan
27,1,0,0,26,3.239,0.139,2,0.0,0.0,0.0,19,15.12,273.653,0,1,0,0,0,Web Enumeration
1,3,0,0,5,1.618,0.398,1,2.388,0.558,0.869,4,4.2,84.773,0,1,0,0,0,Unknown Behaviour
7,1,0,0,5,1.2,0.276,2,0.0,0.0,0.0,3,88.39,47.034,0,1,0,0,0,Exploit Attempt
3,1,0,0,2,0.778,0.298,2,0.0,0.0,0.0,2,23.55,51.249,0,0,1,0,0,Malware Download
6,2,0,0,1,5.188,1.978,1,1.402,0.472,0.0,1,22.71,52.575,0,0,0,1,0,Unknown Behaviour
10,1,1,2,0,3.562,0.645,0,0.142,0.184,0.293,2,18.55,0.789,0,0,1,0,0,Unknown Behaviour
3,1,0,1,3,5.782,2.633,1,1.351,1.532,0.727,1,25.91,0.153,1,0,0,0,0,Unknown Behaviour
31,30,1,25,0,7.387,0.383,2,1.732,2.744,0.109,0,0.0,0.0,1,0,0,0,0,Brute Force
8,1,0,1,7,2.831,0.288,3,0.0,0.0,0.0,3,67.26,34.271,0,1,0,0,0,Exploit Attempt
10,2,0,1,8,4.066,0.109,0,0.0,0.0,0.0,7,62.12,88.936,0,0,1,0,0,Exploit Attempt
13,0,0,0,13,1.157,0.026,6,0.0,0.0,0.0,8,12.34,243.003,0,0,0,0,1,Recon Scan
26,24,21,15,0,4.307,0.364,1,3.351,3.232,0.0,0,0.0,0.0,0,1,0,0,0,Credential Stuffing
39,37,19,31,0,7.266,0.169,6,2.938,3.888,0.015,0,0.0,0.0,0,1,0,0,0,Credential Stuffing
34,34,19,26,0,7.912,0.154,1,3.37,4.041,0.051,0,0.0,0.0,0,0,1,0,0,Credential Stuffing
6,0,0,1,4,1.139,0.521,1,0.0,0.0,0.0,4,15.49,129.305,0,0,1,0,0,Malware Download
3,1,1,0,1,2.342,0.602,0,0.0,0.0,0.0,1,38.33,71.226,0,1,0,0,0,Malware Download
35,34,1,29,0,10.857,0.206,0,2.216,2.274,0.342,0,0.0,0.0,0,0,1,0,0,Brute Force
25,1,0,1,25,5.377,0.256,7,0.0,0.0,0.0,24,11.32,319.312,0,1,0,0,0,Web Enumeration
8,0,0,0,5,2.416,0.034,4,0.0,0.0,0.0,4,8.02,280.165,0,0,0,0,1,Recon Scan
24,23,2,18,0,6.831,0.086,1,1.816,2.295,0.218,0,0.0,0.0,1,0,0,0,0,Brute Force
2,1,0,1,1,0.839,0.384,0,0.0,0.0,0.0,1,41.8,51.493,0,1,0,0,0,Malware Download
24,23,1,18,0,1.9,0.138,1,1.919,2.973,0.227,0,0.0,0.0,0,0,0,1,0,Brute Force
5,0,0,2,1,1.732,0.268,0,1.818,1.942,0.583,1,9.06,95.338,0,1,0,0,0,Unknown Behaviour
5,1,1,0,4,1.228,0.332,0,0.0,0.0,0.0,4,35.27,70.477,0,0,1,0,0,Malware Download
2,0,0,0,1,1.687,0.273,0,0.0,0.0,0.0,1,22.92,94.89,0,0,1,0,0,Malware Download
19,0,0,0,18,4.996,0.023,8,0.0,0.0,0.0,14,16.83,320.639,0,1,0,0,0,Web Enumeration
3,0,1,0,2,1.146,0.453,1,0.0,0.0,0.0,2,33.35,98.81,0,0,1,0,0,Malware Download
17,4,0,1,1,4.784,3.481,1,1.361,3.548,0.0,1,8.27,72.076,0,0,1,0,0,Unknown Behaviour
8,0,0,0,0,2.42,0.42,1,2.248,1.802,0.0,0,5.45,1.853,1,0,0,0,0,Unknown Behaviour
17,16,2,15,0,7.295,0.47,2,1.199,1.858,0.241,0,0.0,0.0,1,0,0,0,0,Brute Force
2,0,1,1,1,0.361,0.499,1,0.0,0.0,0.0,1,10.6,66.773,0,1,0,0,0,Malware Download
19,19,1,10,0,3.587,0.394,0,1.49,3.016,0.129,0,0.0,0.0,1,0,0,0,0,Brute Force
2,1,1,0,1,0.444,0.338,0,0.0,0.0,0.0,1,34.18,122.352,0,1,0,0,0,Malware Download
33,33,21,24,0,4.679,0.41,3,3.504,3.482,0.038,0,0.0,0.0,0,0,1,0,0,Credential Stuffing
21,0,1,0,20,1.624,0.272,2,0.0,0.0,0.0,11,15.54,269.873,0,1,0,0,0,Web Enumeration
8,0,0,0,5,1.092,0.102,3,0.0,0.0,0.0,7,6.97,168.261,0,0,1,0,0,Recon Scan
3,0,0,0,2,2.345,0.021,2,0.0,0.0,0.0,0,6.1,223.209,1,0,0,0,0,Recon Scan
2,1,0,0,1,1.255,0.731,0,0.0,0.0,0.0,1,37.35,55.198,0,1,0,0,0,Malware Download
36,36,1,30,0,11.643,0.289,0,2.016,2.296,0.333,0,0.0,0.0,0,0,0,1,0,Brute Force
33,1,1,0,33,3.705,0.105,2,0.0,0.0,0.0,23,12.86,298.152,0,1,0,0,0,Web Enumeration
5,2,0,1,4,0.277,0.887,1,0.0,0.0,0.0,2,69.59,38.864,0,0,0,0,1,Exploit Attempt
4,6,1,1,3,0.545,5.094,1,1.637,2.382,0.0,0,11.32,69.653,0,0,1,0,0,Unknown Behaviour
32,32,16,22,0,8.842,0.154,1,3.288,3.581,0.0,0,0.0,0.0,1,0,0,0,0,Credential Stuffing
26,25,13,15,0,2.692,0.206,2,2.972,3.828,0.081,0,0.0,0.0,1,0,0,0,0,Credential Stuffing
11,2,0,1,5,3.82,1.304,2,0.569,3.017,0.0,2,8.91,4.364,0,0,1,0,0,Unknown Behaviour
21,21,1,20,0,4.66,0.465,0,1.938,2.76,0.008,0,0.0,0.0,0,0,0,1,0,Brute Force
18,17,5,9,0,5.074,0.253,0,3.214,3.329,0.121,0,0.0,0.0,0,1,0,0,0,Credential Stuffing
20,19,2,22,0,5.783,0.576,1,2.23,1.923,0.214,0,0.0,0.0,1,0,0,0,0,Brute Force
4,2,0,0,2,5.536,1.246,0,1.697,1.517,0.0,4,38.15,47.023,0,0,1,0,0,Unknown Behaviour
4,1,0,0,2,0.527,0.698,0,0.0,0.0,0.0,2,31.35,86.637,0,1,0,0,0,Malware Download
28,1,1,0,27,1.426,0.127,5,0.0,0.0,0.0,23,23.09,241.16,0,1,0,0,0,Web Enumeration
17,16,8,12,0,3.248,0.314,0,2.888,3.697,0.0,0,0.0,0.0,0,1,0,0,0,Credential Stuffing
9,2,1,1,8,4.827,0.759,0,0.0,0.0,0.0,5,74.62,68.676,0,0,1,0,0,Exploit Attempt
4,0,0,0,2,2.044,0.159,1,0.0,0.0,0.0,2,25.05,128.09,0,0,1,0,0,Malware Download
6,2,0,1,4,2.798,0.087,0,0.0,0.0,0.0,1,62.31,24.549,0,0,1,0,0,Exploit Attempt
13,0,2,0,1,0.55,3.927,0,0.398,4.149,0.418,3,40.22,54.579,0,1,0,0,0,Unknown Behaviour
4,1,0,1,0,0.737,0.708,0,0.622,2.998,0.107,2,20.48,14.57,0,1,0,0,0,Unknown Behaviour
4,0,1,0,3,0.771,0.247,1,0.0,0.0,0.0,3,35.39,109.498,0,0,1,0,0,Malware Download
3,0,0,1,1,1.69,0.829,1,0.0,0.0,0.0,1,75.01,49.643,0,1,0,0,0,Exploit Attempt
29,28,23,19,0,7.128,0.249,0,3.464,3.602,0.016,0,0.0,0.0,0,1,0,0,0,Credential Stuffing
34,33,23,29,0,4.381,0.298,1,3.104,4.001,0.109,0,0.0,0.0,0,1,0,0,0,Credential Stuffing
13,0,0,0,11,1.796,0.202,3,0.0,0.0,0.0,8,6.74,158.064,0,1,0,0,0,Recon Scan
13,0,0,0,9,1.065,0.139,4,0.0,0.0,0.0,7,5.05,270.148,0,1,0,0,0,Recon Scan
23,21,1,22,0,5.932,0.109,0,2.018,3.038,0.211,0,0.0,0.0,0,0,1,0,0,Brute Force
4,1,1,1,3,1.964,0.856,0,0.0,0.0,0.0,4,90.5,35.93,0,0,0,0,1,Exploit Attempt
23,22,1,18,0,3.019,0.44,1,1.734,2.278,0.198,0,0.0,0.0,1,0,0,0,0,Brute Force
13,1,0,0,3,7.387,1.935,1,0.081,1.809,0.476,1,24.47,75.596,0,0,0,1,0,Unknown Behaviour
3,4,0,1,0,2.307,0.04,2,1.316,0.334,0.495,0,48.92,50.545,0,0,0,0,1,Unknown Behaviour
14,13,9,8,0,0.851,0.086,3,2.81,3.349,0.055,0,0.0,0.0,0,1,0,0,0,Credential Stuffing
2,0,1,0,1,0.186,0.57,1,0.0,0.0,0.0,2,38.35,54.61,0,0,0,0,1,Exploit Attempt
8,0,0,0,2,2.668,0.151,0,0.805,1.056,0.004,2,4.28,52.027,0,0,0,0,1,Unknown Behaviour
12,0,1,1,11,1.139,0.039,3,0.0,0.0,0.0,7,8.19,327.574,0,1,0,0,0,Web Enumeration
30,0,1,1,30,1.314,0.123,1,0.0,0.0,0.0,23,11.27,297.082,0,1,0,0,0,Web Enumeration
26,26,20,25,0,7.108,0.065,3,3.553,3.099,0.0,0,0.0,0.0,0,1,0,0,0,Credential Stuffing
14,2,0,0,0,0.47,1.306,1,2.019,1.115,0.037,2,35.13,65.919,0,1,0,0,0,Unknown Behaviour
5,0,0,0,3,0.637,0.165,1,0.0,0.0,0.0,6,8.9,150.284,0,1,0,0,0,Recon Scan
4,2,1,0,3,2.987,0.951,2,0.406,1.263,0.0,0,5.41,9.434,0,1,0,0,0,Unknown Behaviour
3,1,0,0,1,1.005,0.942,0,0.0,0.0,0.0,2,36.85,18.327,0,0,0,0,1,Exploit Attempt
12,0,0,0,11,2.828,0.097,6,0.0,0.0,0.0,8,6.49,184.336,0,0,0,1,0,Recon Scan
4,1,1,1,2,1.078,0.41,0,0.0,0.0,0.0,2,33.73,108.905,0,0,1,0,0,Malware Download
7,0,0,0,3,1.535,0.339,2,0.158,2.46,0.0,1,7.41,34.672,0,0,0,1,0,Unknown Behaviour
34,32,14,30,0,6.773,0.133,1,3.242,3.994,0.042,0,0.0,0.0,0,1,0,0,0,Credential Stuffing
5,1,0,1,4,2.935,0.84,0,0.0,0.0,0.0,4,61.05,12.12,0,1,0,0,0,Exploit Attempt
7,0,0,0,4,2.281,0.153,3,0.0,0.0,0.0,4,11.28,227.908,0,0,0,1,0,Recon Scan
2,1,0,0,1,0.915,0.506,0,0.0,0.0,0.0,1,35.67,36.79,0,1,0,0,0,Malware Download
11,0,0,0,9,1.487,0.027,1,0.0,0.0,0.0,7,12.09,87.149,0,1,0,0,0,Recon Scan
6,0,0,2,2,1.192,3.914,2,2.622,0.599,0.12,1,29.47,33.08,1,0,0,0,0,Unknown Behaviour
29,28,2,19,0,9.748,0.588,0,2.356,1.191,0.255,0,0.0,0.0,1,0,0,0,0,Brute Force
11,1,0,1,4,2.08,0.968,1,0.826,0.757,0.525,3,19.52,50.427,0,0,0,1,0,Unknown Behaviour
43,41,29,39,0,8.461,0.276,0,3.529,3.277,0.047,0,0.0,0.0,0,1,0,0,0,Credential Stuffing
27,27,1,33,0,7.855,0.282,3,2.394,2.69,0.008,0,0.0,0.0,1,0,0,0,0,Brute Force
13,0,0,0,10,1.837,0.121,0,0.0,0.0,0.0,10,6.05,133.462,0,1,0,0,0,Recon Scan
4,0,0,0,2,1.596,0.767,0,1.537,1.582,0.084,3,22.85,1.017,0,0,1,0,0,Unknown Behaviour
2,1,0,0,0,9.305,1.137,0,0.474,1.765,0.108,0,14.51,28.401,0,1,0,0,0,Unknown Behaviour
4,1,1,1,2,1.042,0.333,0,0.0,0.0,0.0,2,18.12,96.899,0,0,1,0,0,Malware Download
7,0,0,1,5,2.261,0.105,0,0.0,0.0,0.0,4,81.84,41.872,0,0,0,0,1,Exploit Attempt
8,1,0,1,7,1.918,0.682,1,0.0,0.0,0.0,4,79.74,38.733,0,1,0,0,0,Exploit Attempt
24,24,11,19,0,2.214,0.097,2,3.51,3.089,0.07,0,0.0,0.0,1,0,0,0,0,Credential Stuffing
4,1,1,1,2,0.359,0.451,0,0.0,0.0,0.0,2,27.25,122.868,0,0,1,0,0,Malware Download
10,0,0,0,7,0.61,0.038,3,0.0,0.0,0.0,7,7.52,336.123,0,1,0,0,0,Recon Scan
34,32,19,16,0,6.019,0.125,3,3.699,3.773,0.066,0,0.0,0.0,0,1,0,0,0,Credential Stuffing
29,1,1,0,28,5.14,0.063,2,0.0,0.0,0.0,17,13.29,202.879,0,1,0,0,0,Web Enumeration
26,25,13,17,0,8.301,0.126,0,3.639,3.535,0.132,0,0.0,0.0,0,1,0,0,0,Credential Stuffing
4,0,1,1,2,0.995,0.542,0,0.0,0.0,0.0,2,26.46,103.997,0,1,0,0,0,Malware Download
11,0,0,0,10,1.468,0.127,3,0.0,0.0,0.0,7,4.78,101.335,0,0,0,0,1,Recon Scan
5,0,1,1,3,1.023,0.412,0,0.0,0.0,0.0,3,31.51,133.826,0,0,1,0,0,Malware Download
26,1,1,1,25,3.49,0.137,3,0.0,0.0,0.0,21,16.18,273.112,0,1,0,0,0,Web Enumeration
2,0,0,1,1,1.773,0.543,1,0.0,0.0,0.0,1,22.91,72.462,0,0,1,0,0,Malware Download
5,0,1,1,4,3.975,0.654,1,0.0,0.0,0.0,2,70.36,20.261,0,1,0,0,0,Exploit Attempt
3,1,0,1,1,0.368,0.431,0,0.0,0.0,0.0,1,28.05,101.101,0,0,1,0,0,Malware Download
2,1,1,0,1,2.078,0.628,0,0.0,0.0,0.0,1,21.69,102.637,0,0,1,0,0,Malware Download
32,32,25,23,0,6.655,0.276,1,3.243,3.709,0.0,0,0.0,0.0,1,0,0,0,0,Credential Stuffing
9,0,0,0,12,1.935,0.072,4,0.0,0.0,0.0,3,8.11,225.969,0,1,0,0,0,Recon Scan
29,28,20,17,0,5.013,0.054,2,2.835,3.939,0.097,0,0.0,0.0,0,1,0,0,0,Credential Stuffing
21,20,1,18,0,7.779,0.285,2,1.738,2.529,0.21,0,0.0,0.0,1,0,0,0,0,Brute Force
3,1,0,1,1,1.07,0.678,1,0.0,0.0,0.0,1,74.45,41.587,0,1,0,0,0,Exploit Attempt
13,1,1,1,13,1.553,0.164,5,0.0,0.0,0.0,10,9.15,287.447,0,1,0,0,0,Web Enumeration
20,20,1,17,0,8.289,0.39,2,1.602,2.391,0.261,0,0.0,0.0,0,0,1,0,0,Brute Force
4,1,2,1,5,2.588,1.064,1,0.616,1.491,0.496,4,13.61,59.924,0,0,0,1,0,Unknown Behaviour
20,19,14,10,0,3.207,0.386,0,3.528,3.632,0.094,0,0.0,0.0,0,1,0,0,0,Credential Stuffing
5,2,1,1,12,5.079,1.497,1,0.82,1.357,0.383,1,17.95,34.04,0,0,0,0,1,Unknown Behaviour
14,0,0,0,9,1.84,0.056,2,0.0,0.0,0.0,7,5.43,283.853,0,1,0,0,0,Recon Scan
37,36,1,32,0,12.488,0.469,0,1.877,1.571,0.27,0,0.0,0.0,0,0,1,0,0,Brute Force
25,0,0,1,24,1.444,0.104,1,0.0,0.0,0.0,12,9.97,372.155,0,1,0,0,0,Web Enumeration
20,1,1,0,19,3.341,0.206,2,0.0,0.0,0.0,16,13.03,330.218,0,1,0,0,0,Web Enumeration
18,0,1,1,18,3.149,0.132,5,0.0,0.0,0.0,9,19.09,198.387,0,1,0,0,0,Web Enumeration
7,0,1,0,5,1.685,0.757,0,0.0,0.0,0.0,2,101.27,40.588,0,1,0,0,0,Exploit Attempt
5,1,0,0,4,2.669,0.244,0,0.0,0.0,0.0,2,64.63,29.554,0,0,0,0,1,Exploit Attempt
3,2,0,0,0,1.365,1.018,1,2.843,0.346,0.254,0,33.84,7.542,0,1,0,0,0,Unknown Behaviour
5,2,0,0,3,2.028,0.864,0,0.0,0.0,0.0,1,38.87,29.875,0,0,1,0,0,Exploit Attempt
36,34,24,24,0,8.636,0.29,4,2.899,3.328,0.083,0,0.0,0.0,1,0,0,0,0,Credential Stuffing
10,0,0,0,2,3.721,0.277,0,1.706,0.011,0.566,2,1.52,14.337,0,0,0,1,0,Unknown Behaviour
4,1,1,1,2,1.724,0.16,0,0.0,0.0,0.0,2,36.14,61.694,0,0,1,0,0,Malware Download
4,1,0,0,3,3.203,0.473,0,0.0,0.0,0.0,3,67.73,37.397,0,0,1,0,0,Exploit Attempt
2,0,1,0,1,0.225,0.305,0,0.0,0.0,0.0,1,29.92,148.255,0,0,1,0,0,Malware Download
3,2,0,0,1,2.29,0.383,0,0.0,0.0,0.0,1,30.06,41.225,0,1,0,0,0,Exploit Attempt
14,1,1,0,14,4.533,0.145,4,0.0,0.0,0.0,9,14.98,330.155,0,1,0,0,0,Web Enumeration
15,1,1,0,14,5.436,0.151,2,0.0,0.0,0.0,8,15.4,246.268,0,1,0,0,0,Web Enumeration
13,0,0,1,13,1.161,0.145,6,0.0,0.0,0.0,8,13.49,168.144,0,1,0,0,0,Web Enumeration
3,2,0,0,2,2.163,0.603,0,0.0,0.0,0.0,1,92.87,13.755,0,0,0,0,1,Exploit Attempt
6,0,0,0,4,1.865,0.131,3,0.0,0.0,0.0,7,12.02,204.601,0,1,0,0,0,Recon Scan
23,23,2,22,0,9.56,0.01,2,2.108,1.689,0.128,0,0.0,0.0,0,0,0,1,0,Brute Force
19,1,0,1,18,1.167,0.133,4,0.0,0.0,0.0,20,21.13,204.297,0,1,0,0,0,Web Enumeration
2,0,0,1,1,1.267,0.841,0,0.0,0.0,0.0,1,25.38,56.0,0,1,0,0,0,Malware Download
23,1,0,0,23,2.17,0.089,1,0.0,0.0,0.0,24,11.79,110.941,0,1,0,0,0,Web Enumeration
38,36,28,22,0,8.128,0.254,2,3.893,4.211,0.041,0,0.0,0.0,0,1,0,0,0,Credential Stuffing
2,2,1,1,1,2.772,0.287,2,0.0,0.0,0.0,1,41.28,18.104,0,0,0,0,1,Exploit Attempt
4,0,1,1,3,0.889,0.005,1,0.0,0.0,0.0,3,12.61,81.25,0,1,0,0,0,Malware Download
24,24,1,23,0,7.012,0.462,2,2.138,2.104,0.035,0,0.0,0.0,0,0,1,0,0,Brute Force
2,1,0,0,1,0.387,0.097,0,0.0,0.0,0.0,1,21.26,83.046,0,0,1,0,0,Malware Download
4,2,1,0,3,2.273,0.314,0,0.0,0.0,0.0,2,47.06,56.012,0,0,1,0,0,Exploit Attempt
7,2,0,0,6,1.68,0.681,0,0.0,0.0,0.0,3,102.94,6.61,0,1,0,0,0,Exploit Attempt
21,0,1,0,20,3.216,0.104,2,0.0,0.0,0.0,14,18.23,307.813,0,1,0,0,0,Web Enumeration
5,1,1,1,3,0.735,0.077,0,0.0,0.0,0.0,2,55.98,70.711,0,1,0,0,0,Exploit Attempt
5,0,1,1,3,0.613,0.509,1,0.0,0.0,0.0,3,30.61,63.826,0,1,0,0,0,Malware Download
24,23,1,13,0,4.644,0.52,3,2.296,2.855,0.234,0,0.0,0.0,0,0,1,0,0,Brute Force
18,0,0,0,12,1.445,0.157,6,0.0,0.0,0.0,9,8.06,301.487,0,0,0,1,0,Recon Scan
3,1,1,0,3,3.432,1.361,0,0.899,0.685,0.518,1,16.49,10.415,1,0,0,0,0,Unknown Behaviour
5,0,1,1,3,0.781,0.242,1,0.0,0.0,0.0,3,25.03,87.817,0,0,1,0,0,Malware Download
25,24,12,16,0,3.852,0.074,1,3.292,3.373,0.056,0,0.0,0.0,0,1,0,0,0,Credential Stuffing
3,0,1,1,1,3.714,1.095,1,0.795,0.956,0.272,2,21.48,142.457,1,0,0,0,0,Unknown Behaviour
3,1,0,1,2,1.292,0.52,1,0.0,0.0,0.0,2,14.3,84.494,0,0,1,0,0,Malware Download
22,0,1,0,22,3.612,0.011,3,0.0,0.0,0.0,19,15.45,300.287,0,1,0,0,0,Web Enumeration
3,1,1,1,1,3.396,0.966,0,0.0,0.0,0.0,1,86.09,64.323,0,0,1,0,0,Exploit Attempt
34,0,1,0,34,3.278,0.212,2,0.0,0.0,0.0,24,9.84,297.947,0,1,0,0,0,Web Enumeration
21,0,1,1,20,5.457,0.206,2,0.0,0.0,0.0,19,14.19,263.163,0,1,0,0,0,Web Enumeration
10,0,0,0,6,3.143,0.163,4,0.0,0.0,0.0,6,8.6,233.63,0,1,0,0,0,Recon Scan
3,0,0,1,2,1.37,0.333,0,0.0,0.0,0.0,2,35.66,135.455,0,0,1,0,0,Malware Download
34,34,14,24,0,11.174,0.263,2,3.107,3.873,0.0,0,0.0,0.0,0,1,0,0,0,Credential Stuffing
31,29,1,23,0,6.558,0.223,2,2.001,1.46,0.117,0,0.0,0.0,0,0,0,1,0,Brute Force
16,0,0,0,12,2.05,0.065,3,0.0,0.0,0.0,7,1.97,276.566,0,1,0,0,0,Recon Scan
3,0,1,0,2,2.827,0.663,1,0.0,0.0,0.0,1,30.11,33.174,0,0,0,0,1,Exploit Attempt
5,0,0,1,3,2.503,0.705,0,0.0,0.0,0.0,1,90.43,47.709,0,0,1,0,0,Exploit Attempt
21,1,0,1,21,4.108,0.101,1,0.0,0.0,0.0,20,15.55,84.759,0,1,0,0,0,Web Enumeration
9,0,0,0,6,1.316,0.086,7,0.0,0.0,0.0,6,8.27,94.153,0,1,0,0,0,Recon Scan
3,1,1,1,2,2.555,0.56,1,0.0,0.0,0.0,1,43.11,29.553,0,0,0,0,1,Exploit Attempt
30,29,3,28,0,11.309,0.419,4,1.664,1.276,0.144,0,0.0,0.0,1,0,0,0,0,Brute Force
28,27,2,23,0,11.648,0.181,3,1.882,2.169,0.231,0,0.0,0.0,1,0,0,0,0,Brute Force
23,21,15,14,0,2.536,0.273,1,3.563,3.267,0.0,0,0.0,0.0,0,1,0,0,0,Credential Stuffing
4,1,1,0,2,0.755,0.272,1,0.0,0.0,0.0,2,21.97,22.613,0,1,0,0,0,Malware Download
12,0,0,0,9,1.07,0.14,3,0.0,0.0,0.0,7,9.31,321.795,0,1,0,0,0,Recon Scan
20,1,0,0,20,3.257,0.306,4,0.0,0.0,0.0,21,13.16,284.185,0,1,0,0,0,Web Enumeration
15,1,1,1,15,1.418,0.156,7,0.0,0.0,0.0,11,13.99,168.157,0,1,0,0,0,Web Enumeration
29,0,1,0,28,4.162,0.017,3,0.0,0.0,0.0,20,12.82,218.951,0,1,0,0,0,Web Enumeration
23,22,16,16,0,2.952,0.272,3,3.394,3.355,0.061,0,0.0,0.0,0,0,1,0,0,Credential Stuffing
9,0,0,0,10,1.744,0.092,4,0.0,0.0,0.0,6,9.33,195.5,0,0,0,0,1,Recon Scan
26,25,2,29,0,4.485,0.347,0,2.206,1.925,0.126,0,0.0,0.0,0,0,1,0,0,Brute Force
10,1,0,0,1,3.428,0.021,0,1.816,0.711,0.195,4,0.4,49.935,0,0,0,1,0,Unknown Behaviour
25,25,1,19,0,6.173,0.394,2,1.754,2.04,0.19,0,0.0,0.0,1,0,0,0,0,Brute Force
19,1,1,1,18,4.588,0.263,3,0.0,0.0,0.0,20,14.37,335.421,0,1,0,0,0,Web Enumeration
21,1,1,0,21,0.543,0.086,4,0.0,0.0,0.0,13,16.39,296.869,0,1,0,0,0,Web Enumeration
12,3,0,3,0,5.022,0.427,2,2.034,0.014,0.261,5,2.79,46.075,0,0,0,1,0,Unknown Behaviour
4,1,1,0,2,1.883,0.311,0,0.0,0.0,0.0,2,38.55,43.748,0,0,1,0,0,Malware Download
10,1,1,0,4,2.832,1.704,0,1.507,1.084,0.239,0,28.72,43.819,0,1,0,0,0,Unknown Behaviour
13,0,0,0,10,2.828,0.184,6,0.0,0.0,0.0,7,9.6,246.371,0,0,1,0,0,Recon Scan
3,1,0,0,1,0.151,0.499,1,0.0,0.0,0.0,1,17.19,116.608,0,1,0,0,0,Malware Download
5,1,0,0,4,1.271,0.92,2,0.0,0.0,0.0,1,66.07,31.948,0,1,0,0,0,Exploit Attempt
13,11,4,5,0,2.491,0.078,4,3.413,3.563,0.114,0,0.0,0.0,0,1,0,0,0,Credential Stuffing
4,0,1,1,2,0.383,0.109,1,0.0,0.0,0.0,2,18.91,101.161,0,0,1,0,0,Malware Download
7,0,1,0,5,1.78,0.709,2,0.0,0.0,0.0,3,46.42,46.713,0,1,0,0,0,Exploit Attempt
35,35,21,32,0,6.881,0.206,2,3.201,3.388,0.069,0,0.0,0.0,0,1,0,0,0,Credential Stuffing
3,0,0,1,1,2.938,0.494,1,0.0,0.0,0.0,1,92.87,40.048,0,1,0,0,0,Exploit Attempt
11,0,0,0,6,1.443,0.152,2,0.0,0.0,0.0,5,10.68,206.708,0,1,0,0,0,Recon Scan
3,0,0,1,2,1.553,0.183,0,0.0,0.0,0.0,2,10.53,120.687,0,1,0,0,0,Malware Download
12,0,0,0,9,2.444,0.107,6,0.0,0.0,0.0,8,8.65,283.859,1,0,0,0,0,Recon Scan
12,2,0,0,0,4.07,1.946,0,1.831,0.367,0.111,3,21.46,20.722,0,0,1,0,0,Unknown Behaviour
27,27,18,25,0,5.225,0.176,2,3.323,3.498,0.091,0,0.0,0.0,0,1,0,0,0,Credential Stuffing
23,22,1,24,0,5.45,0.203,1,2.005,2.238,0.264,0,0.0,0.0,1,0,0,0,0,Brute Force
2,2,1,0,1,2.626,0.276,0,0.0,0.0,0.0,1,92.12,77.755,0,0,0,0,1,Exploit Attempt
42,40,2,35,0,13.657,0.556,4,2.256,2.31,0.163,0,0.0,0.0,1,0,0,0,0,Brute Force
4,0,0,0,3,3.227,0.023,5,0.0,0.0,0.0,2,8.82,156.826,0,1,0,0,0,Recon Scan
4,0,0,0,3,1.128,3.188,1,2.086,1.302,0.612,2,8.81,27.556,0,0,0,0,1,Unknown Behaviour
5,0,0,0,2,3.068,0.119,1,0.0,0.0,0.0,0,8.66,313.671,0,1,0,0,0,Recon Scan
25,1,1,1,24,2.731,0.153,3,0.0,0.0,0.0,23,17.91,207.518,0,1,0,0,0,Web Enumeration
10,0,0,0,4,0.023,0.071,3,0.0,0.0,0.0,5,10.88,203.247,1,0,0,0,0,Recon Scan
6,0,0,1,5,2.193,0.695,0,0.0,0.0,0.0,4,70.49,27.891,0,1,0,0,0,Exploit Attempt
8,1,0,0,7,0.85,0.583,1,0.0,0.0,0.0,5,14.46,103.155,0,0,1,0,0,Exploit Attempt
4,1,1,1,3,1.44,0.172,0,0.0,0.0,0.0,3,31.02,46.37,0,1,0,0,0,Malware Download
21,0,1,1,21,4.523,0.063,1,0.0,0.0,0.0,19,12.24,158.286,0,1,0,0,0,Web Enumeration
12,0,0,0,8,2.49,0.041,5,0.0,0.0,0.0,8,12.51,265.052,0,0,0,0,1,Recon Scan
21,1,1,1,20,3.103,0.039,1,0.0,0.0,0.0,15,16.24,234.634,0,1,0,0,0,Web Enumeration
15,1,0,0,14,5.53,0.141,2,0.0,0.0,0.0,15,17.51,289.779,0,1,0,0,0,Web Enumeration
8,1,0,1,7,2.439,0.667,2,0.0,0.0,0.0,6,83.19,28.254,0,1,0,0,0,Exploit Attempt
4,1,1,0,2,1.647,0.707,0,0.0,0.0,0.0,2,21.47,136.036,0,1,0,0,0,Malware Download
4,1,0,0,3,2.76,1.063,0,0.0,0.0,0.0,3,72.29,40.337,0,0,1,0,0,Exploit Attempt
2,1,0,0,1,1.599,0.238,0,0.0,0.0,0.0,1,26.12,128.337,0,0,1,0,0,Malware Download
10,9,4,8,0,1.994,0.159,1,3.165,3.603,0.052,0,0.0,0.0,0,1,0,0,0,Credential Stuffing
4,0,1,0,2,0.831,0.553,0,0.0,0.0,0.0,2,26.64,47.58,0,0,1,0,0,Malware Download
3,0,0,1,1,0.264,0.594,1,0.0,0.0,0.0,1,69.55,21.247,0,1,0,0,0,Exploit Attempt
9,1,0,0,0,4.033,0.329,1,1.216,0.068,0.786,3,19.96,52.201,1,0,0,0,0,Unknown Behaviour
32,31,1,26,0,8.902,0.109,2,1.364,2.122,0.241,0,0.0,0.0,1,0,0,0,0,Brute Force
3,1,1,0,1,1.379,0.36,0,0.0,0.0,0.0,1,28.42,55.845,0,0,1,0,0,Malware Download
4,1,0,0,2,1.311,0.372,1,0.0,0.0,0.0,2,36.89,73.374,0,0,1,0,0,Malware Download
6,1,1,0,4,4.349,0.552,1,0.0,0.0,0.0,2,49.31,39.541,0,1,0,0,0,Exploit Attempt
11,0,0,0,11,1.057,0.173,4,0.0,0.0,0.0,8,13.69,198.294,0,0,0,1,0,Recon Scan
3,0,0,1,0,3.474,1.216,2,1.282,0.863,0.939,4,0.6,25.624,0,1,0,0,0,Unknown Behaviour
31,31,14,29,0,5.386,0.372,1,3.44,4.029,0.014,0,0.0,0.0,0,1,0,0,0,Credential Stuffing
19,18,1,15,0,0.969,0.267,1,1.852,2.866,0.083,0,0.0,0.0,1,0,0,0,0,Brute Force
21,19,4,13,0,6.652,0.201,3,2.907,3.119,0.107,0,0.0,0.0,0,1,0,0,0,Credential Stuffing
24,24,16,19,0,0.492,0.221,2,3.785,3.403,0.0,0,0.0,0.0,0,1,0,0,0,Credential Stuffing
19,1,0,0,19,5.385,0.261,2,0.0,0.0,0.0,14,10.31,196.313,0,1,0,0,0,Web Enumeration
21,0,0,1,21,1.578,0.124,1,0.0,0.0,0.0,13,5.58,148.164,0,1,0,0,0,Web Enumeration
30,29,1,29,0,7.014,0.342,0,1.288,2.427,0.115,0,0.0,0.0,1,0,0,0,0,Brute Force
3,0,0,1,2,0.264,0.559,0,0.0,0.0,0.0,2,37.39,94.294,0,1,0,0,0,Malware Download
15,14,1,8,0,3.749,0.346,0,1.593,2.262,0.22,0,0.0,0.0,1,0,0,0,0,Brute Force
5,1,1,0,4,0.799,0.579,0,0.0,0.0,0.0,4,34.11,107.389,0,0,1,0,0,Malware Download
16,0,0,0,12,0.635,0.131,5,0.0,0.0,0.0,11,11.94,150.11,0,1,0,0,0,Recon Scan
3,0,1,0,2,0.898,0.525,0,0.0,0.0,0.0,2,29.17,136.562,0,0,1,0,0,Malware Download
16,1,1,1,15,4.884,0.229,3,0.0,0.0,0.0,14,17.29,264.078,0,1,0,0,0,Web Enumeration
2,0,0,1,1,0.544,0.341,0,0.0,0.0,0.0,1,28.88,49.058,0,1,0,0,0,Malware Download
3,0,2,0,2,1.131,0.735,1,0.81,0.898,0.0,1,38.24,4.122,0,0,0,0,1,Unknown Behaviour
40,38,26,30,0,7.366,0.359,1,3.423,3.745,0.046,0,0.0,0.0,0,0,1,0,0,Credential Stuffing
25,0,0,1,24,2.764,0.074,2,0.0,0.0,0.0,22,11.97,290.782,0,1,0,0,0,Web Enumeration
11,1,1,1,5,4.671,1.084,0,1.111,0.139,0.236,1,3.18,39.648,1,0,0,0,0,Unknown Behaviour
13,0,0,1,2,7.189,0.975,2,1.063,0.145,0.974,6,11.88,47.789,0,0,0,1,0,Unknown Behaviour
29,27,19,23,0,3.746,0.167,1,3.625,3.25,0.131,0,0.0,0.0,1,0,0,0,0,Credential Stuffing
3,0,1,1,1,1.114,0.442,0,0.0,0.0,0.0,1,34.44,90.484,0,0,1,0,0,Malware Download
8,0,0,0,3,5.963,1.198,3,0.854,2.31,0.079,1,4.69,16.762,0,0,0,0,1,Unknown Behaviour
35,33,22,24,0,4.368,0.239,1,3.444,3.197,0.04,0,0.0,0.0,0,1,0,0,0,Credential Stuffing
25,0,0,0,24,5.779,0.183,3,0.0,0.0,0.0,21,15.9,161.69,0,1,0,0,0,Web Enumeration
2,1,0,0,1,2.522,0.479,0,0.0,0.0,0.0,1,85.44,68.296,0,0,1,0,0,Exploit Attempt
24,22,1,23,0,9.23,0.48,3,1.589,2.493,0.131,0,0.0,0.0,0,0,0,1,0,Brute Force
6,2,0,0,4,2.529,0.123,0,0.0,0.0,0.0,1,69.7,41.661,0,1,0,0,0,Exploit Attempt
32,30,25,27,0,5.087,0.342,1,3.823,4.043,0.013,0,0.0,0.0,1,0,0,0,0,Credential Stuffing
6,1,1,0,4,0.356,0.88,0,0.981,1.451,0.0,2,1.59,4.103,0,0,0,0,1,Unknown Behaviour
22,22,9,22,0,3.914,0.137,4,3.574,3.324,0.001,0,0.0,0.0,0,1,0,0,0,Credential Stuffing
8,1,1,1,6,3.642,0.969,0,0.0,0.0,0.0,4,89.37,67.981,0,0,0,0,1,Exploit Attempt
14,0,0,0,9,1.089,0.104,5,0.0,0.0,0.0,8,3.47,105.004,0,1,0,0,0,Recon Scan
17,16,1,15,0,4.444,0.088,3,1.078,2.121,0.13,0,0.0,0.0,1,0,0,0,0,Brute Force
7,0,0,1,2,2.202,1.283,1,0.487,4.556,0.533,4,24.13,38.218,0,1,0,0,0,Unknown Behaviour
19,18,2,18,0,5.304,0.259,1,1.869,2.269,0.165,0,0.0,0.0,1,0,0,0,0,Brute Force
26,25,1,22,0,6.267,0.281,0,2.604,2.724,0.202,0,0.0,0.0,1,0,0,0,0,Brute Force
2,0,1,1,1,2.026,0.706,0,0.0,0.0,0.0,1,15.5,99.204,0,0,1,0,0,Malware Download
3,1,1,0,2,1.305,0.115,0,0.0,0.0,0.0,2,17.86,105.276,0,0,1,0,0,Malware Download
1,3,1,0,1,0.037,3.715,0,0.125,1.785,0.193,2,1.28,4.609,0,0,1,0,0,Unknown Behaviour
4,2,1,1,3,1.072,0.257,0,0.0,0.0,0.0,1,55.46,66.962,0,1,0,0,0,Exploit Attempt
19,19,1,19,0,3.7,0.354,3,1.874,2.704,0.156,0,0.0,0.0,1,0,0,0,0,Brute Force
16,4,0,1,1,5.367,0.384,3,0.647,0.783,0.16,2,9.18,49.49,0,1,0,0,0,Unknown Behaviour
2,3,1,1,3,1.403,1.518,1,0.719,1.558,0.519,0,20.19,75.053,0,0,0,0,1,Unknown Behaviour
21,0,0,1,21,2.936,0.096,1,0.0,0.0,0.0,13,11.03,197.492,0,1,0,0,0,Web Enumeration
10,0,0,0,8,1.825,0.194,2,0.0,0.0,0.0,6,10.28,218.595,0,0,0,1,0,Recon Scan
44,44,25,37,0,7.16,0.359,2,3.538,3.52,0.076,0,0.0,0.0,0,1,0,0,0,Credential Stuffing
2,1,2,0,6,0.263,4.078,2,1.848,2.083,0.509,2,11.12,21.172,0,0,0,1,0,Unknown Behaviour
6,2,1,0,6,6.065,1.373,0,1.483,0.907,0.062,3,0.35,16.458,1,0,0,0,0,Unknown Behaviour
30,28,13,24,0,4.586,0.246,2,3.421,3.838,0.0,0,0.0,0.0,0,0,1,0,0,Credential Stuffing
5,2,0,1,4,1.459,0.43,1,0.0,0.0,0.0,2,53.52,43.867,0,0,0,0,1,Exploit Attempt
28,28,13,24,0,1.842,0.278,1,3.254,3.53,0.044,0,0.0,0.0,1,0,0,0,0,Credential Stuffing
15,13,1,11,0,6.358,0.219,1,2.218,2.263,0.091,0,0.0,0.0,1,0,0,0,0,Brute Force
33,32,13,23,0,5.655,0.259,0,3.311,3.552,0.032,0,0.0,0.0,0,1,0,0,0,Credential Stuffing
9,1,0,1,2,2.839,5.667,0,0.365,1.777,0.52,2,17.35,89.289,0,0,0,1,0,Unknown Behaviour
8,0,0,0,5,0.844,0.072,6,0.0,0.0,0.0,6,14.13,356.059,0,1,0,0,0,Recon Scan
8,1,0,0,7,3.556,0.31,2,0.0,0.0,0.0,5,82.8,36.9,0,1,0,0,0,Exploit Attempt
25,23,11,15,0,3.336,0.104,1,3.586,4.115,0.0,0,0.0,0.0,0,1,0,0,0,Credential Stuffing
20,19,10,13,0,1.859,0.263,2,3.43,3.479,0.027,0,0.0,0.0,0,1,0,0,0,Credential Stuffing
24,24,20,19,0,1.803,0.429,2,3.303,3.887,0.078,0,0.0,0.0,0,1,0,0,0,Credential Stuffing
30,29,1,28,0,9.479,0.332,1,2.029,2.392,0.185,0,0.0,0.0,1,0,0,0,0,Brute Force
22,22,1,18,0,10.69,0.206,1,1.635,2.434,0.121,0,0.0,0.0,0,0,1,0,0,Brute Force
21,21,7,12,0,5.489,0.265,0,3.603,3.736,0.11,0,0.0,0.0,0,1,0,0,0,Credential Stuffing
2,1,0,1,1,2.978,0.367,0,0.0,0.0,0.0,2,32.54,65.69,0,0,0,0,1,Exploit Attempt
17,1,0,0,16,2.306,0.139,5,0.0,0.0,0.0,16,9.44,212.354,0,1,0,0,0,Web Enumeration
6,2,0,1,5,2.666,0.281,2,0.0,0.0,0.0,2,71.19,13.265,0,1,0,0,0,Exploit Attempt
3,0,1,0,1,2.317,0.297,2,0.0,0.0,0.0,1,50.84,33.978,0,1,0,0,0,Exploit Attempt
23,22,17,14,0,2.599,0.223,0,3.403,3.896,0.055,0,0.0,0.0,0,1,0,0,0,Credential Stuffing
2,0,0,1,1,0.973,0.483,0,0.0,0.0,0.0,1,22.84,87.063,0,0,1,0,0,Malware Download
27,1,1,1,26,1.93,0.174,6,0.0,0.0,0.0,19,12.03,289.37,0,1,0,0,0,Web Enumeration
18,0,1,0,17,3.973,0.195,1,0.0,0.0,0.0,15,21.71,277.613,0,1,0,0,0,Web Enumeration
14,0,0,0,9,1.731,0.085,5,0.0,0.0,0.0,10,6.92,209.881,0,1,0,0,0,Recon Scan
6,1,0,0,4,1.174,2.163,1,0.094,2.09,0.3,3,0.77,8.591,0,0,0,1,0,Unknown Behaviour
3,1,2,0,0,1.043,0.879,1,0.642,2.567,0.479,1,5.01,73.397,0,1,0,0,0,Unknown Behaviour
41,41,28,26,0,7.293,0.305,4,3.168,3.333,0.073,0,0.0,0.0,1,0,0,0,0,Credential Stuffing
31,29,19,23,0,3.28,0.036,2,3.815,3.624,0.083,0,0.0,0.0,0,0,1,0,0,Credential Stuffing
4,1,0,1,2,1.227,0.341,1,0.0,0.0,0.0,2,31.52,51.164,0,0,1,0,0,Malware Download
10,4,1,0,0,2.325,0.134,4,0.621,1.148,0.12,2,35.74,34.594,1,0,0,0,0,Unknown Behaviour
18,0,0,0,16,0.499,0.184,2,0.0,0.0,0.0,14,9.2,195.271,0,1,0,0,0,Recon Scan
44,42,29,36,0,9.783,0.21,0,3.209,3.536,0.029,0,0.0,0.0,0,0,1,0,0,Credential Stuffing
5,5,0,0,0,4.642,1.838,0,1.583,2.388,0.37,2,1.98,58.273,0,0,0,1,0,Unknown Behaviour
5,0,1,0,0,0.608,0.992,3,1.763,1.159,0.556,2,21.02,36.045,0,0,0,0,1,Unknown Behaviour
5,0,1,1,3,4.812,0.506,2,0.0,0.0,0.0,1,76.49,42.002,0,1,0,0,0,Exploit Attempt
3,1,1,1,1,1.781,0.614,1,0.0,0.0,0.0,1,39.07,9.639,0,0,0,0,1,Exploit Attempt
3,0,1,1,2,2.503,1.055,0,0.0,0.0,0.0,1,47.08,14.64,0,1,0,0,0,Exploit Attempt
36,36,1,33,0,10.186,0.399,1,1.789,2.578,0.168,0,0.0,0.0,0,0,1,0,0,Brute Force
31,31,1,24,0,6.961,0.197,2,1.29,2.295,0.205,0,0.0,0.0,1,0,0,0,0,Brute Force
4,0,1,0,3,0.83,0.286,0,0.0,0.0,0.0,3,19.94,105.06,0,1,0,0,0,Malware Download
12,0,0,0,9,1.116,0.114,3,0.0,0.0,0.0,8,9.24,179.316,0,1,0,0,0,Recon Scan
27,27,24,23,0,4.665,0.184,2,3.909,3.441,0.02,0,0.0,0.0,1,0,0,0,0,Credential Stuffing
7,1,0,0,1,6.905,1.3,1,0.45,1.468,0.218,2,24.73,9.991,0,1,0,0,0,Unknown Behaviour
8,0,0,0,6,2.715,0.181,5,0.0,0.0,0.0,6,11.25,179.995,0,1,0,0,0,Recon Scan
17,1,1,0,17,0.908,0.214,0,0.0,0.0,0.0,8,17.63,271.111,0,1,0,0,0,Web Enumeration
14,0,0,0,13,2.241,0.145,1,0.0,0.0,0.0,12,6.44,235.573,0,0,0,1,0,Recon Scan
11,0,0,0,10,0.493,0.035,1,0.0,0.0,0.0,3,6.97,264.966,0,1,0,0,0,Recon Scan
17,0,0,0,14,2.283,0.055,5,0.0,0.0,0.0,13,7.27,253.572,1,0,0,0,0,Recon Scan
5,2,1,0,3,0.166,0.874,1,0.0,0.0,0.0,1,53.47,57.611,0,1,0,0,0,Exploit Attempt
10,10,1,6,0,4.94,0.118,2,1.947,2.684,0.169,0,0.0,0.0,1,0,0,0,0,Brute Force
15,2,0,0,5,1.053,1.696,2,0.616,3.711,0.315,0,18.64,12.122,0,1,0,0,0,Unknown Behaviour
8,6,1,8,0,2.528,0.388,1,1.342,2.577,0.32,0,0.0,0.0,0,0,0,1,0,Brute Force
6,1,1,1,1,0.15,0.365,0,1.508,1.756,0.432,5,15.91,22.099,0,0,1,0,0,Unknown Behaviour
44,43,27,34,0,10.189,0.086,0,3.531,3.298,0.047,0,0.0,0.0,0,1,0,0,0,Credential Stuffing
16,16,1,13,0,7.695,0.551,2,2.489,2.283,0.256,0,0.0,0.0,0,0,1,0,0,Brute Force
10,1,1,3,2,2.021,1.471,1,2.393,2.313,0.236,1,21.92,35.697,0,1,0,0,0,Unknown Behaviour
26,25,2,20,0,10.283,0.144,2,2.255,2.753,0.146,0,0.0,0.0,1,0,0,0,0,Brute Force
4,0,0,0,2,0.307,0.665,0,0.0,0.0,0.0,2,75.28,78.263,0,0,1,0,0,Exploit Attempt
6,1,0,0,4,1.474,0.249,0,0.0,0.0,0.0,3,69.12,70.335,0,0,0,0,1,Exploit Attempt
17,15,6,10,0,3.148,0.256,1,3.324,3.084,0.072,0,0.0,0.0,0,0,1,0,0,Credential Stuffing
5,1,0,1,5,4.507,0.3,2,0.1,0.309,0.262,4,2.55,65.659,0,0,0,1,0,Unknown Behaviour
18,0,0,0,15,0.943,0.165,2,0.0,0.0,0.0,14,4.92,284.395,0,0,0,0,1,Recon Scan
28,28,16,18,0,1.896,0.252,3,2.862,3.711,0.093,0,0.0,0.0,1,0,0,0,0,Credential Stuffing
22,21,2,13,0,3.657,0.266,0,1.812,1.794,0.197,0,0.0,0.0,0,0,1,0,0,Brute Force
27,0,0,0,27,3.81,0.114,3,0.0,0.0,0.0,23,13.86,302.685,0,1,0,0,0,Web Enumeration
2,0,1,0,1,1.404,0.693,2,0.0,0.0,0.0,1,76.21,45.442,0,1,0,0,0,Exploit Attempt
7,0,0,0,1,0.16,0.71,1,1.625,0.923,0.104,5,24.45,48.173,0,1,0,0,0,Unknown Behaviour
18,18,1,14,0,7.826,0.449,2,2.128,2.185,0.179,0,0.0,0.0,1,0,0,0,0,Brute Force
16,0,0,0,16,2.064,0.265,5,0.0,0.0,0.0,14,6.28,175.424,0,1,0,0,0,Web Enumeration
26,25,1,23,0,7.539,0.51,2,1.669,2.201,0.072,0,0.0,0.0,0,0,1,0,0,Brute Force
21,1,1,0,20,3.62,0.118,2,0.0,0.0,0.0,16,12.73,229.099,0,1,0,0,0,Web Enumeration
7,0,0,0,6,0.7,0.073,3,0.0,0.0,0.0,7,14.4,246.889,0,1,0,0,0,Recon Scan
12,0,0,0,8,2.606,0.121,7,0.0,0.0,0.0,8,5.33,137.91,0,1,0,0,0,Recon Scan
5,2,0,1,1,1.397,0.566,2,0.049,1.045,0.136,0,15.53,25.467,0,0,0,1,0,Unknown Behaviour
22,0,0,1,22,4.54,0.176,4,0.0,0.0,0.0,18,17.57,264.567,0,1,0,0,0,Web Enumeration
43,41,22,41,0,12.444,0.228,2,3.758,3.244,0.0,0,0.0,0.0,0,1,0,0,0,Credential Stuffing
16,16,1,10,0,4.714,0.43,3,2.089,2.005,0.182,0,0.0,0.0,1,0,0,0,0,Brute Force
6,2,2,1,0,3.749,0.729,0,1.127,1.397,0.158,1,12.12,20.552,0,1,0,0,0,Unknown Behaviour
27,25,1,17,0,3.246,0.506,3,1.585,2.299,0.262,0,0.0,0.0,0,0,0,1,0,Brute Force
13,0,0,0,9,1.971,0.073,3,0.0,0.0,0.0,11,5.88,75.233,0,1,0,0,0,Recon Scan
4,0,1,0,3,1.546,0.521,1,0.0,0.0,0.0,3,16.76,100.729,0,0,1,0,0,Malware Download
5,1,0,0,3,9.113,0.496,0,0.423,0.039,0.163,3,26.06,41.827,0,1,0,0,0,Unknown Behaviour
19,0,0,0,16,1.511,0.112,4,0.0,0.0,0.0,12,5.75,210.937,0,1,0,0,0,Recon Scan
35,35,2,28,0,9.757,0.114,0,2.276,2.895,0.088,0,0.0,0.0,0,0,1,0,0,Brute Force
5,0,1,0,4,2.677,0.323,1,0.0,0.0,0.0,2,71.5,47.001,0,1,0,0,0,Exploit Attempt
9,3,0,1,4,2.896,0.023,2,0.243,1.035,0.0,1,0.46,60.232,0,0,0,1,0,Unknown Behaviour
28,27,1,21,0,7.12,0.118,0,2.021,1.851,0.206,0,0.0,0.0,1,0,0,0,0,Brute Force
32,30,2,26,0,6.18,0.368,2,1.832,2.285,0.122,0,0.0,0.0,1,0,0,0,0,Brute Force
10,0,0,0,9,2.48,0.165,7,0.0,0.0,0.0,5,9.04,220.677,0,1,0,0,0,Recon Scan
13,0,0,0,11,0.656,0.033,5,0.0,0.0,0.0,9,12.45,217.316,0,1,0,0,0,Recon Scan
6,1,1,0,5,3.794,0.022,3,0.0,0.0,0.0,5,74.13,56.645,0,0,1,0,0,Exploit Attempt
2,1,0,0,1,0.6,0.427,0,0.0,0.0,0.0,1,25.13,98.353,0,0,1,0,0,Malware Download
22,22,1,21,0,4.924,0.475,2,1.977,2.575,0.318,0,0.0,0.0,0,0,1,0,0,Brute Force
4,1,1,0,3,0.207,0.353,0,0.0,0.0,0.0,3,27.57,108.321,0,1,0,0,0,Malware Download
18,1,0,1,18,2.7,0.217,2,0.0,0.0,0.0,14,16.28,246.084,0,1,0,0,0,Web Enumeration
22,0,1,1,22,7.015,0.247,2,0.0,0.0,0.0,15,12.96,236.775,0,1,0,0,0,Web Enumeration
9,0,0,0,4,1.593,0.062,4,0.0,0.0,0.0,4,5.7,234.058,0,0,0,0,1,Recon Scan
4,0,1,1,3,1.498,0.26,0,0.0,0.0,0.0,3,44.26,101.352,0,0,1,0,0,Malware Download
35,33,2,30,0,12.891,0.458,3,1.627,2.993,0.223,0,0.0,0.0,0,0,0,1,0,Brute Force
3,1,0,0,1,1.079,0.2,1,0.0,0.0,0.0,1,44.29,83.927,0,1,0,0,0,Malware Download
15,1,0,0,14,2.133,0.089,3,0.0,0.0,0.0,16,8.76,364.883,0,1,0,0,0,Web Enumeration
25,25,1,22,0,4.892,0.544,1,1.914,2.842,0.233,0,0.0,0.0,0,0,0,1,0,Brute Force
5,0,0,0,0,2.565,0.74,2,1.473,1.651,0.594,3,14.91,53.477,0,1,0,0,0,Unknown Behaviour
8,1,0,0,7,3.759,1.383,0,0.683,2.114,0.293,2,2.36,17.377,0,1,0,0,0,Unknown Behaviour
13,12,4,8,0,4.552,0.155,1,3.837,3.737,0.02,0,0.0,0.0,0,1,0,0,0,Credential Stuffing
29,27,14,22,0,5.374,0.143,1,3.488,3.307,0.068,0,0.0,0.0,0,1,0,0,0,Credential Stuffing
2,1,1,0,1,2.961,0.658,1,0.0,0.0,0.0,2,43.8,20.703,0,1,0,0,0,Exploit Attempt
16,0,0,0,12,1.863,0.02,1,0.0,0.0,0.0,10,5.78,262.864,0,0,0,0,1,Recon Scan
2,0,1,0,1,1.055,0.252,0,0.0,0.0,0.0,1,41.72,97.631,0,1,0,0,0,Malware Download
28,27,1,16,0,12.211,0.166,5,1.465,1.975,0.004,0,0.0,0.0,0,0,1,0,0,Brute Force
2,1,0,0,1,1.39,0.384,0,0.0,0.0,0.0,1,25.53,156.176,0,1,0,0,0,Malware Download
27,26,2,26,0,6.657,0.333,3,1.552,2.305,0.091,0,0.0,0.0,1,0,0,0,0,Brute Force
31,30,2,22,0,8.538,0.057,5,1.422,1.881,0.097,0,0.0,0.0,1,0,0,0,0,Brute Force
8,0,0,0,4,1.537,0.109,0,0.0,0.0,0.0,5,9.04,207.091,0,1,0,0,0,Recon Scan
4,0,0,0,5,0.895,0.073,1,0.0,0.0,0.0,1,10.28,208.645,0,0,1,0,0,Recon Scan
1,0,0,0,2,3.801,1.804,0,1.08,0.423,0.207,2,3.83,37.691,0,0,1,0,0,Unknown Behaviour
38,38,22,33,0,10.122,0.288,1,3.15,3.343,0.023,0,0.0,0.0,0,0,1,0,0,Credential Stuffing
4,0,0,0,1,0.241,0.101,3,0.0,0.0,0.0,1,15.03,252.939,0,0,0,0,1,Recon Scan
4,0,0,0,2,2.143,0.063,0,0.0,0.0,0.0,2,27.65,77.122,0,0,1,0,0,Malware Download
20,19,2,20,0,5.488,0.091,0,1.951,2.52,0.015,0,0.0,0.0,0,0,1,0,0,Brute Force
2,0,0,0,1,0.563,0.507,0,0.0,0.0,0.0,1,38.89,86.101,0,1,0,0,0,Malware Download
20,18,2,19,0,5.299,0.496,0,1.883,2.284,0.122,0,0.0,0.0,0,0,1,0,0,Brute Force
31,31,1,27,0,10.016,0.018,3,1.697,2.788,0.142,0,0.0,0.0,0,0,1,0,0,Brute Force
20,1,0,0,19,2.084,0.092,5,0.0,0.0,0.0,18,10.27,176.392,0,1,0,0,0,Web Enumeration
12,2,0,1,2,0.88,3.043,0,0.565,2.549,0.178,0,1.91,2.807,0,0,0,1,0,Unknown Behaviour
19,17,2,16,0,5.859,0.158,0,2.178,3.008,0.218,0,0.0,0.0,1,0,0,0,0,Brute Force
3,2,1,0,2,1.365,0.465,1,0.0,0.0,0.0,2,45.73,81.521,0,1,0,0,0,Exploit Attempt
27,25,19,24,0,3.304,0.174,1,3.421,3.931,0.018,0,0.0,0.0,0,1,0,0,0,Credential Stuffing
15,0,0,0,8,1.717,0.179,4,0.0,0.0,0.0,10,7.32,221.863,0,1,0,0,0,Recon Scan
10,0,1,2,2,2.107,0.874,1,0.732,3.241,0.594,0,15.47,7.706,0,0,0,1,0,Unknown Behaviour
3,0,1,0,2,0.447,0.473,1,0.0,0.0,0.0,2,13.87,81.886,0,1,0,0,0,Malware Download
3,0,0,1,2,4.92,0.711,0,0.0,0.0,0.0,1,68.62,29.612,0,0,0,0,1,Exploit Attempt
13,0,1,0,12,1.528,0.23,3,0.0,0.0,0.0,9,14.07,229.027,0,1,0,0,0,Web Enumeration
3,1,0,1,2,0.279,0.083,0,0.0,0.0,0.0,1,64.33,50.296,0,0,1,0,0,Exploit Attempt
26,24,1,12,0,8.29,0.149,0,1.843,2.464,0.049,0,0.0,0.0,0,0,1,0,0,Brute Force
4,0,1,1,2,0.249,0.274,0,0.0,0.0,0.0,2,40.06,124.543,0,0,1,0,0,Malware Download
11,0,0,1,3,1.739,0.649,1,4.324,0.165,0.651,0,1.2,30.862,0,0,0,0,1,Unknown Behaviour
40,38,1,38,0,12.001,0.517,0,2.619,2.735,0.197,0,0.0,0.0,1,0,0,0,0,Brute Force
18,0,0,0,7,0.269,1.645,2,2.135,2.422,0.725,2,8.14,35.889,0,0,0,0,1,Unknown Behaviour
3,1,1,1,1,0.358,0.647,1,0.0,0.0,0.0,1,26.2,89.013,0,0,1,0,0,Malware Download
13,0,0,1,12,2.928,0.095,0,0.0,0.0,0.0,5,10.95,301.137,0,1,0,0,0,Web Enumeration
11,0,1,0,0,2.538,0.916,3,0.582,0.526,0.09,5,5.36,81.874,0,0,0,1,0,Unknown Behaviour
25,25,15,17,0,7.554,0.285,1,3.046,3.496,0.073,0,0.0,0.0,0,1,0,0,0,Credential Stuffing
20,0,0,1,19,6.168,0.176,1,0.0,0.0,0.0,17,22.76,303.432,0,1,0,0,0,Web Enumeration
20,18,9,16,0,3.841,0.397,1,3.541,3.602,0.083,0,0.0,0.0,0,1,0,0,0,Credential Stuffing
2,1,0,1,1,0.393,0.088,0,0.0,0.0,0.0,1,30.09,104.584,0,1,0,0,0,Malware Download
11,1,0,1,2,5.287,0.764,0,0.767,0.872,0.455,3,5.99,77.013,0,0,0,1,0,Unknown Behaviour
3,1,1,1,0,1.047,3.805,0,0.536,1.647,0.234,3,7.02,21.584,0,1,0,0,0,Unknown Behaviour
14,0,0,0,16,1.286,0.06,4,0.0,0.0,0.0,10,7.42,158.056,0,1,0,0,0,Recon Scan
53,53,33,40,0,9.295,0.391,0,3.484,3.237,0.034,0,0.0,0.0,0,0,1,0,0,Credential Stuffing
4,0,1,0,2,0.712,0.265,0,0.0,0.0,0.0,2,27.95,103.893,0,1,0,0,0,Malware Download
17,16,10,17,0,1.561,0.345,3,3.271,3.267,0.0,0,0.0,0.0,0,1,0,0,0,Credential Stuffing
3,1,0,0,1,1.012,0.493,0,0.0,0.0,0.0,1,42.91,69.908,0,0,1,0,0,Malware Download
7,1,1,1,6,1.553,0.007,1,0.0,0.0,0.0,4,64.52,33.035,0,0,1,0,0,Exploit Attempt
21,0,1,1,21,3.14,0.097,3,0.0,0.0,0.0,18,9.76,283.23,0,1,0,0,0,Web Enumeration
4,0,1,0,1,4.14,1.522,0,1.098,1.159,0.0,2,23.31,3.5,0,0,0,1,0,Unknown Behaviour
15,1,0,2,0,2.537,0.27,1,0.622,0.695,0.252,0,31.08,20.312,0,0,0,0,1,Unknown Behaviour
18,0,0,0,18,2.106,0.101,1,0.0,0.0,0.0,15,8.88,335.905,0,1,0,0,0,Web Enumeration
20,1,0,0,0,0.475,1.805,0,0.803,2.571,0.144,3,10.24,15.175,0,1,0,0,0,Unknown Behaviour
3,2,1,1,1,6.307,1.804,1,2.232,0.724,0.483,0,10.29,22.406,0,1,0,0,0,Unknown Behaviour
4,0,0,1,2,1.033,0.547,1,0.0,0.0,0.0,2,34.33,69.747,0,1,0,0,0,Malware Download
9,0,0,0,4,2.534,0.015,5,0.0,0.0,0.0,5,8.37,244.585,0,1,0,0,0,Recon Scan
20,4,1,1,5,0.094,2.985,0,1.787,0.432,0.191,3,4.78,124.897,1,0,0,0,0,Unknown Behaviour
5,0,1,1,3,1.281,0.548,0,0.0,0.0,0.0,3,41.42,104.498,0,1,0,0,0,Malware Download
40,40,1,26,0,13.466,0.286,3,1.636,2.44,0.248,0,0.0,0.0,0,0,0,1,0,Brute Force
10,0,3,1,7,4.407,1.573,0,0.481,0.24,0.485,5,9.65,1.106,0,1,0,0,0,Unknown Behaviour
13,0,0,0,8,2.166,0.154,4,0.0,0.0,0.0,8,10.36,201.48,1,0,0,0,0,Recon Scan
24,0,1,0,23,1.485,0.188,4,0.0,0.0,0.0,20,15.1,252.12,0,1,0,0,0,Web Enumeration
20,0,0,0,13,0.403,0.192,9,0.0,0.0,0.0,11,7.9,240.493,0,1,0,0,0,Recon Scan
10,1,1,0,3,2.237,1.082,1,1.315,0.343,0.173,1,11.33,100.358,0,0,0,0,1,Unknown Behaviour
20,1,1,1,20,3.307,0.2,5,0.0,0.0,0.0,21,16.32,238.814,0,1,0,0,0,Web Enumeration
7,3,1,0,3,5.055,1.908,1,0.022,3.551,0.346,0,4.53,57.099,0,0,0,1,0,Unknown Behaviour
34,34,1,31,0,10.652,0.288,2,1.909,1.961,0.096,0,0.0,0.0,1,0,0,0,0,Brute Force
33,0,1,0,33,5.806,0.125,0,0.0,0.0,0.0,25,9.01,134.002,0,1,0,0,0,Web Enumeration
7,1,1,1,6,2.298,0.77,0,0.0,0.0,0.0,1,65.76,10.628,0,0,1,0,0,Exploit Attempt
6,0,0,1,4,2.672,0.636,1,0.0,0.0,0.0,2,58.96,44.964,0,1,0,0,0,Exploit Attempt
4,0,0,1,2,1.435,0.315,0,0.0,0.0,0.0,2,48.74,47.804,0,0,1,0,0,Malware Download
5,1,0,1,3,0.431,0.073,0,0.0,0.0,0.0,3,17.38,105.063,0,1,0,0,0,Malware Download
10,4,0,2,0,1.597,0.374,1,1.524,1.231,0.158,1,20.18,23.629,0,1,0,0,0,Unknown Behaviour
3,1,0,1,1,1.263,0.402,0,0.0,0.0,0.0,1,82.33,45.059,0,1,0,0,0,Exploit Attempt
17,1,0,1,17,2.44,0.212,3,0.0,0.0,0.0,13,18.09,274.339,0,1,0,0,0,Web Enumeration
13,2,0,1,2,3.025,1.077,3,2.015,0.106,0.506,5,11.21,47.539,0,0,0,0,1,Unknown Behaviour
23,21,14,18,0,1.466,0.218,1,3.563,3.849,0.069,0,0.0,0.0,0,0,1,0,0,Credential Stuffing
4,0,0,1,2,3.085,0.373,0,0.0,0.0,0.0,1,89.89,21.432,0,0,1,0,0,Exploit Attempt
2,1,1,1,1,1.348,0.426,0,0.0,0.0,0.0,1,19.55,74.272,0,1,0,0,0,Malware Download
3,1,0,0,1,0.812,0.163,1,0.0,0.0,0.0,1,31.78,46.535,0,0,1,0,0,Malware Download
15,0,1,1,15,2.191,0.15,5,0.0,0.0,0.0,17,14.59,275.788,0,1,0,0,0,Web Enumeration
13,0,0,0,6,1.584,0.072,1,0.0,0.0,0.0,12,14.19,301.553,0,1,0,0,0,Recon Scan
2,1,0,1,1,0.598,0.3,1,0.0,0.0,0.0,1,33.69,79.644,0,1,0,0,0,Malware Download
8,1,0,0,2,7.272,4.421,0,0.661,0.229,1.0,2,31.73,57.866,0,0,0,1,0,Unknown Behaviour
30,30,19,21,0,4.164,0.199,1,3.865,3.503,0.048,0,0.0,0.0,1,0,0,0,0,Credential Stuffing
21,19,1,19,0,3.793,0.356,1,1.821,1.997,0.167,0,0.0,0.0,1,0,0,0,0,Brute Force
26,1,1,1,26,4.039,0.097,2,0.0,0.0,0.0,23,7.83,275.477,0,1,0,0,0,Web Enumeration
14,12,2,14,0,3.994,0.261,2,1.846,2.972,0.186,0,0.0,0.0,1,0,0,0,0,Brute Force
21,0,0,1,21,2.329,0.116,1,0.0,0.0,0.0,19,10.8,183.222,0,1,0,0,0,Web Enumeration
27,27,22,15,0,3.325,0.241,1,2.944,4.212,0.01,0,0.0,0.0,1,0,0,0,0,Credential Stuffing
16,1,1,1,16,3.543,0.263,2,0.0,0.0,0.0,15,15.2,216.312,0,1,0,0,0,Web Enumeration
29,1,1,0,28,0.69,0.232,4,0.0,0.0,0.0,24,17.45,320.263,0,1,0,0,0,Web Enumeration
3,1,0,1,1,0.98,0.425,1,0.0,0.0,0.0,1,35.58,69.434,0,1,0,0,0,Malware Download
13,0,0,0,8,0.788,0.169,3,0.0,0.0,0.0,13,8.99,244.482,0,1,0,0,0,Recon Scan
5,2,0,1,3,3.001,0.871,0,0.0,0.0,0.0,1,54.09,10.661,0,1,0,0,0,Exploit Attempt
4,1,0,0,4,2.464,1.975,0,0.267,1.773,0.505,3,16.97,17.038,1,0,0,0,0,Unknown Behaviour
25,25,1,22,0,6.603,0.142,2,1.536,2.471,0.39,0,0.0,0.0,0,0,0,1,0,Brute Force
12,0,0,0,10,0.716,0.094,2,0.0,0.0,0.0,12,8.73,312.714,0,0,0,1,0,Recon Scan
32,31,24,24,0,8.04,0.021,1,3.408,4.177,0.0,0,0.0,0.0,0,1,0,0,0,Credential Stuffing
3,1,1,0,2,0.374,0.248,0,0.0,0.0,0.0,2,24.07,67.236,0,0,1,0,0,Malware Download
3,0,1,0,2,1.68,0.587,0,0.0,0.0,0.0,2,24.99,57.446,0,0,1,0,0,Malware Download
35,35,1,30,0,8.759,0.564,0,1.682,2.528,0.032,0,0.0,0.0,0,0,0,1,0,Brute Force
12,2,0,1,3,0.929,3.953,0,1.202,1.743,0.0,0,24.34,11.566,1,0,0,0,0,Unknown Behaviour
6,0,0,1,4,0.692,0.413,0,0.0,0.0,0.0,4,20.6,77.194,0,1,0,0,0,Malware Download
21,21,2,17,0,8.402,0.566,0,1.842,2.455,0.111,0,0.0,0.0,1,0,0,0,0,Brute Force
9,2,1,1,7,1.542,0.059,0,0.0,0.0,0.0,5,79.02,48.184,0,0,0,0,1,Exploit Attempt
5,2,1,1,3,2.611,0.69,1,0.0,0.0,0.0,2,66.71,3.024,0,0,0,0,1,Exploit Attempt
4,0,0,1,2,0.952,0.428,0,0.0,0.0,0.0,2,27.99,87.949,0,1,0,0,0,Malware Download
10,4,0,3,1,1.51,0.527,0,1.703,0.783,0.342,3,37.24,57.224,1,0,0,0,0,Unknown Behaviour
19,19,1,19,0,6.041,0.091,1,1.452,2.279,0.048,0,0.0,0.0,0,0,1,0,0,Brute Force
21,1,0,0,20,4.328,0.231,4,0.0,0.0,0.0,17,16.85,197.42,0,1,0,0,0,Web Enumeration
25,25,1,20,0,6.685,0.24,2,2.328,2.625,0.101,0,0.0,0.0,0,0,0,1,0,Brute Force
36,35,23,27,0,4.811,0.256,2,3.668,3.694,0.003,0,0.0,0.0,0,1,0,0,0,Credential Stuffing
22,21,1,17,0,3.324,0.463,0,2.139,2.02,0.308,0,0.0,0.0,0,0,1,0,0,Brute Force
26,26,1,18,0,4.672,0.244,1,1.637,2.56,0.175,0,0.0,0.0,1,0,0,0,0,Brute Force
10,1,1,1,10,2.469,0.077,0,0.0,0.0,0.0,9,12.63,368.265,0,1,0,0,0,Web Enumeration
7,0,0,1,6,1.658,0.579,2,0.0,0.0,0.0,3,77.96,22.391,0,0,1,0,0,Exploit Attempt
6,0,1,1,5,1.19,0.355,0,0.0,0.0,0.0,3,81.33,39.254,0,0,0,0,1,Exploit Attempt
5,2,0,1,4,2.501,0.066,0,0.0,0.0,0.0,1,77.43,63.668,0,0,0,0,1,Exploit Attempt
13,0,0,0,11,1.564,0.066,3,0.0,0.0,0.0,9,8.9,106.866,0,0,1,0,0,Recon Scan
13,0,0,0,7,1.053,0.111,7,0.0,0.0,0.0,9,13.15,258.444,0,0,0,0,1,Recon Scan
2,0,0,1,1,0.571,0.258,0,0.0,0.0,0.0,1,37.62,92.999,0,1,0,0,0,Malware Download
4,1,0,0,2,1.044,0.458,0,0.0,0.0,0.0,2,27.75,66.106,0,0,1,0,0,Malware Download
2,1,0,1,1,2.232,0.526,0,0.0,0.0,0.0,1,66.34,59.26,0,1,0,0,0,Exploit Attempt
25,24,2,19,0,6.919,0.137,4,2.018,2.017,0.171,0,0.0,0.0,0,0,1,0,0,Brute Force
16,0,1,0,4,2.064,2.782,1,1.161,1.557,0.06,2,2.9,83.956,0,0,1,0,0,Unknown Behaviour
6,1,1,0,2,1.496,0.154,2,3.141,0.501,0.0,4,20.81,34.829,0,0,1,0,0,Unknown Behaviour
12,3,0,0,0,0.659,2.832,3,2.478,3.463,0.093,1,14.21,62.194,0,0,1,0,0,Unknown Behaviour
18,1,0,0,18,0.011,0.269,1,0.0,0.0,0.0,13,12.58,282.406,0,1,0,0,0,Web Enumeration
2,0,1,1,1,1.84,0.238,1,0.0,0.0,0.0,1,26.82,165.04,0,0,1,0,0,Malware Download
3,0,0,1,2,0.89,0.555,0,0.0,0.0,0.0,2,28.73,65.962,0,1,0,0,0,Malware Download
28,0,0,0,28,1.641,0.14,3,0.0,0.0,0.0,22,6.72,219.338,0,1,0,0,0,Web Enumeration
24,1,0,0,24,3.112,0.349,2,0.0,0.0,0.0,15,8.34,363.181,0,1,0,0,0,Web Enumeration
17,0,0,0,14,1.971,0.033,5,0.0,0.0,0.0,11,11.59,171.15,0,0,0,0,1,Recon Scan
2,1,1,1,6,3.246,1.135,2,0.132,0.671,0.813,0,14.48,55.253,1,0,0,0,0,Unknown Behaviour
21,20,1,19,0,1.365,0.467,1,2.449,1.609,0.253,0,0.0,0.0,1,0,0,0,0,Brute Force
7,0,1,0,1,2.652,1.512,1,1.694,1.3,0.255,3,25.84,39.634,0,0,0,0,1,Unknown Behaviour
6,1,0,1,4,1.82,0.215,1,0.0,0.0,0.0,3,64.57,28.633,0,1,0,0,0,Exploit Attempt
16,1,1,0,15,3.696,0.113,1,0.0,0.0,0.0,15,7.3,179.999,0,1,0,0,0,Web Enumeration
2,0,1,0,2,3.371,0.779,1,2.568,0.608,0.3,2,1.54,40.821,0,0,1,0,0,Unknown Behaviour
12,0,0,0,7,0.829,0.116,6,0.0,0.0,0.0,9,2.13,238.262,0,0,0,1,0,Recon Scan
7,0,1,1,3,1.735,0.237,1,0.801,0.506,0.791,2,21.6,14.3,0,0,1,0,0,Unknown Behaviour
18,18,7,13,0,4.924,0.326,0,3.221,3.493,0.082,0,0.0,0.0,0,0,1,0,0,Credential Stuffing
13,0,0,0,6,3.726,2.928,0,1.114,0.791,0.372,0,30.88,73.96,0,1,0,0,0,Unknown Behaviour
7,0,0,0,5,0.916,0.074,5,0.0,0.0,0.0,2,12.14,136.139,0,1,0,0,0,Recon Scan
15,0,0,0,10,1.324,0.065,7,0.0,0.0,0.0,11,10.95,257.296,0,1,0,0,0,Recon Scan
23,1,1,0,23,1.708,0.113,2,0.0,0.0,0.0,21,16.04,387.79,0,1,0,0,0,Web Enumeration
31,30,1,27,0,4.252,0.214,3,1.862,2.347,0.0,0,0.0,0.0,0,0,0,1,0,Brute Force
5,6,0,0,2,2.398,0.569,2,2.042,2.9,0.701,1,0.83,3.084,1,0,0,0,0,Unknown Behaviour
2,1,1,0,1,0.656,0.589,0,0.0,0.0,0.0,1,28.98,89.326,0,0,1,0,0,Malware Download
16,0,1,1,16,0.232,0.103,3,0.0,0.0,0.0,15,23.11,358.483,0,1,0,0,0,Web Enumeration
38,36,27,25,0,8.325,0.297,1,2.987,3.191,0.084,0,0.0,0.0,0,0,1,0,0,Credential Stuffing
44,43,24,31,0,5.848,0.313,3,3.806,3.719,0.0,0,0.0,0.0,0,1,0,0,0,Credential Stuffing
18,16,1,18,0,3.334,0.37,0,2.128,1.89,0.183,0,0.0,0.0,0,0,0,1,0,Brute Force
16,0,0,0,13,0.414,0.152,2,0.0,0.0,0.0,14,8.74,232.282,0,1,0,0,0,Recon Scan
17,0,0,0,3,0.774,0.512,1,1.09,2.199,0.182,2,7.12,87.235,1,0,0,0,0,Unknown Behaviour
29,27,23,27,0,5.127,0.195,2,3.444,3.346,0.087,0,0.0,0.0,0,1,0,0,0,Credential Stuffing
15,0,0,0,13,0.806,0.019,2,0.0,0.0,0.0,12,7.37,178.357,0,1,0,0,0,Recon Scan
4,1,1,1,2,2.44,0.431,1,0.0,0.0,0.0,1,43.8,18.205,0,0,0,0,1,Exploit Attempt
22,22,1,19,0,5.511,0.418,2,1.72,2.536,0.238,0,0.0,0.0,1,0,0,0,0,Brute Force
4,0,1,1,3,0.411,0.03,0,0.0,0.0,0.0,3,34.68,89.633,0,0,1,0,0,Malware Download
11,0,0,0,5,0.983,0.146,1,0.0,0.0,0.0,7,6.54,226.681,0,0,0,0,1,Recon Scan
20,1,1,0,20,4.627,0.101,2,0.0,0.0,0.0,16,16.19,315.469,0,1,0,0,0,Web Enumeration
7,1,1,0,5,1.345,1.09,1,1.727,0.802,0.028,1,2.09,88.679,0,1,0,0,0,Unknown Behaviour
26,24,1,16,0,3.994,0.373,0,1.766,2.365,0.213,0,0.0,0.0,1,0,0,0,0,Brute Force
3,0,1,0,2,1.609,0.151,0,0.0,0.0,0.0,2,29.84,137.011,0,0,1,0,0,Malware Download
17,17,2,13,0,3.426,0.136,2,2.312,2.139,0.163,0,0.0,0.0,0,0,1,0,0,Brute Force
20,18,13,23,0,5.755,0.197,0,2.991,3.477,0.023,0,0.0,0.0,0,1,0,0,0,Credential Stuffing
25,25,1,27,0,5.175,0.215,0,1.731,2.713,0.298,0,0.0,0.0,1,0,0,0,0,Brute Force
5,1,1,1,3,1.306,0.263,3,0.0,0.0,0.0,2,97.82,33.046,0,0,0,0,1,Exploit Attempt
17,1,1,0,16,2.67,0.18,1,0.0,0.0,0.0,15,13.18,226.144,0,1,0,0,0,Web Enumeration
29,29,1,24,0,7.07,0.493,3,1.692,2.316,0.156,0,0.0,0.0,1,0,0,0,0,Brute Force
9,0,0,0,7,0.227,0.068,2,0.0,0.0,0.0,8,11.4,236.609,0,1,0,0,0,Recon Scan
7,1,0,0,6,0.809,0.516,1,0.0,0.0,0.0,3,80.74,29.893,0,0,0,0,1,Exploit Attempt
8,0,1,0,7,1.687,0.806,1,0.0,0.0,0.0,2,45.68,15.574,0,0,1,0,0,Exploit Attempt
4,2,0,0,3,2.276,0.434,1,0.0,0.0,0.0,2,43.92,63.861,0,1,0,0,0,Exploit Attempt
3,0,1,1,1,0.6,0.649,0,0.0,0.0,0.0,1,39.35,80.246,0,1,0,0,0,Malware Download
40,38,2,33,0,11.975,0.323,2,1.628,2.28,0.151,0,0.0,0.0,0,0,1,0,0,Brute Force
13,0,1,1,13,5.109,0.185,1,0.0,0.0,0.0,9,19.3,373.614,0,1,0,0,0,Web Enumeration
15,0,0,0,12,2.277,0.012,5,0.0,0.0,0.0,10,10.88,242.801,0,1,0,0,0,Recon Scan
4,1,0,0,2,1.531,0.503,0,0.0,0.0,0.0,2,33.69,92.851,0,0,1,0,0,Malware Download
17,0,0,0,13,0.281,0.06,5,0.0,0.0,0.0,12,4.3,176.539,0,1,0,0,0,Recon Scan
22,22,1,25,0,6.505,0.565,0,2.055,3.128,0.182,0,0.0,0.0,0,0,1,0,0,Brute Force
10,0,0,0,6,0.051,0.123,3,0.0,0.0,0.0,4,7.34,284.278,0,1,0,0,0,Recon Scan
6,1,1,0,5,0.473,0.837,2,0.0,0.0,0.0,3,40.94,69.886,0,1,0,0,0,Exploit Attempt
10,0,0,0,6,2.882,0.092,6,0.0,0.0,0.0,7,9.11,214.672,0,0,1,0,0,Recon Scan
2,1,0,1,6,2.381,0.228,0,3.238,3.084,0.566,2,27.23,82.179,0,1,0,0,0,Unknown Behaviour
33,32,22,26,0,5.516,0.211,1,3.341,4.385,0.057,0,0.0,0.0,0,1,0,0,0,Credential Stuffing
8,0,0,1,5,3.74,0.027,0,0.381,2.268,0.052,3,24.55,79.509,0,0,0,0,1,Unknown Behaviour
37,36,1,28,0,7.057,0.112,2,2.194,2.076,0.306,0,0.0,0.0,1,0,0,0,0,Brute Force
12,0,0,0,6,0.185,0.031,4,0.0,0.0,0.0,12,13.09,106.241,0,0,0,0,1,Recon Scan
43,42,20,31,0,8.595,0.181,3,4.431,3.726,0.021,0,0.0,0.0,1,0,0,0,0,Credential Stuffing
16,0,0,0,10,2.355,0.132,4,0.0,0.0,0.0,13,10.91,264.401,0,0,0,1,0,Recon Scan
13,2,1,0,0,2.598,0.904,0,1.165,0.27,0.288,1,2.01,91.023,1,0,0,0,0,Unknown Behaviour
3,0,0,0,1,1.822,0.57,0,0.0,0.0,0.0,1,47.5,18.616,0,1,0,0,0,Exploit Attempt
28,27,17,19,0,6.666,0.15,1,3.24,3.939,0.039,0,0.0,0.0,0,1,0,0,0,Credential Stuffing
19,1,0,0,19,6.44,0.129,3,0.0,0.0,0.0,14,12.93,234.949,0,1,0,0,0,Web Enumeration
14,0,0,0,10,3.73,0.022,6,0.0,0.0,0.0,12,6.44,353.756,0,0,0,0,1,Recon Scan
20,19,1,17,0,6.193,0.374,1,1.497,2.95,0.379,0,0.0,0.0,1,0,0,0,0,Brute Force
12,10,1,8,0,1.288,0.544,2,1.953,2.107,0.179,0,0.0,0.0,1,0,0,0,0,Brute Force
14,0,0,0,11,0.738,0.057,2,0.0,0.0,0.0,10,6.13,246.251,0,0,0,0,1,Recon Scan
15,0,0,0,7,0.673,0.061,0,0.0,0.0,0.0,8,6.25,207.934,0,1,0,0,0,Recon Scan
4,0,0,0,0,1.562,0.001,4,0.313,2.651,0.251,0,23.81,11.885,0,0,0,0,1,Unknown Behaviour
6,2,1,1,4,2.709,0.863,1,0.0,0.0,0.0,2,61.11,34.048,0,1,0,0,0,Exploit Attempt
9,2,0,1,8,0.546,0.145,1,0.0,0.0,0.0,7,53.66,46.946,0,1,0,0,0,Exploit Attempt
3,0,1,0,2,1.649,0.131,2,0.0,0.0,0.0,1,45.13,35.157,0,0,1,0,0,Exploit Attempt
23,1,1,0,22,2.848,0.096,5,0.0,0.0,0.0,19,11.13,240.992,0,1,0,0,0,Web Enumeration
4,2,0,1,2,0.694,0.3,1,0.0,0.0,0.0,1,85.65,21.563,0,1,0,0,0,Exploit Attempt
13,0,0,0,9,1.499,0.149,2,0.0,0.0,0.0,10,11.03,162.712,0,0,0,0,1,Recon Scan
6,2,1,1,4,3.065,0.148,1,0.0,0.0,0.0,4,39.5,63.111,0,1,0,0,0,Exploit Attempt
40,38,1,34,0,10.744,0.276,2,2.415,2.204,0.184,0,0.0,0.0,1,0,0,0,0,Brute Force
2,0,1,0,1,0.131,0.519,1,0.0,0.0,0.0,1,24.75,136.883,0,1,0,0,0,Malware Download
5,1,0,1,4,0.079,0.48,0,0.0,0.0,0.0,4,38.65,98.456,0,0,1,0,0,Malware Download
11,0,0,0,5,2.467,0.176,2,0.0,0.0,0.0,8,6.82,182.291,0,0,0,1,0,Recon Scan
35,34,19,30,0,4.528,0.22,3,2.865,3.805,0.0,0,0.0,0.0,0,1,0,0,0,Credential Stuffing
14,0,0,0,10,1.965,0.049,7,0.0,0.0,0.0,8,10.5,283.959,0,1,0,0,0,Recon Scan
6,1,0,1,3,4.1,0.712,0,1.998,3.062,0.632,5,17.43,8.8,0,0,1,0,0,Unknown Behaviour
7,0,1,1,2,6.051,2.409,0,1.106,2.871,0.0,2,31.4,26.451,0,0,0,1,0,Unknown Behaviour
33,31,27,26,0,8.502,0.093,2,3.183,3.719,0.078,0,0.0,0.0,0,1,0,0,0,Credential Stuffing
6,0,1,0,3,2.45,3.117,1,1.615,1.21,0.0,0,20.43,3.934,0,1,0,0,0,Unknown Behaviour
4,1,1,1,2,1.884,0.714,0,0.0,0.0,0.0,1,88.37,48.004,0,0,0,0,1,Exploit Attempt
15,0,0,0,11,1.842,0.068,7,0.0,0.0,0.0,8,7.99,226.447,0,1,0,0,0,Recon Scan
3,1,0,0,2,1.067,1.44,2,0.915,0.327,0.0,0,18.03,79.401,0,0,1,0,0,Unknown Behaviour
10,0,0,0,6,1.507,0.073,1,0.0,0.0,0.0,8,11.26,270.59,0,1,0,0,0,Recon Scan
6,1,1,0,4,1.162,0.721,1,0.0,0.0,0.0,2,41.72,50.721,0,1,0,0,0,Exploit Attempt
37,35,1,26,0,13.83,0.286,1,1.818,1.709,0.294,0,0.0,0.0,1,0,0,0,0,Brute Force
18,18,1,18,0,7.91,0.346,1,1.275,2.328,0.182,0,0.0,0.0,0,0,1,0,0,Brute Force
4,0,0,0,2,2.787,0.005,1,0.0,0.0,0.0,0,8.81,198.057,0,1,0,0,0,Recon Scan
3,0,0,1,1,1.185,0.71,0,0.0,0.0,0.0,1,47.92,76.185,0,1,0,0,0,Malware Download
28,1,0,1,28,3.342,0.036,5,0.0,0.0,0.0,22,20.49,202.292,0,1,0,0,0,Web Enumeration
4,1,1,1,2,1.229,0.622,0,0.0,0.0,0.0,2,30.27,127.493,0,0,1,0,0,Malware Download
14,13,2,12,0,4.28,0.516,1,1.682,2.081,0.165,0,0.0,0.0,0,0,1,0,0,Brute Force
24,24,2,18,0,6.451,0.093,3,1.872,1.96,0.187,0,0.0,0.0,1,0,0,0,0,Brute Force
8,2,0,1,3,0.971,3.049,0,3.868,0.334,0.769,0,27.94,18.185,0,0,1,0,0,Unknown Behaviour
23,22,16,19,0,3.889,0.284,2,3.228,3.388,0.066,0,0.0,0.0,0,1,0,0,0,Credential Stuffing
27,1,1,0,26,2.557,0.035,3,0.0,0.0,0.0,22,12.92,276.92,0,1,0,0,0,Web Enumeration
3,1,1,0,1,2.432,0.704,0,0.0,0.0,0.0,1,21.08,37.15,0,1,0,0,0,Exploit Attempt
17,16,12,10,0,6.384,0.06,1,3.19,3.307,0.031,0,0.0,0.0,0,1,0,0,0,Credential Stuffing
2,0,0,1,1,1.001,0.762,1,0.0,0.0,0.0,1,19.73,96.053,0,0,1,0,0,Malware Download
9,0,0,0,9,0.716,0.191,1,0.0,0.0,0.0,8,7.03,340.795,0,0,0,0,1,Recon Scan
6,0,0,1,5,0.744,1.031,1,0.0,0.0,0.0,4,49.75,47.771,0,0,1,0,0,Exploit Attempt
6,2,0,0,5,3.025,0.945,1,0.0,0.0,0.0,3,60.09,50.751,0,1,0,0,0,Exploit Attempt
28,0,1,1,27,5.04,0.116,2,0.0,0.0,0.0,28,16.53,104.654,0,1,0,0,0,Web Enumeration
26,24,2,19,0,5.096,0.265,3,1.744,1.952,0.192,0,0.0,0.0,0,0,0,1,0,Brute Force
26,0,0,1,25,0.887,0.145,0,0.0,0.0,0.0,19,9.57,363.577,0,1,0,0,0,Web Enumeration
7,1,1,1,5,2.224,0.833,1,0.0,0.0,0.0,1,67.09,1.733,0,0,0,0,1,Exploit Attempt
62,61,36,45,0,10.183,0.377,3,3.822,3.674,0.1,0,0.0,0.0,0,1,0,0,0,Credential Stuffing
11,0,1,0,11,3.149,0.093,1,0.0,0.0,0.0,9,17.54,254.646,0,1,0,0,0,Web Enumeration
3,0,1,1,1,1.18,0.448,0,0.0,0.0,0.0,1,32.01,60.234,0,0,1,0,0,Malware Download
5,0,1,0,4,3.513,0.897,2,0.0,0.0,0.0,2,36.36,58.615,0,0,1,0,0,Exploit Attempt
8,0,0,0,3,1.595,0.039,0,0.0,0.0,0.0,4,3.59,174.87,0,1,0,0,0,Recon Scan
28,26,21,20,0,7.382,0.131,4,3.482,3.73,0.055,0,0.0,0.0,0,1,0,0,0,Credential Stuffing
2,1,0,1,1,0.829,0.347,0,0.0,0.0,0.0,1,36.69,117.727,0,1,0,0,0,Malware Download
6,0,0,0,4,3.272,5.005,3,0.094,0.577,0.0,2,16.71,17.695,0,0,0,0,1,Unknown Behaviour
7,1,0,2,5,2.405,3.04,0,1.323,0.941,0.31,2,6.99,29.699,0,0,0,0,1,Unknown Behaviour
9,0,0,0,5,4.172,0.087,1,0.0,0.0,0.0,4,8.85,252.8,0,0,0,0,1,Recon Scan
15,4,0,0,1,0.065,0.181,2,1.725,0.535,0.022,0,12.54,66.527,1,0,0,0,0,Unknown Behaviour
18,0,0,2,4,3.369,3.303,1,3.084,1.496,0.571,3,10.12,21.784,0,0,0,0,1,Unknown Behaviour
24,22,9,22,0,2.008,0.18,1,3.711,3.784,0.068,0,0.0,0.0,1,0,0,0,0,Credential Stuffing
13,0,1,0,12,4.261,0.072,2,0.0,0.0,0.0,12,11.72,265.571,0,1,0,0,0,Web Enumeration
17,0,1,0,17,2.782,0.087,3,0.0,0.0,0.0,16,13.15,119.414,0,1,0,0,0,Web Enumeration
27,26,18,15,0,3.685,0.039,1,3.939,4.225,0.054,0,0.0,0.0,1,0,0,0,0,Credential Stuffing
44,43,28,28,0,8.995,0.414,0,3.382,4.024,0.075,0,0.0,0.0,0,0,1,0,0,Credential Stuffing
36,36,29,25,0,5.606,0.267,1,3.466,3.525,0.026,0,0.0,0.0,0,1,0,0,0,Credential Stuffing
24,24,14,23,0,2.594,0.38,0,3.296,3.315,0.138,0,0.0,0.0,1,0,0,0,0,Credential Stuffing
11,11,7,4,0,1.051,0.219,0,3.398,3.642,0.057,0,0.0,0.0,1,0,0,0,0,Credential Stuffing
38,36,1,29,0,9.834,0.234,4,2.201,2.678,0.159,0,0.0,0.0,1,0,0,0,0,Brute Force
15,0,0,0,13,2.245,0.086,2,0.0,0.0,0.0,8,4.09,234.217,0,1,0,0,0,Recon Scan
5,1,0,1,3,2.512,0.807,2,0.0,0.0,0.0,3,59.56,39.89,0,1,0,0,0,Exploit Attempt
1,5,0,0,1,2.595,2.522,1,2.967,0.207,0.498,1,18.42,74.347,0,0,0,1,0,Unknown Behaviour
30,29,8,15,0,5.795,0.397,0,3.659,3.456,0.052,0,0.0,0.0,1,0,0,0,0,Credential Stuffing
5,0,1,0,3,2.991,2.44,2,0.856,2.183,0.0,2,42.4,16.666,0,0,1,0,0,Unknown Behaviour
31,1,0,0,31,2.678,0.121,0,0.0,0.0,0.0,30,9.9,271.887,0,1,0,0,0,Web Enumeration
5,0,0,0,1,6.074,3.756,1,1.547,1.527,0.363,0,30.34,46.419,0,0,1,0,0,Unknown Behaviour
3,1,0,1,1,0.641,0.472,2,0.0,0.0,0.0,1,33.92,88.225,0,0,1,0,0,Malware Download
23,22,9,19,0,6.473,0.245,0,3.117,3.951,0.018,0,0.0,0.0,0,1,0,0,0,Credential Stuffing
4,2,0,1,3,2.645,0.169,0,0.0,0.0,0.0,2,61.68,59.109,0,1,0,0,0,Exploit Attempt
17,1,1,1,17,1.653,0.219,1,0.0,0.0,0.0,15,9.41,441.932,0,1,0,0,0,Web Enumeration
25,24,23,27,0,2.692,0.109,0,3.717,3.48,0.06,0,0.0,0.0,0,1,0,0,0,Credential Stuffing
3,0,0,1,1,0.64,0.715,1,0.0,0.0,0.0,1,22.98,76.476,0,1,0,0,0,Malware Download
11,0,0,0,8,3.093,0.082,0,0.0,0.0,0.0,8,6.9,222.558,0,1,0,0,0,Recon Scan
17,0,0,0,17,3.036,0.188,2,0.0,0.0,0.0,14,15.67,358.778,0,1,0,0,0,Web Enumeration
2,1,0,1,1,0.497,0.397,0,0.0,0.0,0.0,1,22.2,115.503,0,1,0,0,0,Malware Download
7,0,0,0,0,0.425,1.429,1,2.48,2.049,0.748,0,27.76,14.105,0,1,0,0,0,Unknown Behaviour
23,1,0,1,23,3.737,0.048,5,0.0,0.0,0.0,20,10.7,316.327,0,1,0,0,0,Web Enumeration
9,0,0,0,6,1.591,0.13,6,0.0,0.0,0.0,5,7.63,246.259,0,1,0,0,0,Recon Scan
13,0,1,0,12,3.507,0.129,2,0.0,0.0,0.0,12,14.98,295.927,0,1,0,0,0,Web Enumeration
14,14,1,13,0,5.139,0.438,0,1.695,2.88,0.242,0,0.0,0.0,1,0,0,0,0,Brute Force
23,22,1,18,0,7.052,0.539,1,2.254,2.524,0.063,0,0.0,0.0,1,0,0,0,0,Brute Force
3,1,0,1,2,2.161,0.078,0,0.0,0.0,0.0,2,12.89,98.12,0,0,1,0,0,Malware Download
4,0,1,1,3,2.168,0.76,0,0.0,0.0,0.0,1,93.52,17.518,0,1,0,0,0,Exploit Attempt
28,1,1,0,27,4.182,0.049,4,0.0,0.0,0.0,25,13.92,242.758,0,1,0,0,0,Web Enumeration
5,1,1,0,1,2.036,2.633,1,0.586,0.352,0.074,5,16.02,37.99,0,0,0,1,0,Unknown Behaviour
13,0,0,0,12,3.497,0.246,4,0.0,0.0,0.0,7,2.6,236.063,0,1,0,0,0,Recon Scan
14,0,0,0,10,2.256,0.119,1,0.0,0.0,0.0,12,7.5,120.694,0,1,0,0,0,Recon Scan
5,0,0,1,3,1.126,0.267,1,0.0,0.0,0.0,2,58.74,17.36,0,0,1,0,0,Exploit Attempt
42,40,23,31,0,6.874,0.199,3,3.277,3.756,0.017,0,0.0,0.0,1,0,0,0,0,Credential Stuffing
17,17,2,13,0,5.8,0.289,0,1.717,2.853,0.196,0,0.0,0.0,1,0,0,0,0,Brute Force
10,0,0,0,10,3.337,0.083,7,0.0,0.0,0.0,7,14.26,214.402,1,0,0,0,0,Recon Scan
31,31,1,25,0,7.341,0.454,0,2.219,2.234,0.172,0,0.0,0.0,1,0,0,0,0,Brute Force
36,35,21,31,0,10.68,0.136,0,3.095,3.898,0.095,0,0.0,0.0,0,0,1,0,0,Credential Stuffing
3,1,0,1,2,1.71,0.319,1,0.0,0.0,0.0,2,38.64,143.519,0,1,0,0,0,Malware Download
24,0,0,0,24,0.594,0.167,3,0.0,0.0,0.0,18,12.13,287.194,0,1,0,0,0,Web Enumeration
19,17,1,15,0,7.934,0.421,3,2.473,2.018,0.101,0,0.0,0.0,1,0,0,0,0,Brute Force
8,0,0,0,6,2.423,0.133,7,0.0,0.0,0.0,4,4.86,160.34,0,1,0,0,0,Recon Scan
2,0,0,1,1,0.826,0.403,1,0.0,0.0,0.0,1,17.03,139.691,0,1,0,0,0,Malware Download
4,1,0,1,2,1.169,0.526,1,0.0,0.0,0.0,2,32.32,87.419,0,1,0,0,0,Malware Download
3,1,0,0,1,0.85,0.319,1,0.0,0.0,0.0,1,18.66,76.212,0,0,1,0,0,Malware Download
3,0,1,1,1,1.144,0.314,0,0.0,0.0,0.0,1,26.23,124.317,0,1,0,0,0,Malware Download
19,19,2,16,0,6.093,0.116,1,2.076,2.538,0.122,0,0.0,0.0,1,0,0,0,0,Brute Force
9,2,0,1,7,1.247,0.377,0,0.0,0.0,0.0,5,74.23,41.217,0,1,0,0,0,Exploit Attempt
28,26,17,22,0,4.771,0.163,1,3.617,3.852,0.01,0,0.0,0.0,0,0,1,0,0,Credential Stuffing
3,2,0,1,2,2.96,0.323,2,0.0,0.0,0.0,2,68.79,28.301,0,1,0,0,0,Exploit Attempt
3,0,1,0,1,1.071,0.481,1,0.0,0.0,0.0,1,29.93,75.766,0,1,0,0,0,Malware Download
2,1,0,0,1,0.954,0.53,0,0.0,0.0,0.0,1,35.61,78.681,0,0,1,0,0,Malware Download
6,2,1,0,4,2.786,0.209,0,0.0,0.0,0.0,3,69.57,41.067,0,1,0,0,0,Exploit Attempt
5,1,0,0,3,1.234,0.327,0,0.0,0.0,0.0,3,31.66,16.547,0,0,1,0,0,Malware Download
3,0,1,0,2,1.286,0.245,0,0.0,0.0,0.0,2,19.94,116.609,0,1,0,0,0,Malware Download
7,0,0,0,4,0.875,0.166,4,0.0,0.0,0.0,4,10.5,93.568,0,0,1,0,0,Recon Scan
4,0,0,1,2,1.8,0.087,0,0.0,0.0,0.0,2,32.95,100.758,0,0,1,0,0,Malware Download
19,1,0,0,18,3.792,0.081,0,0.0,0.0,0.0,14,17.25,244.557,0,1,0,0,0,Web Enumeration
12,0,0,0,8,0.61,0.027,5,0.0,0.0,0.0,6,18.18,154.836,0,1,0,0,0,Recon Scan
5,0,1,1,3,2.485,0.823,2,0.0,0.0,0.0,2,72.53,62.175,0,1,0,0,0,Exploit Attempt
10,0,0,0,5,0.872,0.064,5,0.0,0.0,0.0,8,8.56,196.478,0,0,0,1,0,Recon Scan
18,0,1,1,17,2.809,0.111,0,0.0,0.0,0.0,18,13.02,208.765,0,1,0,0,0,Web Enumeration
5,1,1,1,3,0.892,0.909,0,0.0,0.0,0.0,3,29.93,89.338,0,0,1,0,0,Malware Download
10,3,0,1,6,0.513,1.47,1,1.257,0.127,0.0,0,27.39,27.865,1,0,0,0,0,Unknown Behaviour
17,16,1,16,0,6.223,0.572,0,1.966,1.784,0.153,0,0.0,0.0,0,0,0,1,0,Brute Force
17,16,2,14,0,9.788,0.245,4,1.853,2.834,0.316,0,0.0,0.0,1,0,0,0,0,Brute Force
10,0,2,0,4,4.89,1.249,1,0.325,0.58,0.366,1,32.75,11.816,1,0,0,0,0,Unknown Behaviour
22,21,1,15,0,4.007,0.234,2,1.326,2.281,0.301,0,0.0,0.0,1,0,0,0,0,Brute Force
8,1,0,1,6,0.776,0.793,1,0.0,0.0,0.0,4,51.24,59.303,0,0,0,0,1,Exploit Attempt
19,18,12,12,0,2.256,0.25,0,3.631,3.456,0.096,0,0.0,0.0,1,0,0,0,0,Credential Stuffing
26,25,1,25,0,7.798,0.418,2,2.013,2.047,0.13,0,0.0,0.0,0,0,1,0,0,Brute Force
16,1,1,1,16,1.282,0.038,4,0.0,0.0,0.0,14,14.42,278.951,0,1,0,0,0,Web Enumeration
5,1,0,1,3,3.258,0.551,0,0.0,0.0,0.0,3,71.61,56.391,0,0,1,0,0,Exploit Attempt
17,1,1,0,17,3.881,0.109,1,0.0,0.0,0.0,13,11.79,366.758,0,1,0,0,0,Web Enumeration
8,0,0,0,6,1.834,0.103,2,0.0,0.0,0.0,7,11.22,210.421,0,1,0,0,0,Recon Scan
10,1,1,0,0,1.951,2.924,1,3.012,1.118,0.602,0,16.62,7.319,1,0,0,0,0,Unknown Behaviour
7,0,0,0,4,5.569,1.039,0,0.832,2.155,0.097,0,15.44,16.635,0,0,0,0,1,Unknown Behaviour
13,1,0,0,2,1.74,1.571,0,1.824,1.783,0.122,2,11.3,27.979,0,0,0,1,0,Unknown Behaviour
15,1,0,0,15,3.809,0.267,0,0.0,0.0,0.0,11,18.7,398.117,0,1,0,0,0,Web Enumeration
6,2,1,1,4,0.554,0.504,2,0.0,0.0,0.0,3,68.55,29.425,0,0,0,0,1,Exploit Attempt
6,2,1,1,4,2.152,0.555,1,0.0,0.0,0.0,1,46.51,12.683,0,0,1,0,0,Exploit Attempt
5,0,0,0,4,1.738,0.07,1,0.0,0.0,0.0,3,7.41,233.961,0,1,0,0,0,Recon Scan
14,14,1,11,0,6.292,0.295,0,1.495,2.208,0.119,0,0.0,0.0,1,0,0,0,0,Brute Force
10,3,0,0,4,2.391,0.3,2,1.57,1.967,0.0,3,14.93,73.395,0,1,0,0,0,Unknown Behaviour
11,1,1,1,10,2.932,0.217,2,0.0,0.0,0.0,6,13.1,93.254,0,1,0,0,0,Web Enumeration
4,2,1,0,3,2.174,0.032,0,0.0,0.0,0.0,1,65.73,29.833,0,1,0,0,0,Exploit Attempt
11,0,0,0,7,2.635,0.139,0,0.0,0.0,0.0,7,9.5,266.73,0,0,0,1,0,Recon Scan
7,0,0,1,5,3.217,0.062,2,0.0,0.0,0.0,3,64.93,0.749,0,0,1,0,0,Exploit Attempt
3,1,1,1,5,2.548,3.538,0,3.741,1.888,0.185,0,2.88,8.374,0,0,1,0,0,Unknown Behaviour
17,0,0,0,16,4.777,0.182,6,0.0,0.0,0.0,11,6.65,310.024,0,1,0,0,0,Web Enumeration
12,0,0,0,14,1.723,0.172,4,0.0,0.0,0.0,9,8.83,209.776,0,1,0,0,0,Recon Scan
5,1,0,0,1,5.371,0.752,0,1.718,2.365,0.174,1,9.12,73.26,0,0,1,0,0,Unknown Behaviour
24,0,1,0,23,0.985,0.209,4,0.0,0.0,0.0,18,18.85,261.477,0,1,0,0,0,Web Enumeration
30,0,1,1,29,2.469,0.197,1,0.0,0.0,0.0,30,7.24,380.084,0,1,0,0,0,Web Enumeration
37,35,27,22,0,7.531,0.249,0,3.609,3.446,0.078,0,0.0,0.0,0,1,0,0,0,Credential Stuffing
8,2,1,1,6,1.414,0.465,0,0.0,0.0,0.0,4,64.91,73.785,0,1,0,0,0,Exploit Attempt
34,32,1,32,0,12.622,0.245,2,2.236,2.113,0.249,0,0.0,0.0,0,0,0,1,0,Brute Force
4,1,1,1,2,0.846,0.486,0,0.0,0.0,0.0,2,15.01,83.859,0,1,0,0,0,Malware Download
25,24,2,20,0,6.698,0.449,3,1.7,2.033,0.21,0,0.0,0.0,1,0,0,0,0,Brute Force
4,0,0,1,3,2.226,0.517,0,0.0,0.0,0.0,3,85.73,55.039,0,1,0,0,0,Exploit Attempt
18,1,0,0,18,3.379,0.278,0,0.0,0.0,0.0,17,3.95,357.56,0,1,0,0,0,Web Enumeration
22,0,0,0,22,1.832,0.096,2,0.0,0.0,0.0,16,8.11,307.317,0,1,0,0,0,Web Enumeration
43,43,2,36,0,14.27,0.621,0,1.647,2.205,0.147,0,0.0,0.0,0,0,0,1,0,Brute Force
27,1,0,0,27,2.316,0.039,2,0.0,0.0,0.0,28,16.14,223.927,0,1,0,0,0,Web Enumeration
25,23,1,24,0,9.319,0.372,4,1.784,2.949,0.223,0,0.0,0.0,0,0,0,1,0,Brute Force
32,30,13,24,0,5.733,0.051,6,3.251,3.452,0.089,0,0.0,0.0,0,1,0,0,0,Credential Stuffing
2,1,0,1,4,7.428,0.966,1,1.17,1.584,0.42,3,28.77,50.775,0,1,0,0,0,Unknown Behaviour
2,1,0,0,3,2.44,2.571,0,1.479,1.966,0.112,4,9.99,3.318,0,0,1,0,0,Unknown Behaviour
5,0,0,0,3,2.485,0.384,2,0.0,0.0,0.0,2,86.76,43.69,0,1,0,0,0,Exploit Attempt
14,12,13,11,0,0.67,0.141,0,3.306,3.455,0.0,0,0.0,0.0,0,1,0,0,0,Credential Stuffing
11,0,0,0,10,0.339,0.102,4,0.0,0.0,0.0,6,10.31,173.174,0,0,0,1,0,Recon Scan
2,1,1,0,1,1.019,0.417,1,0.0,0.0,0.0,1,20.38,125.048,0,1,0,0,0,Malware Download
29,28,2,28,0,6.714,0.45,1,1.803,2.017,0.135,0,0.0,0.0,0,0,0,1,0,Brute Force
26,0,0,1,26,2.815,0.014,2,0.0,0.0,0.0,20,10.27,207.353,0,1,0,0,0,Web Enumeration
6,2,0,1,4,2.627,0.224,0,0.0,0.0,0.0,2,41.22,6.968,0,0,1,0,0,Exploit Attempt
5,2,1,0,4,1.237,0.463,0,0.0,0.0,0.0,3,85.98,25.799,0,1,0,0,0,Exploit Attempt
4,0,0,0,2,0.986,0.16,1,0.0,0.0,0.0,2,38.25,71.505,0,0,1,0,0,Malware Download
23,21,1,20,0,4.075,0.411,1,1.536,2.089,0.207,0,0.0,0.0,1,0,0,0,0,Brute Force
3,1,0,0,2,1.276,0.32,0,0.0,0.0,0.0,2,37.27,116.673,0,0,1,0,0,Malware Download
8,0,1,1,6,3.759,0.488,0,0.0,0.0,0.0,6,66.26,64.574,0,1,0,0,0,Exploit Attempt
6,1,1,0,4,2.914,0.482,1,0.0,0.0,0.0,2,67.94,55.896,0,0,0,0,1,Exploit Attempt
3,1,1,1,1,1.523,0.124,0,0.0,0.0,0.0,1,33.11,99.494,0,0,1,0,0,Malware Download
10,8,10,4,0,3.365,0.271,0,2.801,3.429,0.133,0,0.0,0.0,1,0,0,0,0,Credential Stuffing
23,1,1,0,22,1.775,0.138,4,0.0,0.0,0.0,13,6.88,324.279,0,1,0,0,0,Web Enumeration
6,1,0,0,5,0.379,0.179,0,0.0,0.0,0.0,5,62.63,19.863,0,0,0,0,1,Exploit Attempt
3,0,0,1,2,0.499,0.082,0,0.0,0.0,0.0,2,26.58,113.91,0,0,1,0,0,Malware Download
28,0,0,1,27,0.996,0.163,2,0.0,0.0,0.0,21,21.62,267.41,0,1,0,0,0,Web Enumeration
24,24,1,22,0,4.515,0.302,2,2.172,1.994,0.181,0,0.0,0.0,0,0,0,1,0,Brute Force
8,0,0,0,12,1.049,0.104,1,0.0,0.0,0.0,9,12.36,237.815,0,1,0,0,0,Recon Scan
3,2,1,0,2,0.075,0.321,0,0.0,0.0,0.0,1,67.99,58.153,0,1,0,0,0,Exploit Attempt
8,5,0,1,2,0.941,0.589,1,1.996,1.527,0.395,1,13.61,20.047,0,0,0,1,0,Unknown Behaviour
3,0,1,1,1,0.751,0.533,0,0.0,0.0,0.0,1,20.69,82.005,0,0,1,0,0,Malware Download
4,1,1,1,3,0.756,0.537,0,0.0,0.0,0.0,3,13.34,79.343,0,1,0,0,0,Malware Download
9,0,0,0,4,0.316,0.104,4,0.0,0.0,0.0,4,9.08,254.232,0,0,1,0,0,Recon Scan
31,30,12,22,0,1.818,0.079,2,3.326,3.877,0.0,0,0.0,0.0,0,1,0,0,0,Credential Stuffing
8,0,0,0,4,1.609,0.186,0,0.0,0.0,0.0,6,4.87,181.94,0,1,0,0,0,Recon Scan
31,29,1,21,0,9.685,0.25,1,2.214,2.012,0.288,0,0.0,0.0,1,0,0,0,0,Brute Force
3,0,0,1,1,0.906,0.698,0,0.0,0.0,0.0,1,27.16,66.669,0,0,1,0,0,Malware Download
2,0,0,1,1,1.909,0.396,0,0.0,0.0,0.0,1,65.03,75.359,0,0,0,0,1,Exploit Attempt
48,48,29,37,0,11.485,0.336,0,3.294,3.875,0.045,0,0.0,0.0,0,1,0,0,0,Credential Stuffing
28,27,1,31,0,10.71,0.192,1,1.836,2.358,0.124,0,0.0,0.0,1,0,0,0,0,Brute Force
17,0,0,0,14,0.188,0.134,2,0.0,0.0,0.0,10,9.94,190.495,0,1,0,0,0,Recon Scan
30,30,12,24,0,7.854,0.119,1,3.536,3.744,0.0,0,0.0,0.0,0,1,0,0,0,Credential Stuffing
3,1,1,1,2,1.408,0.675,0,0.0,0.0,0.0,2,41.12,124.925,0,0,1,0,0,Malware Download
40,39,18,18,0,7.66,0.118,2,2.809,3.406,0.069,0,0.0,0.0,0,1,0,0,0,Credential Stuffing
19,17,1,11,0,1.808,0.599,1,1.859,2.141,0.224,0,0.0,0.0,0,0,1,0,0,Brute Force
2,0,0,0,1,0.328,0.65,0,0.0,0.0,0.0,1,35.0,122.294,0,0,1,0,0,Malware Download
19,19,2,16,0,4.813,0.464,0,1.722,2.304,0.18,0,0.0,0.0,0,0,0,1,0,Brute Force
35,34,18,25,0,4.652,0.148,1,3.195,3.379,0.039,0,0.0,0.0,0,1,0,0,0,Credential Stuffing
26,24,14,17,0,4.534,0.153,2,3.405,3.912,0.102,0,0.0,0.0,1,0,0,0,0,Credential Stuffing
24,24,2,20,0,7.21,0.329,2,1.493,1.683,0.109,0,0.0,0.0,0,0,0,1,0,Brute Force
42,42,20,25,0,12.735,0.231,2,3.338,3.74,0.0,0,0.0,0.0,0,1,0,0,0,Credential Stuffing
24,1,0,0,24,2.269,0.157,5,0.0,0.0,0.0,18,16.29,244.659,0,1,0,0,0,Web Enumeration
8,1,0,0,2,0.134,0.767,0,2.765,2.429,0.196,1,8.4,12.417,0,0,0,0,1,Unknown Behaviour
5,3,1,0,0,1.319,1.415,2,1.451,3.251,0.095,2,10.4,38.442,0,0,0,1,0,Unknown Behaviour
17,1,0,0,17,1.654,0.124,3,0.0,0.0,0.0,12,12.03,367.449,0,1,0,0,0,Web Enumeration
9,1,1,1,0,4.677,0.297,0,1.048,1.179,0.14,5,19.3,6.115,0,0,0,0,1,Unknown Behaviour
4,0,0,0,0,2.83,4.339,2,3.53,0.519,0.802,2,29.8,48.308,0,1,0,0,0,Unknown Behaviour
32,32,15,26,0,8.814,0.253,3,3.261,3.539,0.045,0,0.0,0.0,0,1,0,0,0,Credential Stuffing
21,0,0,0,20,4.644,0.016,5,0.0,0.0,0.0,18,11.01,201.757,0,1,0,0,0,Web Enumeration
5,1,1,1,3,0.236,0.357,0,0.0,0.0,0.0,3,20.17,162.666,0,0,1,0,0,Malware Download
9,2,0,1,6,2.775,1.478,0,0.015,2.738,0.482,3,6.14,94.957,1,0,0,0,0,Unknown Behaviour
2,0,1,1,1,1.555,0.441,0,0.0,0.0,0.0,1,30.47,130.932,0,0,1,0,0,Malware Download
3,1,1,1,1,0.846,0.427,0,0.0,0.0,0.0,1,24.93,96.965,0,1,0,0,0,Malware Download
3,0,1,0,1,1.002,0.688,0,0.0,0.0,0.0,1,19.37,155.335,0,1,0,0,0,Malware Download
9,3,0,0,0,2.743,3.216,1,0.443,2.347,0.296,4,2.89,32.048,1,0,0,0,0,Unknown Behaviour
6,2,0,1,4,2.292,0.436,2,0.0,0.0,0.0,2,65.18,30.835,0,0,0,0,1,Exploit Attempt
12,1,0,1,11,0.245,0.128,6,0.0,0.0,0.0,11,6.52,306.084,0,1,0,0,0,Web Enumeration
20,1,1,0,20,2.57,0.329,1,0.0,0.0,0.0,13,13.33,242.564,0,1,0,0,0,Web Enumeration
35,34,2,36,0,10.469,0.253,4,2.114,1.907,0.097,0,0.0,0.0,0,0,0,1,0,Brute Force
6,2,0,0,4,1.392,0.484,0,0.0,0.0,0.0,2,50.88,11.012,0,1,0,0,0,Exploit Attempt
11,0,0,0,7,0.826,0.064,2,0.0,0.0,0.0,12,9.89,273.206,0,1,0,0,0,Recon Scan
5,0,0,0,4,0.915,0.081,2,0.0,0.0,0.0,3,14.52,144.134,0,1,0,0,0,Recon Scan
23,0,0,1,23,1.363,0.21,0,0.0,0.0,0.0,16,16.14,215.944,0,1,0,0,0,Web Enumeration
9,1,0,0,10,1.957,0.232,0,0.606,1.005,0.855,2,28.55,6.398,0,0,1,0,0,Unknown Behaviour
14,0,0,0,11,1.83,0.139,2,0.0,0.0,0.0,11,4.88,239.702,0,1,0,0,0,Recon Scan
13,0,0,0,8,2.416,0.095,3,0.0,0.0,0.0,10,5.12,241.158,0,0,0,1,0,Recon Scan
22,1,1,1,22,0.854,0.038,8,0.0,0.0,0.0,20,14.55,279.505,0,1,0,0,0,Web Enumeration
19,17,8,10,0,3.896,0.244,2,3.107,3.106,0.06,0,0.0,0.0,0,0,1,0,0,Credential Stuffing
11,1,0,0,10,1.617,0.124,3,0.0,0.0,0.0,6,14.01,137.505,0,1,0,0,0,Web Enumeration
1,0,3,1,3,1.675,2.18,1,1.081,0.879,0.186,0,0.34,85.58,0,1,0,0,0,Unknown Behaviour
32,30,17,17,0,6.81,0.03,2,3.032,3.345,0.096,0,0.0,0.0,0,0,1,0,0,Credential Stuffing
4,0,0,1,2,1.03,0.394,0,0.0,0.0,0.0,2,34.71,89.061,0,1,0,0,0,Malware Download
1,3,1,1,0,4.956,4.064,0,1.313,0.078,0.084,0,16.96,16.369,0,0,0,1,0,Unknown Behaviour
14,0,0,0,11,0.052,0.097,4,0.0,0.0,0.0,8,9.57,132.711,0,0,0,1,0,Recon Scan
21,1,1,1,21,3.712,0.05,2,0.0,0.0,0.0,17,11.08,265.779,0,1,0,0,0,Web Enumeration
6,0,0,0,1,1.837,0.766,0,0.94,2.079,0.098,1,23.12,19.224,0,0,0,0,1,Unknown Behaviour
3,1,0,0,5,4.38,0.297,0,0.801,1.513,0.419,3,26.32,23.139,1,0,0,0,0,Unknown Behaviour
40,40,21,30,0,8.283,0.052,1,3.783,3.757,0.044,0,0.0,0.0,0,1,0,0,0,Credential Stuffing
16,1,1,1,16,2.175,0.387,1,0.0,0.0,0.0,19,16.99,188.021,0,1,0,0,0,Web Enumeration
6,0,0,0,5,1.891,0.011,3,0.0,0.0,0.0,6,12.18,281.55,0,1,0,0,0,Recon Scan
13,2,0,1,4,4.553,3.364,0,1.598,1.966,0.635,4,35.34,7.467,0,1,0,0,0,Unknown Behaviour
17,1,0,0,16,0.622,0.29,3,0.0,0.0,0.0,14,15.73,299.985,0,1,0,0,0,Web Enumeration
26,25,16,16,0,6.055,0.287,1,3.384,3.331,0.004,0,0.0,0.0,0,1,0,0,0,Credential Stuffing
50,48,27,39,0,8.446,0.141,0,2.929,3.238,0.057,0,0.0,0.0,0,1,0,0,0,Credential Stuffing
2,1,1,1,1,2.512,0.862,0,0.0,0.0,0.0,1,32.16,90.156,0,0,1,0,0,Malware Download
3,1,1,1,3,1.378,1.909,3,1.146,1.903,0.933,2,19.37,45.173,0,0,0,0,1,Unknown Behaviour
28,27,10,19,0,4.651,0.331,2,3.709,3.691,0.029,0,0.0,0.0,0,0,1,0,0,Credential Stuffing
24,24,1,20,0,7.875,0.303,3,2.099,2.367,0.071,0,0.0,0.0,1,0,0,0,0,Brute Force
3,0,0,0,2,0.742,0.079,0,0.0,0.0,0.0,2,25.98,35.422,0,0,1,0,0,Malware Download
39,37,26,33,0,10.54,0.183,0,3.599,3.834,0.113,0,0.0,0.0,1,0,0,0,0,Credential Stuffing
14,0,0,1,1,0.333,0.522,2,0.369,0.858,0.076,4,2.11,26.304,0,0,0,1,0,Unknown Behaviour
3,0,1,0,2,2.257,0.431,0,0.0,0.0,0.0,3,56.22,33.906,0,1,0,0,0,Exploit Attempt
5,0,1,1,3,2.666,0.351,1,0.0,0.0,0.0,3,24.86,117.085,0,0,1,0,0,Malware Download
14,2,0,0,0,5.614,2.023,0,3.32,1.011,0.596,2,43.99,60.122,0,1,0,0,0,Unknown Behaviour
3,0,0,0,5,1.669,0.15,2,0.0,0.0,0.0,0,9.78,217.984,0,1,0,0,0,Recon Scan
12,0,0,0,7,1.39,0.098,1,0.0,0.0,0.0,7,6.77,275.461,0,1,0,0,0,Recon Scan
24,24,1,20,0,9.351,0.647,0,1.593,1.949,0.308,0,0.0,0.0,1,0,0,0,0,Brute Force
6,1,1,0,4,5.543,0.447,2,1.206,1.918,0.029,2,15.06,39.733,0,1,0,0,0,Unknown Behaviour
3,5,0,0,3,1.837,2.007,1,0.156,1.844,0.137,5,21.44,1.994,0,0,0,0,1,Unknown Behaviour
18,17,2,16,0,4.63,0.396,2,2.015,1.973,0.346,0,0.0,0.0,1,0,0,0,0,Brute Force
5,1,0,0,3,1.849,1.133,0,3.494,1.395,0.253,2,46.69,40.109,0,0,0,0,1,Unknown Behaviour
18,16,1,16,0,4.275,0.275,3,1.675,2.337,0.256,0,0.0,0.0,1,0,0,0,0,Brute Force
30,29,1,23,0,9.373,0.484,3,1.859,2.65,0.249,0,0.0,0.0,0,0,1,0,0,Brute Force
13,0,0,0,10,3.593,0.179,4,0.0,0.0,0.0,7,5.66,291.469,0,0,1,0,0,Recon Scan
26,1,0,1,25,2.785,0.021,4,0.0,0.0,0.0,25,9.03,212.998,0,1,0,0,0,Web Enumeration
3,0,0,3,4,0.553,1.042,2,2.906,0.903,0.234,0,24.98,71.039,0,1,0,0,0,Unknown Behaviour
2,0,0,0,1,2.704,0.97,2,3.237,2.984,0.871,2,9.72,49.503,0,0,0,0,1,Unknown Behaviour
12,0,0,0,8,1.63,0.097,1,0.0,0.0,0.0,5,10.7,63.887,0,0,0,1,0,Recon Scan
16,0,0,0,11,1.541,0.097,5,0.0,0.0,0.0,9,12.05,247.98,0,1,0,0,0,Recon Scan
24,1,0,1,23,2.114,0.124,2,0.0,0.0,0.0,18,12.62,343.355,0,1,0,0,0,Web Enumeration
19,1,1,0,18,4.037,0.153,2,0.0,0.0,0.0,21,18.8,318.348,0,1,0,0,0,Web Enumeration
11,0,0,0,4,2.206,0.017,4,0.0,0.0,0.0,5,5.52,193.485,0,1,0,0,0,Recon Scan
11,0,0,1,9,0.741,0.453,1,0.0,0.0,0.0,7,59.78,32.661,0,1,0,0,0,Exploit Attempt
19,19,1,21,0,6.708,0.296,1,1.989,2.697,0.114,0,0.0,0.0,0,0,1,0,0,Brute Force
3,1,1,0,1,0.533,0.438,0,0.0,0.0,0.0,1,32.38,54.124,0,0,1,0,0,Malware Download
3,1,1,1,2,0.353,0.478,0,0.0,0.0,0.0,2,33.51,68.414,0,1,0,0,0,Malware Download
7,0,0,0,5,1.568,0.106,4,0.0,0.0,0.0,6,5.74,230.542,1,0,0,0,0,Recon Scan
5,1,0,1,3,0.087,0.613,1,0.0,0.0,0.0,1,68.92,53.892,0,1,0,0,0,Exploit Attempt
20,19,2,16,0,8.24,0.22,2,1.883,1.621,0.294,0,0.0,0.0,1,0,0,0,0,Brute Force
3,0,1,0,2,0.934,0.593,0,0.0,0.0,0.0,2,19.51,78.08,0,1,0,0,0,Malware Download
9,0,1,2,6,0.716,0.348,1,0.138,1.038,0.086,1,6.07,63.076,0,0,1,0,0,Unknown Behaviour
7,3,1,0,0,1.46,0.463,2,0.654,2.85,0.857,3,14.13,25.719,0,0,1,0,0,Unknown Behaviour
4,1,1,1,3,0.737,0.102,0,0.0,0.0,0.0,3,30.04,106.17,0,0,1,0,0,Malware Download
8,1,0,1,6,3.437,0.011,0,0.0,0.0,0.0,6,70.99,17.416,0,0,1,0,0,Exploit Attempt
7,5,1,4,0,2.307,0.34,1,1.742,2.202,0.272,0,0.0,0.0,0,0,0,1,0,Brute Force
35,33,27,29,0,5.409,0.273,2,3.793,3.443,0.058,0,0.0,0.0,0,1,0,0,0,Credential Stuffing
17,0,0,0,14,2.326,0.114,6,0.0,0.0,0.0,12,10.49,241.98,0,0,0,0,1,Recon Scan
17,16,1,16,0,8.479,0.358,1,2.136,2.021,0.097,0,0.0,0.0,0,0,1,0,0,Brute Force
19,19,1,18,0,5.227,0.232,1,1.898,1.604,0.217,0,0.0,0.0,1,0,0,0,0,Brute Force
19,0,0,0,14,1.914,0.088,4,0.0,0.0,0.0,13,10.34,289.918,0,0,0,0,1,Recon Scan
13,0,0,0,7,0.81,0.103,3,0.0,0.0,0.0,10,11.11,228.294,0,0,0,1,0,Recon Scan
9,1,3,1,1,3.808,1.315,1,1.493,0.679,0.364,0,13.44,75.608,0,0,0,1,0,Unknown Behaviour
2,1,1,0,1,1.9,0.395,0,0.0,0.0,0.0,1,44.68,104.682,0,1,0,0,0,Malware Download
19,0,1,0,18,2.459,0.164,2,0.0,0.0,0.0,13,15.31,366.038,0,1,0,0,0,Web Enumeration
25,24,1,15,0,5.68,0.447,1,1.651,2.824,0.287,0,0.0,0.0,1,0,0,0,0,Brute Force
28,0,1,0,28,5.213,0.223,4,0.0,0.0,0.0,27,6.33,315.693,0,1,0,0,0,Web Enumeration
14,0,0,1,0,2.204,2.44,0,2.327,2.959,0.04,1,34.98,37.569,0,1,0,0,0,Unknown Behaviour
4,6,0,0,5,1.759,1.493,0,0.429,2.355,0.222,5,0.27,32.386,0,0,0,1,0,Unknown Behaviour
9,0,0,0,4,0.755,0.097,6,0.0,0.0,0.0,4,8.75,260.509,0,1,0,0,0,Recon Scan
13,0,0,0,10,1.263,0.039,2,0.0,0.0,0.0,8,9.72,306.449,0,0,1,0,0,Recon Scan
3,1,0,1,1,0.559,0.471,0,0.0,0.0,0.0,1,26.74,132.912,0,0,1,0,0,Malware Download
4,0,1,0,3,0.881,0.721,1,0.0,0.0,0.0,3,28.33,97.899,0,1,0,0,0,Malware Download
11,0,0,0,9,1.579,0.157,3,0.0,0.0,0.0,8,6.03,247.019,0,1,0,0,0,Recon Scan
2,4,1,0,2,6.224,0.402,4,2.111,1.641,0.0,2,2.16,51.913,0,0,0,1,0,Unknown Behaviour
2,1,0,0,1,0.007,0.801,0,0.0,0.0,0.0,1,21.13,56.197,0,0,1,0,0,Malware Download
6,0,1,1,5,1.32,0.975,0,0.0,0.0,0.0,2,38.46,21.129,0,0,0,0,1,Exploit Attempt
22,20,1,15,0,8.305,0.158,1,2.275,2.317,0.055,0,0.0,0.0,0,0,1,0,0,Brute Force
12,0,0,1,11,1.296,0.166,1,0.0,0.0,0.0,7,14.69,315.999,0,1,0,0,0,Web Enumeration
4,0,0,0,3,0.622,0.669,0,0.0,0.0,0.0,1,82.7,20.099,0,0,0,0,1,Exploit Attempt
23,23,1,19,0,9.988,0.508,2,1.868,2.548,0.186,0,0.0,0.0,1,0,0,0,0,Brute Force
31,29,1,25,0,13.553,0.177,2,1.675,3.014,0.251,0,0.0,0.0,0,0,1,0,0,Brute Force
31,29,16,20,0,7.578,0.058,0,3.301,4.084,0.092,0,0.0,0.0,0,1,0,0,0,Credential Stuffing
8,0,1,0,6,1.828,0.366,0,0.0,0.0,0.0,2,48.88,27.181,0,1,0,0,0,Exploit Attempt
4,0,1,0,2,0.696,0.372,0,0.0,0.0,0.0,2,32.55,93.2,0,1,0,0,0,Malware Download
4,0,0,0,2,0.611,0.438,1,0.0,0.0,0.0,2,37.1,82.314,0,1,0,0,0,Malware Download
8,2,1,0,6,1.48,1.134,0,0.0,0.0,0.0,4,46.8,26.246,0,0,0,0,1,Exploit Attempt
9,0,0,0,8,2.263,0.122,0,0.0,0.0,0.0,7,5.9,234.117,0,0,0,0,1,Recon Scan
31,29,2,20,0,11.077,0.253,3,1.503,2.302,0.199,0,0.0,0.0,1,0,0,0,0,Brute Force
6,1,0,0,4,0.538,0.084,2,0.0,0.0,0.0,2,84.31,7.939,0,0,0,0,1,Exploit Attempt
20,0,0,1,19,4.636,0.196,2,0.0,0.0,0.0,14,12.05,157.064,0,1,0,0,0,Web Enumeration
3,0,0,1,2,4.216,0.006,0,0.0,0.0,0.0,1,91.45,59.097,0,0,0,0,1,Exploit Attempt
11,0,0,0,9,1.038,0.133,5,0.0,0.0,0.0,8,8.22,93.539,0,1,0,0,0,Recon Scan
9,0,0,0,8,2.706,0.166,3,0.0,0.0,0.0,9,16.32,298.492,0,1,0,0,0,Web Enumeration
6,1,1,0,4,1.691,0.74,0,0.0,0.0,0.0,3,71.0,23.023,0,0,1,0,0,Exploit Attempt
6,2,0,1,4,3.26,0.551,1,0.0,0.0,0.0,3,36.14,38.068,0,0,0,0,1,Exploit Attempt
2,0,1,0,1,1.006,0.377,0,0.0,0.0,0.0,1,42.22,78.333,0,1,0,0,0,Malware Download
1,0,0,0,3,2.453,1.449,0,0.942,0.779,0.225,2,13.85,41.518,0,0,0,0,1,Unknown Behaviour
2,1,1,1,1,0.689,0.26,1,0.0,0.0,0.0,1,33.49,121.74,0,1,0,0,0,Malware Download
28,0,0,0,27,6.551,0.05,2,0.0,0.0,0.0,19,9.86,228.349,0,1,0,0,0,Web Enumeration
16,1,1,0,16,0.365,0.187,1,0.0,0.0,0.0,16,20.23,248.504,0,1,0,0,0,Web Enumeration
29,29,2,25,0,4.453,0.309,2,1.59,2.359,0.151,0,0.0,0.0,1,0,0,0,0,Brute Force
2,0,1,0,1,0.67,0.274,0,0.0,0.0,0.0,1,25.16,50.595,0,1,0,0,0,Malware Download
2,0,1,1,1,1.679,0.508,0,0.0,0.0,0.0,1,26.26,134.155,0,1,0,0,0,Malware Download
17,0,0,0,13,2.315,0.065,5,0.0,0.0,0.0,10,12.27,352.638,0,1,0,0,0,Recon Scan
30,28,13,26,0,7.067,0.227,1,3.104,4.133,0.075,0,0.0,0.0,0,1,0,0,0,Credential Stuffing
3,0,1,1,1,3.663,2.31,4,0.187,0.398,0.148,3,11.22,42.49,0,0,0,1,0,Unknown Behaviour
16,0,0,0,9,1.802,0.151,0,0.0,0.0,0.0,11,9.82,201.954,0,1,0,0,0,Recon Scan
1,1,0,3,5,5.342,4.042,1,1.081,0.944,0.398,3,15.03,39.072,0,0,0,0,1,Unknown Behaviour
4,1,0,0,3,1.156,1.726,1,1.405,0.685,0.502,1,7.65,75.06,1,0,0,0,0,Unknown Behaviour
26,26,1,21,0,7.312,0.297,0,1.552,1.851,0.241,0,0.0,0.0,1,0,0,0,0,Brute Force
9,0,0,0,6,1.021,0.14,6,0.0,0.0,0.0,5,7.73,238.845,0,0,1,0,0,Recon Scan
11,0,0,0,11,1.173,0.12,7,0.0,0.0,0.0,5,7.86,174.826,0,1,0,0,0,Recon Scan
2,0,1,1,1,1.115,0.236,0,0.0,0.0,0.0,1,27.43,88.323,0,0,1,0,0,Malware Download
15,0,0,0,12,2.759,0.095,3,0.0,0.0,0.0,15,10.18,176.831,0,0,0,0,1,Recon Scan
4,0,1,0,2,0.431,0.338,2,0.0,0.0,0.0,2,25.5,112.347,0,0,1,0,0,Malware Download
15,0,1,0,14,3.62,0.066,2,0.0,0.0,0.0,14,14.59,270.239,0,1,0,0,0,Web Enumeration
6,1,1,0,5,1.614,0.288,0,0.0,0.0,0.0,2,46.07,62.2,0,1,0,0,0,Exploit Attempt
27,0,0,0,27,4.785,0.175,2,0.0,0.0,0.0,17,4.92,405.333,0,1,0,0,0,Web Enumeration
24,23,13,15,0,4.614,0.172,1,3.877,3.725,0.035,0,0.0,0.0,0,1,0,0,0,Credential Stuffing
19,0,0,1,19,5.838,0.275,3,0.0,0.0,0.0,12,10.17,200.319,0,1,0,0,0,Web Enumeration
3,0,0,0,0,0.313,0.082,3,0.0,0.0,0.0,0,6.04,168.349,0,0,0,1,0,Recon Scan
5,2,0,1,3,2.718,0.828,0,0.0,0.0,0.0,2,22.67,36.454,0,1,0,0,0,Exploit Attempt
22,21,2,20,0,4.622,0.197,1,2.008,2.835,0.264,0,0.0,0.0,0,0,0,1,0,Brute Force
24,1,0,0,24,3.168,0.142,2,0.0,0.0,0.0,21,11.23,247.235,0,1,0,0,0,Web Enumeration
35,34,1,27,0,10.594,0.27,4,2.002,2.382,0.252,0,0.0,0.0,0,0,0,1,0,Brute Force
33,33,18,30,0,6.512,0.325,2,3.362,3.836,0.082,0,0.0,0.0,0,0,1,0,0,Credential Stuffing
23,1,0,0,22,2.62,0.183,6,0.0,0.0,0.0,17,16.2,321.471,0,1,0,0,0,Web Enumeration
3,1,1,1,1,0.381,0.25,0,0.0,0.0,0.0,1,38.48,146.186,0,0,1,0,0,Malware Download
22,22,8,24,0,4.379,0.293,1,3.346,3.59,0.094,0,0.0,0.0,0,1,0,0,0,Credential Stuffing
13,0,0,1,3,3.505,0.928,0,4.352,0.244,0.084,3,0.22,13.528,0,0,0,0,1,Unknown Behaviour
4,0,1,0,2,1.02,0.452,0,0.0,0.0,0.0,2,19.54,79.038,0,1,0,0,0,Malware Download
3,5,0,0,3,3.325,1.108,2,1.503,3.679,0.284,0,6.72,48.853,1,0,0,0,0,Unknown Behaviour
32,30,1,25,0,11.471,0.294,2,1.768,2.485,0.288,0,0.0,0.0,0,0,0,1,0,Brute Force
16,1,1,0,16,4.586,0.103,2,0.0,0.0,0.0,6,7.48,343.303,0,1,0,0,0,Web Enumeration
6,0,0,1,4,1.534,0.099,2,0.0,0.0,0.0,3,46.68,45.427,0,0,0,0,1,Exploit Attempt
25,24,10,12,0,3.874,0.287,2,3.868,3.825,0.071,0,0.0,0.0,0,1,0,0,0,Credential Stuffing
10,2,0,1,0,2.883,2.212,0,2.475,1.178,0.217,4,4.54,87.369,0,1,0,0,0,Unknown Behaviour
3,2,1,1,2,2.515,0.83,1,0.0,0.0,0.0,1,21.38,24.621,0,0,1,0,0,Exploit Attempt
4,1,0,1,2,0.083,0.392,1,0.0,0.0,0.0,2,31.17,141.275,0,0,1,0,0,Malware Download
24,23,1,20,0,7.228,0.21,1,1.864,2.282,0.145,0,0.0,0.0,1,0,0,0,0,Brute Force
5,0,0,1,3,2.39,0.568,1,0.0,0.0,0.0,2,67.99,55.044,0,1,0,0,0,Exploit Attempt
14,0,0,0,13,1.627,0.053,1,0.0,0.0,0.0,13,7.36,100.951,0,1,0,0,0,Recon Scan
40,40,22,32,0,6.452,0.18,3,3.16,3.6,0.078,0,0.0,0.0,1,0,0,0,0,Credential Stuffing
7,1,1,0,5,3.568,1.125,0,0.0,0.0,0.0,4,71.38,46.622,0,1,0,0,0,Exploit Attempt
2,1,1,0,1,1.782,0.65,0,0.0,0.0,0.0,1,113.26,29.496,0,0,0,0,1,Exploit Attempt
42,40,19,27,0,7.279,0.077,1,3.35,3.364,0.085,0,0.0,0.0,0,0,1,0,0,Credential Stuffing
4,0,0,0,2,0.952,0.357,0,0.0,0.0,0.0,2,8.7,98.413,0,0,1,0,0,Malware Download
13,1,1,1,13,0.061,0.088,0,0.0,0.0,0.0,9,18.79,176.972,0,1,0,0,0,Web Enumeration
2,0,0,0,1,0.828,0.138,0,0.0,0.0,0.0,1,17.66,74.262,0,1,0,0,0,Malware Download
28,28,10,18,0,4.644,0.133,2,3.575,4.281,0.049,0,0.0,0.0,0,1,0,0,0,Credential Stuffing
5,1,0,1,4,1.58,0.72,1,0.0,0.0,0.0,1,91.91,54.65,0,0,1,0,0,Exploit Attempt
3,0,1,0,2,2.268,0.591,0,0.0,0.0,0.0,2,29.41,108.64,0,0,1,0,0,Malware Download
18,0,0,1,17,3.679,0.166,4,0.0,0.0,0.0,17,13.87,141.259,0,1,0,0,0,Web Enumeration
2,1,1,0,1,2.507,0.604,0,0.0,0.0,0.0,1,38.93,127.191,0,1,0,0,0,Malware Download
17,0,0,0,14,2.124,0.058,8,0.0,0.0,0.0,12,11.14,123.509,0,0,1,0,0,Recon Scan
10,0,0,0,7,0.252,0.105,6,0.0,0.0,0.0,4,10.01,165.051,0,1,0,0,0,Recon Scan
4,0,0,1,2,2.543,0.112,1,0.0,0.0,0.0,1,106.91,37.179,0,0,0,0,1,Exploit Attempt
7,0,0,1,6,1.987,0.142,3,0.0,0.0,0.0,5,72.09,22.882,0,1,0,0,0,Exploit Attempt
4,0,1,0,3,1.447,0.638,1,0.0,0.0,0.0,2,64.97,47.671,0,1,0,0,0,Exploit Attempt
4,2,1,1,3,4.218,1.011,1,0.0,0.0,0.0,1,45.83,30.484,0,1,0,0,0,Exploit Attempt
22,1,0,0,21,4.137,0.277,1,0.0,0.0,0.0,13,13.94,320.062,0,1,0,0,0,Web Enumeration
8,3,2,0,3,3.627,0.505,0,1.53,3.744,0.381,0,12.64,15.607,0,0,0,1,0,Unknown Behaviour
35,34,1,30,0,10.762,0.446,1,2.148,2.375,0.075,0,0.0,0.0,0,0,1,0,0,Brute Force
3,0,0,0,0,3.001,0.12,2,0.0,0.0,0.0,1,9.04,264.144,0,0,0,1,0,Recon Scan
26,24,2,26,0,8.77,0.112,2,1.528,1.705,0.199,0,0.0,0.0,0,0,1,0,0,Brute Force
24,22,17,20,0,5.935,0.221,3,3.782,3.685,0.045,0,0.0,0.0,0,1,0,0,0,Credential Stuffing
6,1,1,1,5,2.434,0.568,1,0.0,0.0,0.0,3,74.38,33.493,0,1,0,0,0,Exploit Attempt
17,16,1,10,0,5.654,0.436,1,1.609,2.11,0.103,0,0.0,0.0,1,0,0,0,0,Brute Force
32,30,7,23,0,3.272,0.363,4,3.656,3.528,0.01,0,0.0,0.0,0,1,0,0,0,Credential Stuffing
16,0,0,0,17,0.923,0.099,7,0.0,0.0,0.0,8,12.08,158.901,0,1,0,0,0,Recon Scan
9,0,1,0,6,1.503,1.702,1,2.203,1.543,0.502,3,7.21,41.25,0,0,0,1,0,Unknown Behaviour
8,0,0,0,6,2.116,0.027,3,0.0,0.0,0.0,8,5.77,272.186,0,0,0,1,0,Recon Scan
3,1,1,0,1,1.544,0.299,0,0.0,0.0,0.0,1,27.7,105.011,0,0,1,0,0,Malware Download
26,0,0,1,25,2.081,0.113,3,0.0,0.0,0.0,17,19.31,379.015,0,1,0,0,0,Web Enumeration
9,3,1,0,6,1.795,1.779,0,2.425,0.359,0.0,3,0.3,14.77,0,1,0,0,0,Unknown Behaviour
5,0,1,0,4,0.261,0.757,3,0.037,2.065,0.601,2,13.24,115.028,0,1,0,0,0,Unknown Behaviour
17,0,0,0,14,1.114,0.088,0,0.0,0.0,0.0,12,3.72,265.108,0,0,0,1,0,Recon Scan
9,0,0,0,5,2.116,0.016,0,0.0,0.0,0.0,5,13.65,193.856,0,0,0,0,1,Recon Scan
21,1,0,1,21,1.551,0.215,4,0.0,0.0,0.0,22,21.06,283.133,0,1,0,0,0,Web Enumeration
23,23,1,21,0,4.375,0.381,0,2.175,2.165,0.265,0,0.0,0.0,1,0,0,0,0,Brute Force
46,45,28,34,0,8.621,0.058,4,3.317,3.235,0.1,0,0.0,0.0,0,1,0,0,0,Credential Stuffing
13,0,0,0,8,0.217,0.136,4,0.0,0.0,0.0,7,13.35,193.561,1,0,0,0,0,Recon Scan
2,0,0,1,1,0.463,0.517,0,0.0,0.0,0.0,1,37.56,146.601,0,0,1,0,0,Malware Download
23,23,1,22,0,7.078,0.203,3,1.239,2.439,0.31,0,0.0,0.0,0,0,1,0,0,Brute Force
3,0,0,0,1,0.752,0.2,0,0.0,0.0,0.0,1,33.15,83.09,0,0,1,0,0,Malware Download
15,1,0,1,15,2.905,0.058,4,0.0,0.0,0.0,11,15.14,217.604,0,1,0,0,0,Web Enumeration
2,0,1,1,1,1.002,0.501,0,0.0,0.0,0.0,1,23.36,95.738,0,0,1,0,0,Malware Download
12,0,0,0,7,2.962,0.14,4,0.0,0.0,0.0,3,6.05,261.266,0,1,0,0,0,Recon Scan
2,0,0,2,3,5.783,5.343,1,3.002,0.361,0.676,0,14.72,51.475,0,0,0,1,0,Unknown Behaviour
5,0,0,0,0,0.444,1.325,0,0.475,1.841,0.293,1,1.45,10.528,0,0,0,1,0,Unknown Behaviour
2,0,0,1,1,0.977,0.713,0,0.0,0.0,0.0,1,34.39,99.493,0,1,0,0,0,Malware Download
22,0,1,0,21,4.257,0.215,4,0.0,0.0,0.0,17,9.3,254.625,0,1,0,0,0,Web Enumeration
21,1,0,1,21,5.113,0.087,2,0.0,0.0,0.0,17,18.37,267.412,0,1,0,0,0,Web Enumeration
28,0,1,1,27,4.578,0.128,2,0.0,0.0,0.0,28,13.34,165.179,0,1,0,0,0,Web Enumeration
15,0,0,1,15,0.73,0.178,5,0.0,0.0,0.0,12,11.88,324.696,0,1,0,0,0,Web Enumeration
24,24,1,20,0,9.655,0.172,2,1.92,1.677,0.074,0,0.0,0.0,1,0,0,0,0,Brute Force
2,1,1,0,1,1.069,0.431,0,0.0,0.0,0.0,1,22.52,110.741,0,1,0,0,0,Malware Download
16,0,0,0,14,1.269,0.13,3,0.0,0.0,0.0,13,10.91,148.571,0,1,0,0,0,Recon Scan
16,0,1,0,16,3.003,0.263,6,0.0,0.0,0.0,13,12.93,218.011,0,1,0,0,0,Web Enumeration
33,31,1,29,0,9.642,0.183,4,1.794,2.61,0.0,0,0.0,0.0,0,0,1,0,0,Brute Force
2,0,0,0,1,0.549,0.278,0,0.0,0.0,0.0,1,23.91,116.253,0,0,1,0,0,Malware Download
23,1,0,0,22,1.221,0.128,0,0.0,0.0,0.0,19,12.15,272.953,0,1,0,0,0,Web Enumeration
24,23,1,24,0,6.738,0.227,1,2.008,1.942,0.0,0,0.0,0.0,0,0,0,1,0,Brute Force
31,29,1,31,0,12.129,0.448,2,1.598,2.587,0.167,0,0.0,0.0,0,0,0,1,0,Brute Force
15,13,12,4,0,1.09,0.252,1,3.343,3.246,0.05,0,0.0,0.0,1,0,0,0,0,Credential Stuffing
16,0,0,1,15,1.601,0.146,2,0.0,0.0,0.0,15,17.39,131.53,0,1,0,0,0,Web Enumeration
4,1,1,1,2,2.305,0.561,1,0.0,0.0,0.0,2,42.55,96.723,0,0,1,0,0,Malware Download
2,1,0,1,1,1.181,0.393,0,0.0,0.0,0.0,1,28.37,88.913,0,0,1,0,0,Malware Download
6,1,0,0,4,1.491,0.683,2,0.0,0.0,0.0,2,66.18,32.78,0,0,0,0,1,Exploit Attempt
4,0,0,0,6,10.037,0.148,1,2.446,0.881,0.002,5,25.29,42.748,0,0,1,0,0,Unknown Behaviour
8,0,0,0,4,4.539,0.467,1,0.86,1.416,0.26,4,12.02,64.747,0,1,0,0,0,Unknown Behaviour
10,0,0,0,6,1.359,0.153,4,0.0,0.0,0.0,6,5.89,119.519,0,1,0,0,0,Recon Scan
27,27,1,28,0,6.619,0.294,2,2.019,1.993,0.115,0,0.0,0.0,0,0,0,1,0,Brute Force
24,24,14,25,0,2.492,0.052,1,2.985,3.185,0.075,0,0.0,0.0,0,1,0,0,0,Credential Stuffing
26,1,0,0,25,0.135,0.051,2,0.0,0.0,0.0,24,21.52,248.503,0,1,0,0,0,Web Enumeration
12,0,0,0,10,0.795,0.091,4,0.0,0.0,0.0,10,7.82,251.27,0,1,0,0,0,Recon Scan
3,1,0,1,2,0.976,0.453,0,0.0,0.0,0.0,2,23.77,101.021,0,0,1,0,0,Malware Download
3,1,0,1,1,1.002,0.527,0,0.0,0.0,0.0,1,22.54,103.875,0,0,1,0,0,Malware Download
33,31,2,29,0,10.607,0.378,3,1.354,1.7,0.121,0,0.0,0.0,0,0,1,0,0,Brute Force
20,20,12,5,0,3.369,0.191,0,3.854,3.422,0.041,0,0.0,0.0,0,0,1,0,0,Credential Stuffing
24,24,1,22,0,9.678,0.101,2,2.209,2.225,0.169,0,0.0,0.0,0,0,1,0,0,Brute Force
2,1,0,0,1,2.298,0.85,1,0.0,0.0,0.0,1,58.57,49.795,0,1,0,0,0,Exploit Attempt
34,33,2,31,0,6.327,0.467,1,2.115,1.911,0.085,0,0.0,0.0,1,0,0,0,0,Brute Force
40,38,1,35,0,10.76,0.564,0,1.679,1.912,0.206,0,0.0,0.0,1,0,0,0,0,Brute Force
7,0,0,0,5,0.914,0.108,2,0.0,0.0,0.0,4,8.29,175.937,0,1,0,0,0,Recon Scan
38,37,24,24,0,10.799,0.12,4,4.007,3.754,0.091,0,0.0,0.0,0,0,1,0,0,Credential Stuffing
9,0,0,0,0,0.52,0.843,0,1.723,1.268,0.351,1,16.03,20.107,0,0,0,1,0,Unknown Behaviour
26,26,1,24,0,8.934,0.01,0,2.492,1.881,0.229,0,0.0,0.0,1,0,0,0,0,Brute Force
21,20,2,21,0,8.264,0.246,1,1.882,2.613,0.304,0,0.0,0.0,1,0,0,0,0,Brute Force
6,1,0,1,4,2.649,0.374,1,0.0,0.0,0.0,1,67.18,97.666,0,1,0,0,0,Exploit Attempt
2,2,1,0,1,3.368,0.716,1,0.0,0.0,0.0,1,64.7,20.869,0,0,1,0,0,Exploit Attempt
13,0,1,0,13,3.424,0.119,2,0.0,0.0,0.0,11,11.16,295.854,0,1,0,0,0,Web Enumeration
3,0,0,1,1,0.003,0.636,0,0.0,0.0,0.0,1,28.66,98.867,0,1,0,0,0,Malware Download
23,0,0,0,23,2.956,0.054,1,0.0,0.0,0.0,19,16.29,301.43,0,1,0,0,0,Web Enumeration
33,32,1,29,0,9.062,0.366,2,1.785,1.768,0.192,0,0.0,0.0,1,0,0,0,0,Brute Force
19,1,0,0,19,2.374,0.116,3,0.0,0.0,0.0,15,17.35,194.66,0,1,0,0,0,Web Enumeration
22,21,2,16,0,7.856,0.241,2,1.761,2.32,0.094,0,0.0,0.0,1,0,0,0,0,Brute Force
18,18,10,19,0,5.387,0.148,1,3.834,4.039,0.0,0,0.0,0.0,1,0,0,0,0,Credential Stuffing
3,1,1,1,2,1.344,0.663,1,0.0,0.0,0.0,2,26.99,117.744,0,0,1,0,0,Malware Download
16,0,0,0,11,1.091,0.102,6,0.0,0.0,0.0,11,5.4,252.633,0,0,0,0,1,Recon Scan
37,35,15,25,0,7.487,0.11,2,3.308,3.383,0.052,0,0.0,0.0,0,0,1,0,0,Credential Stuffing
23,1,0,0,23,1.967,0.095,3,0.0,0.0,0.0,19,12.04,234.515,0,1,0,0,0,Web Enumeration
9,0,0,0,5,7.527,0.382,0,1.591,1.491,0.0,1,23.96,19.206,0,0,1,0,0,Unknown Behaviour
10,2,0,2,1,1.812,0.3,3,0.906,0.302,1.0,0,13.54,3.672,1,0,0,0,0,Unknown Behaviour
10,0,0,0,5,0.222,0.109,7,0.0,0.0,0.0,7,8.64,237.15,0,1,0,0,0,Recon Scan
28,1,0,0,28,4.722,0.329,4,0.0,0.0,0.0,24,15.73,277.923,0,1,0,0,0,Web Enumeration
4,1,1,1,2,1.353,0.116,0,0.0,0.0,0.0,2,23.85,75.896,0,0,1,0,0,Malware Download
62,62,42,47,0,13.66,0.267,0,3.022,3.581,0.082,0,0.0,0.0,0,0,1,0,0,Credential Stuffing
25,23,1,19,0,9.323,0.08,1,1.741,2.211,0.052,0,0.0,0.0,1,0,0,0,0,Brute Force
3,0,1,1,1,1.595,0.432,0,0.0,0.0,0.0,1,50.58,60.251,0,1,0,0,0,Malware Download
12,2,0,1,1,3.553,0.881,0,2.603,1.861,0.257,5,43.46,47.567,1,0,0,0,0,Unknown Behaviour
28,27,1,22,0,9.545,0.243,1,2.083,1.648,0.308,0,0.0,0.0,0,0,0,1,0,Brute Force
11,0,0,0,8,2.64,0.16,3,0.0,0.0,0.0,7,10.99,184.889,0,0,0,1,0,Recon Scan
32,31,19,24,0,7.349,0.166,0,3.328,3.523,0.0,0,0.0,0.0,0,0,1,0,0,Credential Stuffing
24,22,9,18,0,9.115,0.275,2,3.508,3.075,0.005,0,0.0,0.0,0,1,0,0,0,Credential Stuffing
32,30,1,26,0,12.284,0.347,2,2.213,2.445,0.108,0,0.0,0.0,1,0,0,0,0,Brute Force
32,0,0,1,31,3.572,0.149,5,0.0,0.0,0.0,27,13.61,356.561,0,1,0,0,0,Web Enumeration
19,0,0,0,18,5.071,0.187,7,0.0,0.0,0.0,13,22.5,313.781,0,1,0,0,0,Web Enumeration
15,13,2,11,0,2.816,0.412,1,1.55,3.039,0.179,0,0.0,0.0,0,0,1,0,0,Brute Force
4,0,1,1,2,1.727,0.638,3,0.0,0.0,0.0,2,69.76,97.783,0,0,0,0,1,Exploit Attempt
13,0,0,0,15,3.016,0.085,2,0.0,0.0,0.0,8,10.53,213.687,0,0,0,0,1,Recon Scan
7,1,0,0,4,6.781,3.489,0,0.32,0.535,0.247,1,0.03,29.189,0,1,0,0,0,Unknown Behaviour
13,0,0,0,8,1.87,0.133,2,0.0,0.0,0.0,9,7.13,188.41,1,0,0,0,0,Recon Scan
14,0,0,0,9,1.056,0.075,5,0.0,0.0,0.0,9,9.41,285.247,0,0,0,0,1,Recon Scan
4,2,0,0,3,2.667,0.626,2,0.0,0.0,0.0,2,35.22,72.886,0,0,0,0,1,Exploit Attempt
23,1,0,1,23,2.202,0.167,5,0.0,0.0,0.0,18,13.91,188.185,0,1,0,0,0,Web Enumeration
5,0,1,0,3,0.977,0.646,0,0.0,0.0,0.0,3,33.42,120.361,0,0,1,0,0,Malware Download
7,1,0,1,6,3.374,0.005,0,0.0,0.0,0.0,4,77.04,5.697,0,1,0,0,0,Exploit Attempt
2,1,0,0,1,2.124,0.317,0,0.0,0.0,0.0,1,7.77,114.707,0,0,1,0,0,Malware Download
22,20,1,17,0,4.329,0.291,0,1.951,2.206,0.104,0,0.0,0.0,0,0,0,1,0,Brute Force
3,0,0,0,2,1.027,0.15,0,0.0,0.0,0.0,2,32.96,124.44,0,1,0,0,0,Malware Download
40,40,24,32,0,9.323,0.225,0,3.664,4.119,0.027,0,0.0,0.0,0,1,0,0,0,Credential Stuffing
33,31,1,21,0,11.458,0.317,0,2.252,1.955,0.146,0,0.0,0.0,0,0,1,0,0,Brute Force
4,0,1,0,2,1.923,0.39,0,0.0,0.0,0.0,2,22.11,61.056,0,0,1,0,0,Malware Download
36,35,1,36,0,9.797,0.26,4,2.098,3.18,0.2,0,0.0,0.0,1,0,0,0,0,Brute Force
3,0,0,0,1,0.68,0.102,3,0.0,0.0,0.0,4,12.56,232.167,0,0,0,0,1,Recon Scan
7,0,1,1,5,3.726,0.731,2,0.0,0.0,0.0,5,39.26,14.313,0,1,0,0,0,Exploit Attempt
38,37,2,35,0,13.394,0.174,3,2.454,2.197,0.183,0,0.0,0.0,0,0,1,0,0,Brute Force
13,0,0,0,16,2.351,0.065,5,0.0,0.0,0.0,8,7.53,274.516,0,1,0,0,0,Recon Scan
7,0,1,1,6,2.684,0.571,2,0.0,0.0,0.0,6,59.6,55.899,0,0,1,0,0,Exploit Attempt
10,9,1,10,0,7.757,0.241,1,1.567,2.383,0.196,0,0.0,0.0,1,0,0,0,0,Brute Force
29,1,0,1,28,3.53,0.181,4,0.0,0.0,0.0,20,9.49,169.048,0,1,0,0,0,Web Enumeration
7,0,0,0,4,1.025,0.066,3,0.0,0.0,0.0,7,9.6,368.309,0,0,0,0,1,Recon Scan
31,31,10,22,0,2.452,0.278,0,3.017,3.754,0.092,0,0.0,0.0,0,0,1,0,0,Credential Stuffing
3,2,1,0,1,2.772,0.748,0,0.0,0.0,0.0,1,100.04,36.848,0,1,0,0,0,Exploit Attempt
4,1,0,0,2,1.903,0.387,0,0.0,0.0,0.0,2,25.19,94.786,0,0,1,0,0,Malware Download
16,1,0,1,15,2.92,0.107,3,0.0,0.0,0.0,11,13.11,177.708,0,1,0,0,0,Web Enumeration
5,2,0,0,4,1.179,0.275,1,0.0,0.0,0.0,3,44.0,55.063,0,1,0,0,0,Exploit Attempt
12,0,0,0,5,1.977,0.1,4,0.0,0.0,0.0,10,3.14,101.57,0,1,0,0,0,Recon Scan
38,36,20,33,0,4.472,0.061,0,3.403,3.961,0.026,0,0.0,0.0,0,1,0,0,0,Credential Stuffing
21,0,0,0,14,1.397,0.19,6,0.0,0.0,0.0,13,9.67,220.12,0,0,0,1,0,Recon Scan
8,1,0,0,2,1.062,0.87,2,1.806,0.515,0.255,5,10.39,31.595,1,0,0,0,0,Unknown Behaviour
32,31,1,26,0,7.383,0.511,1,2.139,2.115,0.147,0,0.0,0.0,0,0,0,1,0,Brute Force
15,14,1,16,0,1.774,0.281,2,2.159,2.163,0.055,0,0.0,0.0,0,0,0,1,0,Brute Force
22,1,1,1,21,5.247,0.212,4,0.0,0.0,0.0,19,18.63,331.518,0,1,0,0,0,Web Enumeration
3,1,0,1,1,0.758,0.693,0,0.0,0.0,0.0,1,16.37,43.821,0,0,1,0,0,Malware Download
28,28,2,23,0,10.036,0.09,0,2.0,1.437,0.177,0,0.0,0.0,0,0,1,0,0,Brute Force
11,0,0,0,12,1.018,0.15,4,0.0,0.0,0.0,9,7.66,217.026,0,1,0,0,0,Recon Scan
22,0,0,0,22,3.755,0.147,3,0.0,0.0,0.0,21,13.91,53.928,0,1,0,0,0,Web Enumeration
16,0,0,0,12,0.192,0.099,2,0.0,0.0,0.0,10,8.76,117.661,0,0,0,0,1,Recon Scan
31,30,19,26,0,6.434,0.112,1,3.263,3.347,0.063,0,0.0,0.0,0,1,0,0,0,Credential Stuffing
8,1,0,0,5,5.844,4.143,1,0.704,1.123,0.266,1,20.74,47.18,1,0,0,0,0,Unknown Behaviour
29,0,1,0,28,2.763,0.09,1,0.0,0.0,0.0,20,14.05,319.35,0,1,0,0,0,Web Enumeration
27,1,0,1,26,2.791,0.123,1,0.0,0.0,0.0,18,16.08,301.668,0,1,0,0,0,Web Enumeration
32,0,1,0,32,1.98,0.05,1,0.0,0.0,0.0,26,23.25,240.319,0,1,0,0,0,Web Enumeration
39,38,1,36,0,8.747,0.267,1,1.858,2.639,0.224,0,0.0,0.0,0,0,0,1,0,Brute Force
2,0,1,0,1,0.964,0.335,1,0.0,0.0,0.0,1,27.1,76.101,0,0,1,0,0,Malware Download
3,1,1,0,1,0.816,0.11,0,0.0,0.0,0.0,1,28.81,76.617,0,0,1,0,0,Malware Download
8,0,1,1,8,3.074,0.103,5,0.0,0.0,0.0,4,10.74,262.526,0,1,0,0,0,Web Enumeration
31,31,1,28,0,11.778,0.286,2,2.416,2.949,0.179,0,0.0,0.0,1,0,0,0,0,Brute Force
2,0,1,0,1,0.807,0.509,0,0.0,0.0,0.0,1,24.42,122.177,0,0,1,0,0,Malware Download
17,1,1,0,17,3.078,0.199,4,0.0,0.0,0.0,14,18.38,233.755,0,1,0,0,0,Web Enumeration
3,2,1,1,1,5.368,0.531,3,0.032,1.236,0.71,0,16.75,11.232,0,0,1,0,0,Unknown Behaviour
24,1,1,0,23,6.887,0.075,1,0.0,0.0,0.0,16,20.25,316.146,0,1,0,0,0,Web Enumeration
1,2,1,2,3,0.749,0.06,1,1.863,0.906,0.0,0,15.27,59.611,0,0,0,0,1,Unknown Behaviour
10,10,3,16,0,2.413,0.285,0,1.821,2.133,0.245,0,0.0,0.0,0,0,0,1,0,Brute Force
10,0,0,0,1,5.853,1.236,0,0.065,0.44,0.0,2,2.96,45.987,0,0,0,1,0,Unknown Behaviour
7,1,0,1,5,3.028,0.638,0,0.0,0.0,0.0,2,62.73,64.312,0,1,0,0,0,Exploit Attempt
3,1,0,0,2,0.624,0.649,1,0.0,0.0,0.0,2,43.44,49.847,0,0,1,0,0,Malware Download
4,2,0,0,3,3.655,0.675,0,0.0,0.0,0.0,3,58.81,1.841,0,0,1,0,0,Exploit Attempt
12,0,0,0,9,2.596,0.129,5,0.0,0.0,0.0,7,5.86,185.937,0,0,0,1,0,Recon Scan
4,0,1,1,2,1.669,0.216,0,0.0,0.0,0.0,2,25.45,114.649,0,1,0,0,0,Malware Download
36,35,20,23,0,10.516,0.093,2,3.46,3.78,0.118,0,0.0,0.0,0,1,0,0,0,Credential Stuffing
7,0,0,0,1,2.787,0.059,3,0.0,0.0,0.0,3,9.8,162.968,0,0,0,1,0,Recon Scan
19,0,0,0,19,3.191,0.089,3,0.0,0.0,0.0,11,16.76,185.788,0,1,0,0,0,Web Enumeration
13,0,0,0,6,2.427,0.123,1,0.0,0.0,0.0,8,9.79,223.148,0,1,0,0,0,Recon Scan
8,1,0,1,6,3.434,0.753,0,0.0,0.0,0.0,3,60.92,26.303,0,0,0,0,1,Exploit Attempt
10,10,6,9,0,3.926,0.193,1,3.996,3.602,0.079,0,0.0,0.0,0,0,1,0,0,Credential Stuffing
12,0,0,0,7,1.915,0.129,4,0.0,0.0,0.0,8,8.22,308.697,1,0,0,0,0,Recon Scan
19,18,16,9,0,0.3,0.213,1,2.949,3.758,0.0,0,0.0,0.0,0,1,0,0,0,Credential Stuffing
4,1,1,1,2,0.918,0.459,0,0.0,0.0,0.0,2,37.83,98.859,0,0,1,0,0,Malware Download
29,28,1,19,0,5.489,0.128,0,2.024,2.388,0.265,0,0.0,0.0,1,0,0,0,0,Brute Force
8,0,0,0,7,4.869,0.013,3,0.0,0.0,0.0,4,16.29,282.195,0,1,0,0,0,Web Enumeration
11,1,1,0,1,2.359,0.405,1,1.802,2.183,0.492,6,30.79,21.71,0,0,0,1,0,Unknown Behaviour
8,2,0,1,3,1.274,2.099,0,0.268,2.033,0.576,1,9.74,25.485,1,0,0,0,0,Unknown Behaviour
2,2,0,0,1,1.293,0.457,0,0.0,0.0,0.0,1,61.67,63.209,0,0,0,0,1,Exploit Attempt
5,0,1,1,3,1.829,0.409,1,0.0,0.0,0.0,2,97.29,35.95,0,0,0,0,1,Exploit Attempt
2,0,1,0,1,1.165,0.283,0,0.0,0.0,0.0,1,15.21,65.088,0,0,1,0,0,Malware Download
16,0,0,1,15,1.485,0.159,3,0.0,0.0,0.0,11,9.99,205.057,0,1,0,0,0,Web Enumeration
4,1,1,0,2,0.562,0.519,0,0.0,0.0,0.0,2,39.41,143.189,0,1,0,0,0,Malware Download
8,0,1,0,6,2.009,1.17,1,0.0,0.0,0.0,3,66.39,36.95,0,1,0,0,0,Exploit Attempt
17,0,1,1,16,1.758,0.138,4,0.0,0.0,0.0,12,12.66,262.571,0,1,0,0,0,Web Enumeration
27,25,3,18,0,7.09,0.206,1,1.675,2.185,0.223,0,0.0,0.0,1,0,0,0,0,Brute Force
29,29,2,24,0,9.606,0.298,1,1.869,2.291,0.288,0,0.0,0.0,1,0,0,0,0,Brute Force
4,0,0,1,2,1.82,0.255,0,0.0,0.0,0.0,2,24.15,113.781,0,0,1,0,0,Malware Download
7,2,1,0,5,1.539,0.953,1,0.0,0.0,0.0,3,77.07,26.485,0,1,0,0,0,Exploit Attempt
6,3,2,0,2,4.394,1.878,0,1.506,0.7,0.294,0,22.62,14.638,0,1,0,0,0,Unknown Behaviour
30,1,0,0,30,0.136,0.216,0,0.0,0.0,0.0,22,15.33,216.495,0,1,0,0,0,Web Enumeration
15,1,0,0,1,1.802,1.461,1,0.437,0.581,0.0,2,17.73,25.108,0,1,0,0,0,Unknown Behaviour
8,0,0,0,4,1.845,0.119,6,0.0,0.0,0.0,7,8.6,145.348,0,1,0,0,0,Recon Scan
43,42,23,29,0,8.552,0.108,3,3.4,3.554,0.074,0,0.0,0.0,0,0,1,0,0,Credential Stuffing
7,2,1,0,5,3.249,0.533,0,0.0,0.0,0.0,4,56.87,11.94,0,1,0,0,0,Exploit Attempt
5,0,0,1,4,0.392,0.258,1,0.0,0.0,0.0,2,46.93,28.194,0,0,0,0,1,Exploit Attempt
2,0,1,0,1,0.132,0.495,0,0.0,0.0,0.0,1,32.74,62.725,0,1,0,0,0,Malware Download
21,19,8,13,0,7.93,0.065,1,3.429,3.509,0.093,0,0.0,0.0,0,0,1,0,0,Credential Stuffing
3,0,1,0,1,1.414,0.994,0,0.0,0.0,0.0,1,51.38,104.719,0,0,1,0,0,Malware Download
4,1,0,1,2,0.569,0.332,0,0.0,0.0,0.0,2,40.75,64.254,0,0,1,0,0,Malware Download
7,2,0,1,1,2.534,2.968,0,2.716,2.034,0.566,2,40.14,41.538,0,1,0,0,0,Unknown Behaviour
23,23,1,23,0,11.095,0.036,1,2.279,1.721,0.225,0,0.0,0.0,0,0,1,0,0,Brute Force
3,1,1,1,1,0.547,0.589,0,0.0,0.0,0.0,1,29.02,82.724,0,0,1,0,0,Malware Download
28,27,2,23,0,7.769,0.1,1,1.522,1.561,0.093,0,0.0,0.0,1,0,0,0,0,Brute Force
3,1,0,1,1,0.704,0.316,0,0.0,0.0,0.0,1,19.91,94.88,0,0,1,0,0,Malware Download
17,6,0,0,4,0.739,2.274,1,1.646,0.509,0.064,1,37.27,67.658,0,0,0,1,0,Unknown Behaviour
6,0,1,1,4,2.069,0.239,0,0.0,0.0,0.0,2,87.27,23.526,0,1,0,0,0,Exploit Attempt
35,33,1,32,0,11.739,0.356,3,1.196,2.184,0.156,0,0.0,0.0,1,0,0,0,0,Brute Force
21,20,1,19,0,2.869,0.528,1,2.215,2.251,0.229,0,0.0,0.0,0,0,1,0,0,Brute Force
36,35,20,28,0,4.705,0.262,0,2.851,3.563,0.042,0,0.0,0.0,0,1,0,0,0,Credential Stuffing
10,10,6,11,0,1.527,0.317,3,3.208,4.079,0.052,0,0.0,0.0,1,0,0,0,0,Credential Stuffing
3,0,0,1,0,2.872,1.197,1,0.03,1.548,0.12,3,19.66,18.416,0,0,1,0,0,Unknown Behaviour
6,0,0,0,8,1.038,0.099,3,0.0,0.0,0.0,2,8.29,367.495,1,0,0,0,0,Recon Scan
3,1,0,0,2,0.329,0.444,1,0.0,0.0,0.0,2,29.29,80.767,0,1,0,0,0,Malware Download
21,1,1,0,21,2.855,0.046,2,0.0,0.0,0.0,16,21.72,275.408,0,1,0,0,0,Web Enumeration
34,33,23,28,0,2.207,0.27,1,3.301,3.567,0.0,0,0.0,0.0,0,1,0,0,0,Credential Stuffing
4,2,1,0,3,1.207,0.109,0,0.0,0.0,0.0,2,82.78,47.058,0,1,0,0,0,Exploit Attempt
6,2,0,0,4,2.545,0.585,1,0.0,0.0,0.0,1,106.78,71.795,0,1,0,0,0,Exploit Attempt
35,33,1,28,0,7.977,0.278,1,1.597,3.057,0.217,0,0.0,0.0,0,0,1,0,0,Brute Force
6,0,2,0,1,1.643,2.5,0,2.153,0.726,0.0,0,10.77,43.358,0,0,0,0,1,Unknown Behaviour
2,0,1,1,1,1.588,0.003,0,0.0,0.0,0.0,1,10.42,73.545,0,1,0,0,0,Malware Download
8,2,1,1,6,0.229,0.743,0,0.0,0.0,0.0,4,62.68,11.645,0,1,0,0,0,Exploit Attempt
5,1,0,0,4,0.691,0.416,2,0.0,0.0,0.0,1,49.95,62.129,0,0,0,0,1,Exploit Attempt
22,22,1,21,0,5.437,0.37,1,1.039,2.106,0.266,0,0.0,0.0,1,0,0,0,0,Brute Force
49,47,25,25,0,11.489,0.166,0,3.223,3.476,0.102,0,0.0,0.0,0,1,0,0,0,Credential Stuffing
4,0,1,1,3,0.506,0.572,0,0.0,0.0,0.0,3,41.91,96.606,0,1,0,0,0,Malware Download
25,23,1,22,0,5.904,0.137,1,1.76,2.17,0.256,0,0.0,0.0,1,0,0,0,0,Brute Force
23,23,15,17,0,7.732,0.158,2,3.582,3.338,0.047,0,0.0,0.0,0,1,0,0,0,Credential Stuffing
7,2,0,0,5,3.53,0.632,0,0.0,0.0,0.0,4,103.55,68.271,0,1,0,0,0,Exploit Attempt
8,2,1,0,6,3.479,1.049,3,0.0,0.0,0.0,4,74.16,56.349,0,1,0,0,0,Exploit Attempt
5,2,1,0,4,2.62,0.63,0,0.0,0.0,0.0,3,48.36,58.263,0,1,0,0,0,Exploit Attempt
25,25,2,28,0,5.871,0.379,2,2.016,2.46,0.204,0,0.0,0.0,1,0,0,0,0,Brute Force
12,0,0,0,8,3.12,0.118,3,0.0,0.0,0.0,10,2.49,99.154,0,0,0,0,1,Recon Scan
18,0,0,0,15,2.405,0.085,2,0.0,0.0,0.0,16,9.65,268.293,0,0,0,0,1,Recon Scan
11,0,1,0,11,1.427,0.069,3,0.0,0.0,0.0,12,9.4,337.939,0,1,0,0,0,Web Enumeration
44,42,23,32,0,9.523,0.282,3,3.322,3.653,0.073,0,0.0,0.0,0,1,0,0,0,Credential Stuffing
10,1,0,1,9,2.637,0.136,1,0.0,0.0,0.0,4,6.7,215.955,0,1,0,0,0,Web Enumeration
18,0,0,0,14,1.948,0.127,1,0.0,0.0,0.0,13,4.82,182.463,0,1,0,0,0,Recon Scan
2,1,1,1,1,0.09,0.598,0,0.0,0.0,0.0,1,26.03,42.035,0,1,0,0,0,Malware Download
13,0,0,0,8,0.8,0.083,1,0.0,0.0,0.0,8,9.36,196.027,0,0,0,0,1,Recon Scan
7,1,0,0,6,2.037,0.346,1,0.0,0.0,0.0,3,80.13,59.7,0,0,1,0,0,Exploit Attempt
28,27,19,19,0,1.469,0.07,2,2.841,3.511,0.0,0,0.0,0.0,1,0,0,0,0,Credential Stuffing
12,12,1,7,0,4.226,0.12,2,1.587,2.111,0.132,0,0.0,0.0,0,0,1,0,0,Brute Force
35,34,22,26,0,8.698,0.192,1,3.46,3.192,0.059,0,0.0,0.0,0,0,1,0,0,Credential Stuffing
4,0,0,0,2,1.696,0.212,0,0.0,0.0,0.0,2,31.93,90.097,0,0,1,0,0,Malware Download
4,1,1,1,3,2.615,0.267,0,0.0,0.0,0.0,1,64.15,18.999,0,0,1,0,0,Exploit Attempt
26,24,18,16,0,5.933,0.231,0,3.556,3.176,0.075,0,0.0,0.0,0,1,0,0,0,Credential Stuffing
34,32,1,30,0,7.631,0.284,0,1.299,2.596,0.12,0,0.0,0.0,1,0,0,0,0,Brute Force
19,1,1,0,19,3.241,0.005,2,0.0,0.0,0.0,13,15.13,34.253,0,1,0,0,0,Web Enumeration
25,25,16,19,0,3.692,0.174,3,3.099,3.348,0.1,0,0.0,0.0,0,0,1,0,0,Credential Stuffing
11,9,1,8,0,3.037,0.357,2,1.821,2.414,0.26,0,0.0,0.0,1,0,0,0,0,Brute Force
16,0,1,0,16,2.25,0.064,5,0.0,0.0,0.0,14,18.03,313.153,0,1,0,0,0,Web Enumeration
4,0,0,0,3,1.458,0.179,0,0.0,0.0,0.0,1,77.04,45.11,0,1,0,0,0,Exploit Attempt
8,0,0,0,8,2.47,0.05,4,0.0,0.0,0.0,5,10.66,233.84,0,0,0,1,0,Recon Scan
6,2,0,1,5,1.197,0.78,1,0.0,0.0,0.0,3,44.45,24.952,0,1,0,0,0,Exploit Attempt
5,0,1,0,3,1.68,0.556,0,0.0,0.0,0.0,1,72.63,54.321,0,1,0,0,0,Exploit Attempt
10,3,0,1,0,2.05,2.006,2,1.582,0.097,0.0,1,29.57,47.988,0,1,0,0,0,Unknown Behaviour
31,31,11,18,0,3.96,0.235,1,3.715,3.324,0.073,0,0.0,0.0,0,1,0,0,0,Credential Stuffing
7,1,0,0,5,3.222,0.656,5,0.091,2.128,0.373,6,20.8,54.046,0,1,0,0,0,Unknown Behaviour
7,0,1,1,5,4.195,0.721,0,0.0,0.0,0.0,1,46.38,52.626,0,1,0,0,0,Exploit Attempt
3,1,1,0,2,1.222,0.768,0,0.0,0.0,0.0,2,26.54,32.786,0,1,0,0,0,Malware Download
19,0,0,0,14,1.76,0.151,3,0.0,0.0,0.0,12,2.17,258.459,0,0,0,0,1,Recon Scan
41,40,25,35,0,5.426,0.188,1,3.327,3.733,0.075,0,0.0,0.0,0,1,0,0,0,Credential Stuffing
5,0,1,1,3,1.053,0.341,1,0.0,0.0,0.0,3,44.8,54.182,0,0,1,0,0,Malware Download
8,0,0,0,5,2.277,0.122,3,0.0,0.0,0.0,5,4.88,205.71,0,0,1,0,0,Recon Scan
34,32,27,24,0,4.309,0.047,4,3.931,3.323,0.021,0,0.0,0.0,0,1,0,0,0,Credential Stuffing
5,2,0,1,0,0.606,1.619,2,2.19,1.586,0.37,1,21.15,111.397,0,1,0,0,0,Unknown Behaviour
19,0,0,0,15,0.735,0.118,7,0.0,0.0,0.0,16,14.49,158.814,1,0,0,0,0,Recon Scan
3,0,1,0,1,0.802,0.162,0,0.0,0.0,0.0,1,36.36,91.208,0,0,1,0,0,Malware Download
18,16,2,15,0,1.094,0.155,2,1.906,1.222,0.279,0,0.0,0.0,1,0,0,0,0,Brute Force
3,1,1,1,2,1.103,0.505,1,0.0,0.0,0.0,2,25.13,113.27,0,1,0,0,0,Malware Download
15,0,0,0,14,4.083,0.218,2,0.0,0.0,0.0,11,11.41,271.741,0,1,0,0,0,Web Enumeration
8,0,1,1,8,6.018,0.268,1,0.0,0.0,0.0,8,11.62,260.188,0,1,0,0,0,Web Enumeration
10,0,0,0,8,0.066,0.132,2,0.0,0.0,0.0,9,1.82,172.806,0,1,0,0,0,Recon Scan
1,0,1,1,5,5.224,0.503,1,1.867,0.616,0.0,5,1.73,28.886,0,0,1,0,0,Unknown Behaviour
25,23,14,19,0,4.994,0.3,2,3.533,3.821,0.0,0,0.0,0.0,0,1,0,0,0,Credential Stuffing
20,1,0,1,19,3.545,0.189,3,0.0,0.0,0.0,15,17.99,212.799,0,1,0,0,0,Web Enumeration
5,1,0,1,3,3.139,0.536,0,0.0,0.0,0.0,4,101.97,1.477,0,1,0,0,0,Exploit Attempt
16,14,14,15,0,3.501,0.217,4,3.763,3.947,0.068,0,0.0,0.0,1,0,0,0,0,Credential Stuffing
33,33,1,30,0,8.951,0.173,3,2.016,2.496,0.3,0,0.0,0.0,1,0,0,0,0,Brute Force
10,0,0,0,3,0.964,0.055,7,0.0,0.0,0.0,3,4.68,286.598,0,1,0,0,0,Recon Scan
4,1,0,0,2,0.326,0.272,0,0.0,0.0,0.0,2,29.09,73.507,0,0,1,0,0,Malware Download
1,0,0,2,5,0.635,1.513,4,0.45,1.187,0.454,0,41.45,11.093,0,0,1,0,0,Unknown Behaviour
31,29,2,28,0,9.592,0.439,3,1.768,1.762,0.214,0,0.0,0.0,1,0,0,0,0,Brute Force
2,1,1,0,1,0.423,0.447,1,0.0,0.0,0.0,1,22.38,110.113,0,0,1,0,0,Malware Download
11,1,1,1,3,5.515,0.874,0,1.671,0.067,0.0,2,28.43,24.843,1,0,0,0,0,Unknown Behaviour
4,1,0,1,3,2.744,0.597,2,0.0,0.0,0.0,1,52.8,60.758,0,1,0,0,0,Exploit Attempt
5,2,1,0,4,2.778,0.851,1,0.0,0.0,0.0,3,83.94,33.869,0,0,0,0,1,Exploit Attempt
3,1,0,0,1,6.965,0.811,0,2.178,0.995,0.462,0,4.07,34.882,0,1,0,0,0,Unknown Behaviour
7,0,0,1,6,4.358,0.181,4,0.0,0.0,0.0,3,10.94,266.283,0,1,0,0,0,Web Enumeration
22,0,0,0,22,2.665,0.006,2,0.0,0.0,0.0,17,9.7,312.349,0,1,0,0,0,Web Enumeration
28,28,1,28,0,8.669,0.57,3,1.964,2.401,0.191,0,0.0,0.0,0,0,0,1,0,Brute Force
11,3,1,1,4,2.239,2.178,2,0.128,0.157,0.0,6,21.61,11.665,0,0,0,0,1,Unknown Behaviour
14,0,0,0,15,2.221,0.173,2,0.0,0.0,0.0,10,6.17,206.334,0,1,0,0,0,Recon Scan
3,1,1,1,1,0.984,0.449,0,0.0,0.0,0.0,1,20.71,88.174,0,0,1,0,0,Malware Download
35,35,21,29,0,3.892,0.225,1,3.439,3.611,0.06,0,0.0,0.0,1,0,0,0,0,Credential Stuffing
20,20,11,13,0,4.084,0.187,1,3.276,3.209,0.053,0,0.0,0.0,0,0,1,0,0,Credential Stuffing
37,37,32,26,0,10.265,0.202,0,3.364,3.601,0.008,0,0.0,0.0,0,1,0,0,0,Credential Stuffing
2,3,1,2,0,7.77,0.894,2,4.062,0.804,0.196,0,0.03,16.807,1,0,0,0,0,Unknown Behaviour
17,1,1,0,16,2.607,0.353,5,0.0,0.0,0.0,12,11.91,59.769,0,1,0,0,0,Web Enumeration
9,1,0,0,0,7.109,2.705,0,3.319,1.612,0.0,1,39.53,2.794,0,1,0,0,0,Unknown Behaviour
6,0,0,1,4,1.007,0.531,0,0.0,0.0,0.0,2,86.96,14.941,0,0,0,0,1,Exploit Attempt
41,40,19,27,0,6.468,0.211,2,3.758,3.913,0.05,0,0.0,0.0,0,1,0,0,0,Credential Stuffing
3,0,0,0,1,1.022,0.419,0,0.0,0.0,0.0,1,86.5,44.367,0,0,0,0,1,Exploit Attempt
43,43,24,30,0,11.154,0.254,2,3.21,3.728,0.007,0,0.0,0.0,1,0,0,0,0,Credential Stuffing
17,0,0,1,17,3.173,0.137,3,0.0,0.0,0.0,15,13.77,344.258,0,1,0,0,0,Web Enumeration
3,1,0,0,1,2.768,1.177,0,0.349,1.411,0.0,0,22.34,77.588,0,1,0,0,0,Unknown Behaviour
10,10,1,10,0,0.276,0.488,2,1.827,1.962,0.23,0,0.0,0.0,1,0,0,0,0,Brute Force
26,24,1,21,0,7.12,0.326,1,2.464,2.241,0.226,0,0.0,0.0,1,0,0,0,0,Brute Force
1,0,0,1,2,1.38,3.058,1,0.355,1.796,0.662,1,29.49,25.63,0,0,0,1,0,Unknown Behaviour
9,2,0,0,1,5.316,1.747,0,2.772,0.279,0.676,0,1.25,24.111,0,0,0,1,0,Unknown Behaviour
5,0,1,0,3,0.317,0.186,1,0.0,0.0,0.0,3,17.78,86.455,0,1,0,0,0,Malware Download
21,0,0,0,17,1.888,0.092,5,0.0,0.0,0.0,15,12.76,188.721,0,1,0,0,0,Recon Scan
9,1,1,0,2,2.209,3.355,2,1.764,2.288,0.596,2,34.8,101.336,1,0,0,0,0,Unknown Behaviour
23,1,0,0,23,4.344,0.17,2,0.0,0.0,0.0,20,15.38,335.725,0,1,0,0,0,Web Enumeration
4,0,0,1,2,0.76,0.33,2,0.0,0.0,0.0,1,89.36,20.287,0,0,0,0,1,Exploit Attempt
3,1,1,1,1,1.157,0.259,1,0.0,0.0,0.0,1,31.44,124.306,0,0,1,0,0,Malware Download
3,0,0,1,2,1.202,0.115,0,0.0,0.0,0.0,2,32.28,100.922,0,0,1,0,0,Malware Download
4,2,1,1,2,1.789,0.468,0,0.0,0.0,0.0,1,95.47,57.517,0,0,0,0,1,Exploit Attempt
37,37,19,30,0,9.208,0.083,1,3.327,3.725,0.05,0,0.0,0.0,0,1,0,0,0,Credential Stuffing
19,1,0,0,19,4.142,0.229,4,0.0,0.0,0.0,15,20.21,322.462,0,1,0,0,0,Web Enumeration
27,25,17,14,0,3.655,0.21,2,3.371,3.674,0.053,0,0.0,0.0,0,1,0,0,0,Credential Stuffing
30,30,1,27,0,6.993,0.039,0,1.886,1.458,0.136,0,0.0,0.0,0,0,1,0,0,Brute Force
14,0,0,0,11,1.684,0.198,1,0.0,0.0,0.0,9,9.91,175.824,0,0,0,0,1,Recon Scan
4,0,0,1,3,3.423,0.296,0,0.0,0.0,0.0,3,52.16,75.581,0,0,0,0,1,Exploit Attempt
16,0,0,0,8,2.629,0.097,1,0.0,0.0,0.0,10,5.95,271.974,0,1,0,0,0,Recon Scan
2,1,0,1,1,0.903,0.489,1,0.0,0.0,0.0,1,23.73,102.88,0,1,0,0,0,Malware Download
45,45,1,37,0,14.064,0.108,3,1.613,2.33,0.111,0,0.0,0.0,0,0,0,1,0,Brute Force
35,33,1,29,0,13.276,0.125,0,1.902,1.866,0.159,0,0.0,0.0,1,0,0,0,0,Brute Force
9,0,1,0,7,1.448,0.922,1,0.0,0.0,0.0,6,68.55,39.059,0,0,1,0,0,Exploit Attempt
4,1,1,1,2,0.802,0.29,0,0.0,0.0,0.0,2,15.18,44.293,0,1,0,0,0,Malware Download
4,2,1,1,2,1.392,1.202,1,0.0,0.0,0.0,1,13.36,53.763,0,0,0,0,1,Exploit Attempt
3,1,1,1,2,1.158,0.392,0,0.0,0.0,0.0,2,27.38,79.19,0,1,0,0,0,Malware Download
2,0,0,0,1,1.062,0.403,0,0.0,0.0,0.0,1,30.52,123.558,0,1,0,0,0,Malware Download
2,2,1,0,0,1.106,1.882,0,1.187,0.35,0.0,2,28.95,88.632,0,1,0,0,0,Unknown Behaviour
20,0,1,0,19,0.192,0.026,6,0.0,0.0,0.0,14,21.61,288.221,0,1,0,0,0,Web Enumeration
2,1,0,1,1,1.637,0.098,0,0.0,0.0,0.0,1,19.22,37.851,0,0,1,0,0,Malware Download
31,29,17,29,0,5.805,0.135,2,3.155,3.76,0.067,0,0.0,0.0,0,1,0,0,0,Credential Stuffing
12,0,0,0,9,1.253,0.124,1,0.0,0.0,0.0,5,7.96,265.847,0,0,0,0,1,Recon Scan
21,20,2,18,0,9.564,0.413,2,1.88,2.05,0.186,0,0.0,0.0,1,0,0,0,0,Brute Force
30,28,12,23,0,2.901,0.153,0,3.25,3.579,0.009,0,0.0,0.0,0,1,0,0,0,Credential Stuffing
22,0,1,1,21,2.609,0.162,2,0.0,0.0,0.0,22,18.04,280.299,0,1,0,0,0,Web Enumeration
33,32,23,26,0,9.099,0.237,0,3.537,3.801,0.028,0,0.0,0.0,1,0,0,0,0,Credential Stuffing
9,1,0,0,2,1.142,1.211,1,0.328,1.458,0.085,2,25.85,22.95,0,0,0,1,0,Unknown Behaviour
16,0,0,0,17,2.502,0.171,4,0.0,0.0,0.0,7,3.47,235.305,1,0,0,0,0,Recon Scan
26,0,0,0,26,3.364,0.148,6,0.0,0.0,0.0,17,11.66,197.885,0,1,0,0,0,Web Enumeration
4,0,1,0,3,2.041,0.403,1,0.0,0.0,0.0,3,43.67,115.058,0,1,0,0,0,Malware Download
15,0,0,0,8,0.747,0.15,6,0.0,0.0,0.0,8,3.42,225.942,0,1,0,0,0,Recon Scan
39,38,24,25,0,7.243,0.31,3,3.161,3.436,0.01,0,0.0,0.0,0,1,0,0,0,Credential Stuffing
36,36,1,30,0,9.462,0.288,1,2.799,1.869,0.198,0,0.0,0.0,1,0,0,0,0,Brute Force
8,2,0,1,6,0.571,0.39,1,0.0,0.0,0.0,6,69.36,38.926,0,0,0,0,1,Exploit Attempt
3,0,0,1,1,0.792,0.181,0,0.0,0.0,0.0,1,25.31,83.177,0,0,1,0,0,Malware Download
3,1,1,1,1,1.049,0.388,1,0.0,0.0,0.0,1,25.24,83.678,0,1,0,0,0,Malware Download
10,0,0,0,8,2.81,0.02,1,0.0,0.0,0.0,3,6.62,246.378,0,0,0,0,1,Recon Scan
1,0,0,0,1,6.22,1.129,3,0.391,1.441,0.684,5,22.05,2.22,0,1,0,0,0,Unknown Behaviour
30,29,27,26,0,7.976,0.372,2,3.871,3.838,0.056,0,0.0,0.0,0,1,0,0,0,Credential Stuffing
3,1,1,1,1,4.749,0.444,1,0.0,0.0,0.0,1,108.93,29.753,0,0,0,0,1,Exploit Attempt
6,1,1,1,4,2.301,0.818,0,0.0,0.0,0.0,2,58.3,46.851,0,0,1,0,0,Exploit Attempt
20,0,0,1,19,2.147,0.077,4,0.0,0.0,0.0,20,9.57,277.06,0,1,0,0,0,Web Enumeration
2,0,0,0,1,1.01,0.026,0,0.0,0.0,0.0,1,27.4,79.295,0,0,1,0,0,Malware Download
15,0,0,1,3,0.92,1.616,0,0.264,0.526,0.0,0,3.95,29.434,1,0,0,0,0,Unknown Behaviour
8,0,0,0,7,1.093,0.086,4,0.0,0.0,0.0,6,7.98,283.831,0,1,0,0,0,Recon Scan
35,33,2,30,0,4.6,0.249,2,1.829,2.586,0.112,0,0.0,0.0,0,0,0,1,0,Brute Force
7,0,1,0,7,0.534,0.121,6,0.0,0.0,0.0,3,17.16,343.907,0,1,0,0,0,Web Enumeration
25,25,2,28,0,7.376,0.22,0,2.193,1.751,0.16,0,0.0,0.0,1,0,0,0,0,Brute Force
18,0,0,1,17,4.63,0.17,3,0.0,0.0,0.0,15,15.31,227.212,0,1,0,0,0,Web Enumeration
20,18,6,8,0,4.871,0.268,1,3.488,3.656,0.074,0,0.0,0.0,0,1,0,0,0,Credential Stuffing
7,1,1,1,5,1.008,0.367,1,0.0,0.0,0.0,3,74.74,42.837,0,1,0,0,0,Exploit Attempt
7,0,0,0,3,1.948,0.103,5,0.0,0.0,0.0,4,9.83,229.487,0,0,0,1,0,Recon Scan
16,0,0,0,16,4.38,0.005,0,0.0,0.0,0.0,15,12.86,365.04,0,1,0,0,0,Web Enumeration
3,1,0,1,2,1.889,0.211,0,0.0,0.0,0.0,2,32.44,71.119,0,1,0,0,0,Malware Download
3,3,1,1,2,3.177,2.34,2,0.835,2.347,0.196,2,18.0,4.378,0,0,0,0,1,Unknown Behaviour
21,20,12,19,0,5.829,0.279,2,3.617,4.012,0.067,0,0.0,0.0,0,1,0,0,0,Credential Stuffing
10,0,2,0,0,0.252,0.139,1,0.711,2.317,0.586,1,7.19,35.108,0,0,0,1,0,Unknown Behaviour
52,52,27,40,0,8.796,0.28,0,2.998,3.423,0.077,0,0.0,0.0,1,0,0,0,0,Credential Stuffing
33,31,1,30,0,10.944,0.458,2,2.872,2.722,0.206,0,0.0,0.0,0,0,0,1,0,Brute Force
39,39,23,33,0,8.408,0.254,2,3.653,3.112,0.045,0,0.0,0.0,0,1,0,0,0,Credential Stuffing
2,1,1,1,1,0.791,0.494,1,0.0,0.0,0.0,1,23.48,102.03,0,0,1,0,0,Malware Download
4,1,1,1,2,1.501,0.408,0,0.0,0.0,0.0,2,39.06,109.568,0,1,0,0,0,Malware Download
29,0,0,0,29,1.035,0.069,4,0.0,0.0,0.0,27,12.8,221.604,0,1,0,0,0,Web Enumeration
39,39,24,30,0,4.934,0.086,0,3.792,3.759,0.016,0,0.0,0.0,0,1,0,0,0,Credential Stuffing
12,0,0,0,11,1.777,0.123,4,0.0,0.0,0.0,9,15.83,278.26,0,0,0,0,1,Recon Scan
9,1,1,0,2,0.196,0.0,1,3.131,1.678,0.534,0,8.79,54.321,0,0,0,0,1,Unknown Behaviour
29,27,1,22,0,8.678,0.25,4,2.303,2.553,0.21,0,0.0,0.0,1,0,0,0,0,Brute Force
5,2,1,1,3,0.799,0.625,0,0.0,0.0,0.0,1,42.56,35.313,0,0,0,0,1,Exploit Attempt
19,17,14,13,0,3.602,0.198,0,3.199,3.414,0.0,0,0.0,0.0,0,1,0,0,0,Credential Stuffing
1,0,1,0,2,3.688,0.813,0,1.619,2.043,0.138,2,10.74,59.114,0,0,0,1,0,Unknown Behaviour
5,1,0,0,5,2.016,0.165,0,0.0,0.0,0.0,0,10.28,181.904,0,1,0,0,0,Web Enumeration
23,1,1,1,22,3.124,0.289,3,0.0,0.0,0.0,18,14.41,244.746,0,1,0,0,0,Web Enumeration
32,32,1,27,0,7.668,0.08,2,2.384,2.381,0.069,0,0.0,0.0,1,0,0,0,0,Brute Force
3,0,0,0,1,1.03,0.397,0,0.0,0.0,0.0,1,2.94,22.983,0,0,1,0,0,Exploit Attempt
13,0,0,0,11,2.389,0.171,5,0.0,0.0,0.0,7,6.29,215.454,0,1,0,0,0,Recon Scan
4,0,0,0,1,2.466,0.65,1,0.608,1.438,0.1,4,29.34,11.976,0,0,0,1,0,Unknown Behaviour
7,0,0,0,7,0.825,0.12,5,0.0,0.0,0.0,8,8.39,242.563,0,1,0,0,0,Recon Scan
4,0,0,0,1,1.492,0.147,2,0.0,0.0,0.0,6,6.95,179.014,0,1,0,0,0,Recon Scan
3,2,1,0,1,0.753,0.33,1,0.0,0.0,0.0,1,50.78,70.958,0,1,0,0,0,Exploit Attempt
23,23,1,23,0,6.14,0.261,2,1.844,2.206,0.181,0,0.0,0.0,1,0,0,0,0,Brute Force
2,1,1,0,1,4.192,1.016,0,0.0,0.0,0.0,1,11.44,31.875,0,0,0,0,1,Exploit Attempt
3,0,0,0,1,1.748,0.582,1,0.0,0.0,0.0,1,34.72,110.991,0,1,0,0,0,Malware Download
32,0,1,1,32,5.039,0.193,2,0.0,0.0,0.0,23,11.72,257.195,0,1,0,0,0,Web Enumeration
17,15,1,14,0,8.4,0.2,3,2.249,2.582,0.103,0,0.0,0.0,0,0,1,0,0,Brute Force
13,2,0,0,2,4.232,0.024,0,1.132,1.883,0.37,0,41.32,26.047,1,0,0,0,0,Unknown Behaviour
13,0,0,0,11,2.411,0.11,4,0.0,0.0,0.0,8,9.19,226.452,0,1,0,0,0,Recon Scan
12,0,1,0,6,1.093,0.551,2,0.821,1.798,1.0,0,37.98,10.312,0,0,0,0,1,Unknown Behaviour
37,35,1,35,0,11.013,0.428,3,2.087,2.439,0.161,0,0.0,0.0,1,0,0,0,0,Brute Force
9,1,0,1,7,2.088,3.716,2,3.862,1.767,0.341,3,8.5,46.285,0,0,1,0,0,Unknown Behaviour
6,2,0,0,5,0.413,0.917,0,0.0,0.0,0.0,3,70.67,13.943,0,0,0,0,1,Exploit Attempt
3,0,1,1,1,0.756,0.241,1,0.0,0.0,0.0,1,36.19,106.809,0,1,0,0,0,Malware Download
18,0,0,0,17,1.172,0.108,4,0.0,0.0,0.0,16,15.95,307.272,0,1,0,0,0,Web Enumeration
18,1,0,1,18,3.624,0.152,5,0.0,0.0,0.0,10,16.94,246.077,0,1,0,0,0,Web Enumeration
2,3,0,1,2,1.385,0.091,0,0.29,3.061,0.257,5,1.65,49.645,0,1,0,0,0,Unknown Behaviour
4,1,0,1,2,1.907,0.509,0,0.0,0.0,0.0,2,19.79,68.599,0,0,1,0,0,Malware Download
7,0,1,0,6,0.185,0.613,2,0.0,0.0,0.0,4,88.7,30.297,0,0,0,0,1,Exploit Attempt
6,2,0,0,5,2.458,0.413,2,0.0,0.0,0.0,3,80.12,25.789,0,1,0,0,0,Exploit Attempt
32,30,1,24,0,11.472,0.347,2,2.307,2.763,0.241,0,0.0,0.0,1,0,0,0,0,Brute Force
26,1,1,0,26,3.457,0.182,1,0.0,0.0,0.0,26,21.7,216.05,0,1,0,0,0,Web Enumeration
3,0,0,0,3,2.254,0.087,0,0.0,0.0,0.0,0,12.7,53.32,0,1,0,0,0,Recon Scan
34,34,18,27,0,7.99,0.295,2,3.156,3.463,0.075,0,0.0,0.0,0,1,0,0,0,Credential Stuffing
4,2,0,0,1,0.812,0.483,1,1.162,2.087,0.173,3,8.51,44.199,0,1,0,0,0,Unknown Behaviour
16,1,0,1,16,3.586,0.084,3,0.0,0.0,0.0,10,7.02,359.707,0,1,0,0,0,Web Enumeration
34,32,1,27,0,10.547,0.242,2,1.582,1.947,0.231,0,0.0,0.0,0,0,1,0,0,Brute Force
28,0,1,0,28,3.763,0.098,3,0.0,0.0,0.0,22,13.47,325.9,0,1,0,0,0,Web Enumeration
22,20,1,20,0,5.625,0.151,2,1.951,2.674,0.211,0,0.0,0.0,1,0,0,0,0,Brute Force
12,12,1,16,0,5.351,0.03,0,1.86,2.111,0.074,0,0.0,0.0,1,0,0,0,0,Brute Force
10,0,0,0,6,2.313,0.112,0,0.0,0.0,0.0,8,7.27,296.467,0,1,0,0,0,Recon Scan
9,9,1,3,0,2.788,0.359,0,2.133,2.54,0.136,0,0.0,0.0,0,0,0,1,0,Brute Force
3,1,1,1,1,0.111,0.425,0,0.0,0.0,0.0,1,8.16,74.307,0,0,1,0,0,Malware Download
20,0,0,0,20,3.015,0.261,7,0.0,0.0,0.0,20,9.29,291.574,0,1,0,0,0,Web Enumeration
25,1,1,1,24,1.306,0.187,3,0.0,0.0,0.0,19,15.59,267.147,0,1,0,0,0,Web Enumeration
7,1,0,1,2,0.229,0.616,0,2.696,0.855,0.33,3,9.97,45.305,0,0,0,0,1,Unknown Behaviour
10,1,0,1,0,2.192,0.894,0,1.412,1.835,0.44,0,8.84,67.112,0,0,0,0,1,Unknown Behaviour
15,0,0,0,12,2.179,0.103,4,0.0,0.0,0.0,11,4.63,200.82,0,1,0,0,0,Recon Scan
3,0,0,0,0,0.963,0.058,4,0.0,0.0,0.0,2,11.68,265.143,0,1,0,0,0,Recon Scan
5,0,0,0,3,1.865,0.128,4,0.0,0.0,0.0,4,13.42,293.562,0,0,1,0,0,Recon Scan
32,31,17,23,0,5.595,0.145,0,2.853,3.643,0.038,0,0.0,0.0,0,1,0,0,0,Credential Stuffing
6,0,0,0,3,1.586,0.041,3,0.0,0.0,0.0,6,5.09,207.613,0,1,0,0,0,Recon Scan
4,3,0,2,1,2.45,3.314,1,2.627,1.144,0.167,2,31.22,60.788,1,0,0,0,0,Unknown Behaviour
11,0,0,0,9,2.012,0.107,3,0.0,0.0,0.0,7,6.55,245.297,0,0,0,1,0,Recon Scan
9,0,0,0,7,0.877,0.046,3,0.0,0.0,0.0,4,9.97,150.995,0,1,0,0,0,Recon Scan
3,1,1,1,2,1.132,0.72,0,0.0,0.0,0.0,2,28.59,69.229,0,0,1,0,0,Malware Download
4,0,0,0,5,0.561,0.405,4,3.061,0.141,0.741,0,8.49,17.19,0,0,0,1,0,Unknown Behaviour
3,0,1,1,2,0.915,0.703,0,0.0,0.0,0.0,2,39.51,62.88,0,0,1,0,0,Malware Download
25,1,0,0,25,2.846,0.07,0,0.0,0.0,0.0,19,14.52,207.016,0,1,0,0,0,Web Enumeration
21,21,1,15,0,7.728,0.122,4,1.385,1.863,0.213,0,0.0,0.0,0,0,0,1,0,Brute Force
23,1,0,0,22,1.414,0.26,0,0.0,0.0,0.0,23,6.36,219.082,0,1,0,0,0,Web Enumeration
4,1,0,0,2,2.334,0.573,1,0.0,0.0,0.0,1,89.94,48.871,0,0,0,0,1,Exploit Attempt
16,0,0,0,14,0.62,0.134,5,0.0,0.0,0.0,14,6.37,206.413,0,0,0,1,0,Recon Scan
25,0,0,0,25,0.526,0.076,1,0.0,0.0,0.0,19,17.92,327.941,0,1,0,0,0,Web Enumeration
3,2,0,0,1,0.782,0.61,0,0.0,0.0,0.0,1,54.49,20.061,0,0,1,0,0,Exploit Attempt
16,0,0,0,15,1.651,0.03,2,0.0,0.0,0.0,11,14.36,346.781,0,1,0,0,0,Web Enumeration
7,0,0,0,7,0.144,0.06,6,0.0,0.0,0.0,6,13.46,203.7,0,0,0,0,1,Recon Scan
3,1,1,0,2,2.043,0.211,0,0.0,0.0,0.0,2,19.58,49.89,0,0,1,0,0,Malware Download
45,43,28,38,0,10.989,0.304,2,3.146,3.899,0.006,0,0.0,0.0,0,1,0,0,0,Credential Stuffing
2,1,0,1,1,1.914,0.501,0,0.0,0.0,0.0,1,35.98,78.201,0,0,1,0,0,Malware Download
21,21,11,16,0,3.851,0.202,2,3.445,3.515,0.066,0,0.0,0.0,0,1,0,0,0,Credential Stuffing
3,1,1,0,1,2.095,0.607,0,0.0,0.0,0.0,1,43.37,108.569,0,1,0,0,0,Malware Download
6,0,1,1,4,2.02,0.092,2,0.0,0.0,0.0,4,68.41,53.309,0,1,0,0,0,Exploit Attempt
31,29,2,33,0,9.335,0.318,2,2.293,2.06,0.158,0,0.0,0.0,0,0,1,0,0,Brute Force
36,34,19,25,0,10.317,0.142,1,3.616,3.229,0.078,0,0.0,0.0,0,1,0,0,0,Credential Stuffing
4,2,0,1,2,1.4,0.756,1,0.0,0.0,0.0,1,69.43,75.052,0,0,1,0,0,Exploit Attempt
26,26,17,22,0,4.274,0.398,0,3.364,3.792,0.086,0,0.0,0.0,0,0,1,0,0,Credential Stuffing
9,1,0,0,3,3.384,1.283,0,4.583,1.631,0.529,0,17.84,37.264,1,0,0,0,0,Unknown Behaviour
19,18,9,14,0,5.329,0.297,4,3.528,3.567,0.04,0,0.0,0.0,1,0,0,0,0,Credential Stuffing
16,1,0,0,16,3.488,0.126,4,0.0,0.0,0.0,13,16.09,245.672,0,1,0,0,0,Web Enumeration
27,26,1,24,0,6.545,0.52,1,1.77,2.493,0.033,0,0.0,0.0,0,0,0,1,0,Brute Force
3,0,1,0,1,0.739,0.621,0,0.0,0.0,0.0,1,27.77,77.123,0,0,1,0,0,Malware Download
5,0,1,1,3,2.226,0.423,0,0.0,0.0,0.0,2,62.96,31.324,0,0,1,0,0,Exploit Attempt
23,0,0,1,23,4.16,0.038,5,0.0,0.0,0.0,19,4.92,272.483,0,1,0,0,0,Web Enumeration
26,1,1,1,25,3.28,0.194,4,0.0,0.0,0.0,17,14.99,247.115,0,1,0,0,0,Web Enumeration
36,35,20,20,0,8.349,0.143,2,3.334,3.671,0.019,0,0.0,0.0,0,1,0,0,0,Credential Stuffing
16,0,1,1,15,3.389,0.288,3,0.0,0.0,0.0,8,10.61,240.022,0,1,0,0,0,Web Enumeration
4,1,0,1,2,1.182,0.012,0,0.0,0.0,0.0,2,24.39,67.538,0,0,1,0,0,Malware Download
7,0,0,0,6,1.552,0.124,5,0.0,0.0,0.0,6,7.88,347.269,0,1,0,0,0,Recon Scan
34,34,1,31,0,9.547,0.277,1,2.573,1.404,0.149,0,0.0,0.0,1,0,0,0,0,Brute Force
8,0,0,0,4,0.56,0.068,1,0.0,0.0,0.0,5,11.19,124.774,0,1,0,0,0,Recon Scan
28,28,1,30,0,13.821,0.119,0,1.613,2.259,0.252,0,0.0,0.0,0,0,1,0,0,Brute Force
3,2,1,1,2,2.98,0.505,1,0.0,0.0,0.0,1,66.8,41.213,0,0,0,0,1,Exploit Attempt
30,30,10,19,0,3.521,0.005,0,3.124,3.461,0.118,0,0.0,0.0,0,0,1,0,0,Credential Stuffing
2,2,0,1,1,0.276,0.184,0,0.0,0.0,0.0,1,89.25,72.791,0,0,0,0,1,Exploit Attempt
8,0,0,0,7,0.668,0.011,6,0.0,0.0,0.0,7,12.14,191.808,0,1,0,0,0,Recon Scan
12,0,0,0,9,1.444,0.071,3,0.0,0.0,0.0,11,8.67,172.852,0,1,0,0,0,Recon Scan
13,0,0,0,11,0.031,0.111,5,0.0,0.0,0.0,9,10.9,135.744,0,0,0,0,1,Recon Scan
25,1,1,0,25,0.363,0.026,2,0.0,0.0,0.0,22,13.7,309.251,0,1,0,0,0,Web Enumeration
22,1,0,0,21,2.991,0.108,3,0.0,0.0,0.0,19,22.69,279.473,0,1,0,0,0,Web Enumeration
17,16,9,15,0,1.63,0.191,1,3.717,3.417,0.027,0,0.0,0.0,1,0,0,0,0,Credential Stuffing
13,0,0,0,9,0.993,0.079,3,0.0,0.0,0.0,8,11.75,116.007,0,0,1,0,0,Recon Scan
35,35,17,22,0,4.956,0.228,1,2.76,3.485,0.097,0,0.0,0.0,0,1,0,0,0,Credential Stuffing
33,31,18,24,0,5.465,0.214,1,4.197,3.177,0.027,0,0.0,0.0,0,1,0,0,0,Credential Stuffing
19,0,0,0,19,0.272,0.054,6,0.0,0.0,0.0,11,5.03,190.828,0,1,0,0,0,Recon Scan
11,0,0,1,4,4.25,1.509,0,0.402,1.753,0.549,3,4.87,23.953,1,0,0,0,0,Unknown Behaviour
12,0,0,0,11,1.595,0.139,5,0.0,0.0,0.0,6,3.58,312.61,0,0,1,0,0,Recon Scan
23,22,8,19,0,4.423,0.164,1,3.552,3.834,0.005,0,0.0,0.0,0,1,0,0,0,Credential Stuffing
6,0,1,1,5,1.588,0.85,1,0.0,0.0,0.0,4,59.56,21.748,0,0,0,0,1,Exploit Attempt
3,0,0,0,1,1.206,0.301,0,0.0,0.0,0.0,1,27.53,84.308,0,0,1,0,0,Malware Download
3,3,1,0,1,5.282,2.135,2,1.244,1.11,0.245,6,6.86,17.45,1,0,0,0,0,Unknown Behaviour
4,0,1,1,2,1.245,0.548,0,0.0,0.0,0.0,2,41.61,157.979,0,0,1,0,0,Malware Download
6,1,0,1,4,1.142,0.49,2,0.0,0.0,0.0,3,70.97,52.985,0,1,0,0,0,Exploit Attempt
5,0,0,0,2,0.426,0.014,2,0.0,0.0,0.0,1,10.75,256.066,1,0,0,0,0,Recon Scan
40,38,1,39,0,9.367,0.3,1,1.797,2.621,0.3,0,0.0,0.0,0,0,1,0,0,Brute Force
13,3,1,0,0,4.363,3.132,0,2.753,1.104,0.417,1,11.94,31.251,1,0,0,0,0,Unknown Behaviour
18,0,0,1,7,6.598,0.553,0,2.22,2.304,0.478,1,23.74,67.174,0,1,0,0,0,Unknown Behaviour
48,46,29,37,0,9.454,0.374,0,3.951,3.544,0.0,0,0.0,0.0,0,1,0,0,0,Credential Stuffing
21,21,1,16,0,6.448,0.158,1,1.532,2.368,0.214,0,0.0,0.0,1,0,0,0,0,Brute Force
3,1,1,1,1,1.056,0.725,1,0.0,0.0,0.0,1,35.44,83.486,0,0,1,0,0,Malware Download
22,0,0,0,21,0.647,0.086,1,0.0,0.0,0.0,14,9.95,292.351,0,1,0,0,0,Recon Scan
5,0,0,1,3,1.472,0.025,2,0.0,0.0,0.0,3,17.39,57.647,0,0,1,0,0,Malware Download
13,0,0,0,8,1.7,0.022,5,0.0,0.0,0.0,11,6.65,151.785,0,1,0,0,0,Recon Scan
3,1,0,1,2,0.296,0.449,0,0.0,0.0,0.0,2,20.06,107.462,0,1,0,0,0,Malware Download
15,0,0,0,15,5.481,0.024,6,0.0,0.0,0.0,13,18.05,295.453,0,1,0,0,0,Web Enumeration
4,0,0,1,3,2.594,0.528,1,0.0,0.0,0.0,1,73.04,54.527,0,0,0,0,1,Exploit Attempt
19,1,1,1,18,3.912,0.039,2,0.0,0.0,0.0,18,13.32,201.96,0,1,0,0,0,Web Enumeration
13,0,0,0,14,1.23,0.121,6,0.0,0.0,0.0,11,9.04,76.997,0,1,0,0,0,Recon Scan
9,0,0,0,7,2.998,0.509,2,0.0,0.0,0.0,6,81.16,28.594,0,0,1,0,0,Exploit Attempt
20,1,1,1,20,6.343,0.164,2,0.0,0.0,0.0,17,11.37,313.548,0,1,0,0,0,Web Enumeration
32,32,18,35,0,6.119,0.172,1,3.109,3.806,0.023,0,0.0,0.0,0,0,1,0,0,Credential Stuffing
13,0,0,0,10,0.095,0.156,3,0.0,0.0,0.0,6,12.57,257.541,0,1,0,0,0,Recon Scan
9,0,0,0,7,0.098,0.107,4,0.0,0.0,0.0,5,4.15,279.312,0,1,0,0,0,Recon Scan
52,52,34,41,0,16.798,0.108,3,2.94,3.527,0.0,0,0.0,0.0,0,0,1,0,0,Credential Stuffing
15,14,1,10,0,0.971,0.19,1,1.595,2.78,0.212,0,0.0,0.0,1,0,0,0,0,Brute Force
15,0,0,0,12,2.168,0.066,5,0.0,0.0,0.0,13,6.09,166.738,0,1,0,0,0,Recon Scan
18,0,1,1,17,5.541,0.052,3,0.0,0.0,0.0,13,14.56,345.566,0,1,0,0,0,Web Enumeration
3,0,1,0,2,0.308,0.246,0,0.0,0.0,0.0,2,18.39,99.119,0,0,1,0,0,Malware Download
31,1,1,1,31,3.202,0.098,3,0.0,0.0,0.0,24,13.69,386.723,0,1,0,0,0,Web Enumeration
27,25,11,20,0,5.496,0.21,1,3.075,3.727,0.069,0,0.0,0.0,0,1,0,0,0,Credential Stuffing
21,1,1,0,21,2.447,0.097,2,0.0,0.0,0.0,14,12.14,243.682,0,1,0,0,0,Web Enumeration
37,37,1,37,0,12.398,0.137,1,1.861,1.919,0.102,0,0.0,0.0,0,0,0,1,0,Brute Force
31,30,1,27,0,7.436,0.171,3,2.033,2.482,0.202,0,0.0,0.0,0,0,0,1,0,Brute Force
31,30,13,20,0,8.976,0.382,3,3.796,3.965,0.072,0,0.0,0.0,1,0,0,0,0,Credential Stuffing
36,35,22,29,0,3.438,0.168,1,3.767,3.448,0.061,0,0.0,0.0,0,1,0,0,0,Credential Stuffing
6,2,1,0,5,1.655,0.512,1,0.0,0.0,0.0,2,78.21,23.392,0,0,0,0,1,Exploit Attempt
28,28,19,21,0,2.893,0.222,2,3.609,4.019,0.049,0,0.0,0.0,1,0,0,0,0,Credential Stuffing
4,0,0,0,1,2.132,3.096,1,0.218,0.037,0.187,0,19.57,84.124,0,0,0,0,1,Unknown Behaviour
21,21,1,20,0,5.907,0.308,2,1.343,2.815,0.152,0,0.0,0.0,1,0,0,0,0,Brute Force
21,19,2,19,0,6.28,0.569,0,1.898,2.447,0.107,0,0.0,0.0,0,0,1,0,0,Brute Force
12,0,1,0,3,5.101,2.395,0,0.953,1.563,0.433,2,36.44,21.826,0,0,0,1,0,Unknown Behaviour
26,24,1,18,0,6.374,0.305,2,1.663,2.661,0.13,0,0.0,0.0,0,0,0,1,0,Brute Force
23,21,1,21,0,6.597,0.493,1,2.04,2.502,0.3,0,0.0,0.0,1,0,0,0,0,Brute Force
18,17,12,6,0,6.224,0.216,1,3.09,3.829,0.05,0,0.0,0.0,0,1,0,0,0,Credential Stuffing
1,1,0,2,5,1.813,0.739,0,0.193,1.133,0.545,1,7.26,58.249,0,0,1,0,0,Unknown Behaviour
14,0,0,1,14,2.938,0.078,2,0.0,0.0,0.0,9,15.18,447.906,0,1,0,0,0,Web Enumeration
40,39,19,28,0,10.909,0.184,2,3.347,3.94,0.097,0,0.0,0.0,0,1,0,0,0,Credential Stuffing
5,2,0,1,0,0.369,1.64,0,2.951,1.281,0.0,0,0.01,72.917,0,1,0,0,0,Unknown Behaviour
16,0,1,0,16,3.599,0.044,4,0.0,0.0,0.0,14,13.19,291.466,0,1,0,0,0,Web Enumeration
19,0,1,1,18,1.112,0.15,5,0.0,0.0,0.0,15,10.83,109.625,0,1,0,0,0,Web Enumeration
4,2,0,0,2,2.542,0.43,0,0.0,0.0,0.0,1,95.83,49.346,0,1,0,0,0,Exploit Attempt
1,2,0,0,1,5.875,1.109,1,2.195,0.302,0.115,2,11.43,36.185,0,0,1,0,0,Unknown Behaviour
9,2,0,0,0,3.568,1.085,0,1.189,0.32,0.738,3,13.17,33.243,1,0,0,0,0,Unknown Behaviour
13,1,0,0,13,5.697,0.194,7,0.0,0.0,0.0,7,20.2,133.81,0,1,0,0,0,Web Enumeration
16,1,1,0,15,1.092,0.08,1,0.0,0.0,0.0,12,21.94,194.677,0,1,0,0,0,Web Enumeration
30,28,11,21,0,2.753,0.161,1,3.653,3.465,0.042,0,0.0,0.0,0,1,0,0,0,Credential Stuffing
3,0,0,1,1,0.924,0.496,0,0.0,0.0,0.0,1,28.74,120.855,0,0,1,0,0,Malware Download
43,42,28,38,0,8.179,0.114,5,2.942,3.172,0.073,0,0.0,0.0,1,0,0,0,0,Credential Stuffing
17,0,1,1,16,3.442,0.133,2,0.0,0.0,0.0,10,13.5,285.531,0,1,0,0,0,Web Enumeration
23,0,0,0,19,1.881,0.126,7,0.0,0.0,0.0,17,4.18,304.208,0,0,0,0,1,Recon Scan
22,0,0,0,16,0.437,0.084,3,0.0,0.0,0.0,15,5.66,254.774,0,1,0,0,0,Recon Scan
6,2,1,0,5,2.117,0.527,0,0.0,0.0,0.0,4,56.98,2.126,0,0,0,0,1,Exploit Attempt
3,1,1,1,2,0.776,0.139,0,0.0,0.0,0.0,2,33.66,112.582,0,0,1,0,0,Malware Download
7,1,0,0,6,3.621,0.662,0,0.0,0.0,0.0,2,36.1,21.327,0,0,1,0,0,Exploit Attempt
49,47,33,39,0,9.335,0.254,2,3.507,3.538,0.022,0,0.0,0.0,0,1,0,0,0,Credential Stuffing
14,0,2,0,4,2.02,0.924,0,2.289,0.346,0.0,4,41.84,3.31,0,0,1,0,0,Unknown Behaviour
9,0,2,0,1,3.93,1.822,0,1.521,1.647,0.286,5,38.54,2.627,1,0,0,0,0,Unknown Behaviour
42,41,25,25,0,10.003,0.036,0,3.399,3.734,0.04,0,0.0,0.0,0,1,0,0,0,Credential Stuffing
10,1,0,0,3,0.444,1.563,2,3.672,2.885,0.349,2,9.0,11.374,0,1,0,0,0,Unknown Behaviour
18,17,1,14,0,5.01,0.105,1,1.575,2.142,0.254,0,0.0,0.0,0,0,0,1,0,Brute Force
12,0,0,0,12,2.357,0.142,5,0.0,0.0,0.0,13,8.38,99.789,0,1,0,0,0,Recon Scan
32,30,16,22,0,1.686,0.268,0,3.419,3.358,0.034,0,0.0,0.0,0,1,0,0,0,Credential Stuffing
26,25,15,14,0,3.783,0.112,2,3.428,3.739,0.03,0,0.0,0.0,0,1,0,0,0,Credential Stuffing
15,0,1,1,14,4.996,0.071,2,0.0,0.0,0.0,18,11.06,283.968,0,1,0,0,0,Web Enumeration
27,26,22,18,0,7.135,0.228,2,3.365,3.364,0.011,0,0.0,0.0,0,1,0,0,0,Credential Stuffing
7,0,0,1,7,4.936,0.237,2,0.0,0.0,0.0,4,10.65,315.116,0,1,0,0,0,Web Enumeration
30,28,14,15,0,6.152,0.405,2,3.606,3.476,0.04,0,0.0,0.0,0,1,0,0,0,Credential Stuffing
7,0,0,0,5,2.767,0.742,0,0.0,0.0,0.0,4,106.1,66.933,0,0,0,0,1,Exploit Attempt
3,1,1,1,2,0.948,0.543,2,0.0,0.0,0.0,2,17.27,5.644,0,0,1,0,0,Malware Download
12,1,0,0,11,3.745,0.049,6,0.0,0.0,0.0,11,12.85,194.518,0,1,0,0,0,Web Enumeration
4,1,0,0,3,0.959,0.418,0,0.0,0.0,0.0,3,15.74,80.639,0,0,1,0,0,Malware Download
11,0,0,0,9,3.945,0.031,6,0.0,0.0,0.0,7,10.23,227.101,1,0,0,0,0,Recon Scan
17,0,0,1,16,6.271,0.223,1,0.0,0.0,0.0,19,12.27,262.062,0,1,0,0,0,Web Enumeration
2,1,0,0,1,0.439,0.082,0,0.0,0.0,0.0,1,31.57,106.703,0,1,0,0,0,Malware Download
3,0,1,0,2,0.565,0.532,0,0.0,0.0,0.0,2,27.21,110.809,0,0,1,0,0,Malware Download
38,37,21,25,0,7.367,0.235,1,3.231,3.769,0.07,0,0.0,0.0,0,1,0,0,0,Credential Stuffing
5,1,0,1,3,2.406,0.755,1,0.0,0.0,0.0,1,34.62,29.264,0,0,0,0,1,Exploit Attempt
25,24,6,16,0,5.852,0.092,2,2.957,3.53,0.004,0,0.0,0.0,0,0,1,0,0,Credential Stuffing
6,0,0,0,3,2.065,0.135,1,0.0,0.0,0.0,2,6.83,198.562,0,0,1,0,0,Recon Scan
48,48,36,46,0,7.72,0.257,3,3.628,3.494,0.101,0,0.0,0.0,0,1,0,0,0,Credential Stuffing
16,1,1,1,15,5.697,0.253,1,0.0,0.0,0.0,10,10.69,205.16,0,1,0,0,0,Web Enumeration
40,40,24,31,0,3.984,0.163,2,3.924,3.77,0.095,0,0.0,0.0,0,0,1,0,0,Credential Stuffing
4,1,1,1,3,2.658,0.114,0,0.0,0.0,0.0,2,39.5,47.461,0,1,0,0,0,Exploit Attempt
3,0,0,1,2,1.622,0.617,1,0.0,0.0,0.0,2,30.34,127.138,0,1,0,0,0,Malware Download
5,0,1,0,4,2.372,0.618,2,0.0,0.0,0.0,4,69.02,52.346,0,1,0,0,0,Exploit Attempt
30,30,17,23,0,4.072,0.1,4,3.962,3.599,0.061,0,0.0,0.0,1,0,0,0,0,Credential Stuffing
39,39,2,37,0,11.29,0.294,1,2.086,2.012,0.165,0,0.0,0.0,1,0,0,0,0,Brute Force
8,2,0,0,6,3.397,0.456,0,0.0,0.0,0.0,3,49.33,13.582,0,0,1,0,0,Exploit Attempt
4,2,0,0,4,4.356,1.826,0,0.259,1.281,0.488,1,1.4,25.961,0,0,0,1,0,Unknown Behaviour
2,0,1,0,1,2.4,0.674,1,0.0,0.0,0.0,1,72.62,42.762,0,0,1,0,0,Exploit Attempt
22,1,0,1,21,4.458,0.116,1,0.0,0.0,0.0,13,23.66,195.363,0,1,0,0,0,Web Enumeration
6,2,0,1,5,1.066,0.332,0,0.0,0.0,0.0,4,45.67,85.791,0,1,0,0,0,Exploit Attempt
33,31,2,29,0,9.717,0.48,2,1.92,2.892,0.189,0,0.0,0.0,1,0,0,0,0,Brute Force
3,0,1,1,2,0.616,0.171,1,0.0,0.0,0.0,2,35.06,81.452,0,0,1,0,0,Malware Download
4,1,2,0,2,0.212,1.739,0,2.771,0.164,0.164,0,42.52,22.409,1,0,0,0,0,Unknown Behaviour
13,0,0,0,8,0.09,0.004,1,0.0,0.0,0.0,8,8.12,336.234,0,0,0,0,1,Recon Scan
31,0,1,0,31,3.045,0.157,0,0.0,0.0,0.0,19,19.01,265.464,0,1,0,0,0,Web Enumeration
2,0,2,0,0,10.696,2.412,0,0.098,0.807,0.329,3,37.78,45.759,0,0,1,0,0,Unknown Behaviour
12,0,0,0,9,2.546,0.057,0,0.0,0.0,0.0,9,10.89,248.814,1,0,0,0,0,Recon Scan
16,0,0,1,16,1.935,0.064,3,0.0,0.0,0.0,9,17.22,293.852,0,1,0,0,0,Web Enumeration
8,3,1,0,0,2.108,2.415,1,1.222,1.215,0.0,0,31.82,9.779,0,0,0,0,1,Unknown Behaviour
19,0,0,1,19,3.224,0.142,5,0.0,0.0,0.0,22,15.83,211.236,0,1,0,0,0,Web Enumeration
19,0,0,0,15,1.568,0.127,5,0.0,0.0,0.0,9,3.95,232.617,1,0,0,0,0,Recon Scan
4,2,0,0,4,4.024,0.499,0,0.824,1.656,0.766,0,2.73,20.471,0,0,0,1,0,Unknown Behaviour
21,0,1,0,21,4.971,0.298,2,0.0,0.0,0.0,18,14.23,381.135,0,1,0,0,0,Web Enumeration
34,33,1,26,0,10.82,0.289,0,2.013,1.559,0.104,0,0.0,0.0,0,0,1,0,0,Brute Force
39,38,16,28,0,9.39,0.223,0,3.198,3.15,0.0,0,0.0,0.0,0,0,1,0,0,Credential Stuffing
16,0,0,0,14,2.06,0.087,5,0.0,0.0,0.0,9,8.22,278.188,0,0,0,0,1,Recon Scan
39,38,20,27,0,9.083,0.257,0,3.061,2.839,0.074,0,0.0,0.0,0,1,0,0,0,Credential Stuffing
4,2,1,0,2,2.62,0.808,2,0.0,0.0,0.0,1,73.78,59.903,0,1,0,0,0,Exploit Attempt
17,0,1,1,17,3.512,0.028,4,0.0,0.0,0.0,15,14.22,338.737,0,1,0,0,0,Web Enumeration
18,1,1,0,18,2.655,0.204,1,0.0,0.0,0.0,12,12.99,364.83,0,1,0,0,0,Web Enumeration
16,0,0,0,13,1.144,0.117,1,0.0,0.0,0.0,11,1.95,116.592,0,0,0,0,1,Recon Scan
4,0,1,0,3,1.288,0.397,0,0.0,0.0,0.0,3,20.01,105.676,0,0,1,0,0,Malware Download
21,0,1,0,20,4.286,0.092,4,0.0,0.0,0.0,22,10.45,408.29,0,1,0,0,0,Web Enumeration
24,23,1,20,0,8.182,0.101,2,1.885,2.894,0.257,0,0.0,0.0,0,0,1,0,0,Brute Force
10,0,0,2,2,1.633,0.765,0,2.461,0.031,0.324,2,2.67,70.331,0,0,0,1,0,Unknown Behaviour
24,23,1,17,0,9.432,0.433,1,2.093,2.389,0.238,0,0.0,0.0,0,0,1,0,0,Brute Force
35,1,1,1,34,1.804,0.325,2,0.0,0.0,0.0,28,5.36,282.84,0,1,0,0,0,Web Enumeration
26,24,22,26,0,3.898,0.133,0,3.423,3.649,0.082,0,0.0,0.0,0,1,0,0,0,Credential Stuffing
3,0,0,0,1,0.658,0.53,0,0.0,0.0,0.0,1,32.04,75.118,0,1,0,0,0,Malware Download
45,44,28,36,0,8.816,0.047,0,3.166,2.958,0.106,0,0.0,0.0,0,1,0,0,0,Credential Stuffing
42,41,1,37,0,12.376,0.307,2,1.891,2.279,0.229,0,0.0,0.0,1,0,0,0,0,Brute Force
3,2,0,0,1,2.269,0.51,0,0.0,0.0,0.0,1,49.55,37.763,0,1,0,0,0,Exploit Attempt
22,21,1,23,0,5.128,0.414,1,1.764,2.202,0.283,0,0.0,0.0,0,0,0,1,0,Brute Force
2,3,0,0,2,7.119,1.383,0,0.461,2.181,0.434,1,22.72,13.294,0,1,0,0,0,Unknown Behaviour
30,29,1,28,0,3.143,0.484,0,2.153,1.945,0.264,0,0.0,0.0,1,0,0,0,0,Brute Force
19,0,0,0,16,1.128,0.055,4,0.0,0.0,0.0,12,5.95,342.925,0,0,1,0,0,Recon Scan
33,32,13,27,0,6.484,0.159,3,2.972,4.093,0.049,0,0.0,0.0,0,1,0,0,0,Credential Stuffing
3,1,1,1,1,0.831,0.302,0,0.0,0.0,0.0,1,18.28,93.922,0,0,1,0,0,Malware Download
18,0,0,0,9,0.502,0.073,4,0.0,0.0,0.0,13,10.42,196.945,1,0,0,0,0,Recon Scan
11,0,0,0,4,1.309,0.092,8,0.0,0.0,0.0,4,7.83,322.351,0,1,0,0,0,Recon Scan
5,3,0,0,3,4.404,1.484,0,0.898,2.558,0.372,0,1.05,90.538,0,1,0,0,0,Unknown Behaviour
45,45,25,38,0,11.965,0.18,1,3.421,3.412,0.027,0,0.0,0.0,0,1,0,0,0,Credential Stuffing
17,0,1,1,16,1.943,0.009,3,0.0,0.0,0.0,13,11.93,187.382,0,1,0,0,0,Web Enumeration
14,0,0,0,5,2.69,0.052,2,0.0,0.0,0.0,11,8.05,132.029,0,0,0,0,1,Recon Scan
11,1,0,0,4,2.011,0.114,0,1.422,0.576,0.159,2,27.5,76.162,0,1,0,0,0,Unknown Behaviour
2,0,1,1,1,1.001,0.613,2,0.0,0.0,0.0,2,44.2,28.068,0,0,1,0,0,Exploit Attempt
11,1,0,1,4,2.214,0.626,0,1.627,2.837,0.32,5,4.4,8.497,1,0,0,0,0,Unknown Behaviour
35,33,21,24,0,6.641,0.016,2,3.448,4.192,0.05,0,0.0,0.0,1,0,0,0,0,Credential Stuffing
5,2,0,1,4,0.205,0.591,1,0.0,0.0,0.0,1,37.93,34.952,0,1,0,0,0,Exploit Attempt
6,2,1,0,5,2.695,1.097,1,0.015,3.07,0.187,1,34.38,39.894,0,1,0,0,0,Unknown Behaviour
3,0,0,1,2,1.425,0.613,1,0.0,0.0,0.0,2,40.91,99.912,0,0,1,0,0,Malware Download
20,0,1,1,20,2.602,0.159,2,0.0,0.0,0.0,18,18.94,376.456,0,1,0,0,0,Web Enumeration
15,1,1,1,14,2.423,0.122,2,0.0,0.0,0.0,14,19.0,400.382,0,1,0,0,0,Web Enumeration
5,0,0,0,4,1.636,0.188,0,0.0,0.0,0.0,3,71.95,18.516,0,1,0,0,0,Exploit Attempt
37,36,16,28,0,8.322,0.241,1,3.489,4.051,0.058,0,0.0,0.0,0,1,0,0,0,Credential Stuffing
17,0,1,1,17,0.741,0.268,4,0.0,0.0,0.0,13,19.22,215.874,0,1,0,0,0,Web Enumeration
7,2,0,0,6,2.099,3.292,5,0.61,0.237,0.22,4,33.58,120.879,1,0,0,0,0,Unknown Behaviour
17,17,6,15,0,3.951,0.279,1,3.123,3.876,0.028,0,0.0,0.0,0,0,1,0,0,Credential Stuffing
3,0,0,0,1,0.83,0.579,0,0.0,0.0,0.0,1,24.8,80.938,0,1,0,0,0,Malware Download
17,16,1,12,0,7.311,0.214,1,1.596,2.633,0.248,0,0.0,0.0,0,0,0,1,0,Brute Force
9,1,1,1,8,2.961,0.268,0,0.0,0.0,0.0,6,46.67,46.424,0,0,0,0,1,Exploit Attempt
30,29,2,20,0,11.408,0.359,3,2.016,2.32,0.158,0,0.0,0.0,0,0,1,0,0,Brute Force
3,2,0,0,2,3.335,0.806,0,0.0,0.0,0.0,1,86.93,58.095,0,1,0,0,0,Exploit Attempt
12,0,0,0,8,1.029,0.137,1,0.0,0.0,0.0,6,9.46,278.165,0,1,0,0,0,Recon Scan
12,0,0,0,9,2.324,0.097,2,0.0,0.0,0.0,7,10.9,220.18,1,0,0,0,0,Recon Scan
6,1,1,1,4,1.071,0.138,2,0.0,0.0,0.0,1,79.92,48.32,0,0,0,0,1,Exploit Attempt
10,0,0,0,7,2.371,0.174,7,0.0,0.0,0.0,9,8.67,241.163,0,0,1,0,0,Recon Scan
2,2,0,0,2,1.93,2.77,0,3.111,1.829,0.0,6,18.98,36.645,0,0,0,0,1,Unknown Behaviour
3,1,2,0,2,2.496,2.413,0,0.157,1.884,0.077,1,42.61,67.081,1,0,0,0,0,Unknown Behaviour
3,0,0,1,2,1.562,0.301,0,0.0,0.0,0.0,1,81.44,64.023,0,0,0,0,1,Exploit Attempt
8,2,0,1,4,1.907,1.311,1,0.172,0.738,0.399,1,7.04,41.796,1,0,0,0,0,Unknown Behaviour
8,1,0,0,6,2.041,0.819,1,0.0,0.0,0.0,3,66.13,72.024,0,1,0,0,0,Exploit Attempt
27,0,1,1,26,0.546,0.202,3,0.0,0.0,0.0,21,15.44,231.355,0,1,0,0,0,Web Enumeration
16,0,0,1,15,2.631,0.291,3,0.0,0.0,0.0,13,9.93,145.271,0,1,0,0,0,Web Enumeration
11,0,0,0,11,1.044,0.157,2,0.0,0.0,0.0,7,5.78,247.301,0,0,0,0,1,Recon Scan
5,0,0,2,1,5.249,1.852,3,1.955,1.204,0.606,2,26.32,87.129,0,1,0,0,0,Unknown Behaviour
6,1,1,0,4,0.221,0.755,2,0.0,0.0,0.0,5,74.5,12.712,0,0,1,0,0,Exploit Attempt
34,32,20,30,0,10.079,0.351,3,3.355,3.413,0.051,0,0.0,0.0,0,1,0,0,0,Credential Stuffing
14,1,1,0,3,5.231,1.714,0,2.875,1.547,1.0,1,10.8,69.77,0,0,0,0,1,Unknown Behaviour
6,2,1,0,5,2.937,0.779,0,0.0,0.0,0.0,3,49.42,36.053,0,1,0,0,0,Exploit Attempt
26,24,22,13,0,2.504,0.294,1,3.045,4.058,0.068,0,0.0,0.0,0,1,0,0,0,Credential Stuffing
4,0,1,0,2,0.133,0.343,1,0.0,0.0,0.0,2,19.79,94.971,0,1,0,0,0,Malware Download
3,2,0,0,1,2.641,0.115,3,0.0,0.0,0.0,1,66.38,2.444,0,0,0,0,1,Exploit Attempt
23,0,0,0,23,0.916,0.019,2,0.0,0.0,0.0,17,8.97,215.405,0,1,0,0,0,Web Enumeration
21,1,1,0,21,4.333,0.017,2,0.0,0.0,0.0,14,9.79,278.271,0,1,0,0,0,Web Enumeration
22,0,1,1,22,5.197,0.197,5,0.0,0.0,0.0,16,14.2,288.154,0,1,0,0,0,Web Enumeration
17,0,0,0,13,0.804,0.089,4,0.0,0.0,0.0,12,5.75,225.429,0,0,0,0,1,Recon Scan
3,1,1,0,2,2.339,0.132,0,0.0,0.0,0.0,2,37.75,13.378,0,0,0,0,1,Exploit Attempt
14,0,0,1,13,2.241,0.107,0,0.0,0.0,0.0,5,16.71,398.662,0,1,0,0,0,Web Enumeration
7,0,0,0,5,2.628,0.014,1,0.0,0.0,0.0,3,13.38,236.955,1,0,0,0,0,Recon Scan
14,1,1,1,13,3.328,0.18,2,0.0,0.0,0.0,13,18.23,329.751,0,1,0,0,0,Web Enumeration
7,0,1,1,5,3.219,0.619,0,0.0,0.0,0.0,4,84.01,62.273,0,1,0,0,0,Exploit Attempt
20,18,9,17,0,4.562,0.246,6,3.584,3.939,0.038,0,0.0,0.0,0,1,0,0,0,Credential Stuffing
13,0,0,0,12,2.703,0.079,6,0.0,0.0,0.0,10,16.72,175.0,0,1,0,0,0,Recon Scan
6,1,1,0,4,1.755,0.527,0,0.0,0.0,0.0,3,55.25,80.448,0,0,0,0,1,Exploit Attempt
5,1,1,1,3,3.567,0.846,0,0.0,0.0,0.0,1,80.22,67.535,0,0,0,0,1,Exploit Attempt
2,0,1,1,1,0.604,0.191,0,0.0,0.0,0.0,1,40.06,110.563,0,1,0,0,0,Malware Download
25,1,1,1,25,0.427,0.035,1,0.0,0.0,0.0,20,9.17,273.0,0,1,0,0,0,Web Enumeration
3,1,0,0,2,3.775,0.41,0,0.0,0.0,0.0,4,56.34,36.187,0,0,0,0,1,Exploit Attempt
7,0,1,0,5,2.487,0.374,2,0.0,0.0,0.0,1,59.09,56.021,0,0,1,0,0,Exploit Attempt
10,0,0,0,8,4.032,0.174,6,0.0,0.0,0.0,6,6.35,267.334,0,0,0,1,0,Recon Scan
19,19,4,11,0,0.074,0.242,0,3.41,4.092,0.117,0,0.0,0.0,0,1,0,0,0,Credential Stuffing
6,6,2,3,0,2.654,0.269,2,1.626,2.612,0.064,0,0.0,0.0,0,0,1,0,0,Brute Force
21,0,0,1,21,3.056,0.167,4,0.0,0.0,0.0,21,10.97,247.939,0,1,0,0,0,Web Enumeration
19,19,10,18,0,4.171,0.147,1,3.591,2.881,0.082,0,0.0,0.0,0,1,0,0,0,Credential Stuffing
23,22,2,21,0,10.636,0.327,5,1.953,2.309,0.078,0,0.0,0.0,1,0,0,0,0,Brute Force
7,1,0,0,5,1.664,3.843,0,0.035,0.309,0.517,4,6.08,12.559,0,1,0,0,0,Unknown Behaviour
5,0,0,0,6,0.818,0.202,3,0.0,0.0,0.0,5,8.84,218.155,0,1,0,0,0,Recon Scan
3,0,0,1,2,0.973,0.371,0,0.0,0.0,0.0,2,21.65,102.152,0,0,1,0,0,Malware Download
25,0,1,1,25,2.597,0.143,2,0.0,0.0,0.0,19,1.93,341.328,0,1,0,0,0,Web Enumeration
22,0,0,1,21,6.94,0.109,5,0.0,0.0,0.0,20,11.2,230.289,0,1,0,0,0,Web Enumeration
39,39,21,30,0,7.791,0.222,3,3.482,3.179,0.028,0,0.0,0.0,0,0,1,0,0,Credential Stuffing
22,21,14,15,0,8.362,0.325,3,3.601,3.473,0.074,0,0.0,0.0,0,1,0,0,0,Credential Stuffing
27,26,17,19,0,3.946,0.124,2,3.413,3.661,0.057,0,0.0,0.0,0,1,0,0,0,Credential Stuffing
15,0,0,0,13,1.345,0.172,6,0.0,0.0,0.0,10,6.53,314.523,0,0,0,0,1,Recon Scan
7,2,0,1,5,3.571,0.106,0,0.0,0.0,0.0,3,66.61,35.232,0,0,1,0,0,Exploit Attempt
30,30,22,21,0,6.654,0.282,0,3.175,3.616,0.075,0,0.0,0.0,0,0,1,0,0,Credential Stuffing
41,39,17,33,0,11.034,0.362,3,3.613,4.276,0.0,0,0.0,0.0,0,1,0,0,0,Credential Stuffing
7,0,0,1,5,3.852,0.762,1,0.0,0.0,0.0,4,66.67,27.59,0,1,0,0,0,Exploit Attempt
2,1,1,1,1,0.859,0.227,0,0.0,0.0,0.0,1,25.38,113.37,0,1,0,0,0,Malware Download
29,28,12,26,0,6.687,0.343,0,3.971,3.128,0.002,0,0.0,0.0,0,0,1,0,0,Credential Stuffing
25,24,11,25,0,4.674,0.209,3,3.345,3.653,0.086,0,0.0,0.0,1,0,0,0,0,Credential Stuffing
41,40,29,35,0,6.908,0.249,2,3.155,3.129,0.0,0,0.0,0.0,1,0,0,0,0,Credential Stuffing
2,2,1,0,1,0.035,0.302,2,0.0,0.0,0.0,1,104.67,81.717,0,0,0,0,1,Exploit Attempt
3,0,1,0,1,1.199,0.031,1,0.0,0.0,0.0,1,74.12,69.464,0,0,0,0,1,Exploit Attempt
32,32,1,33,0,8.968,0.303,3,1.907,2.181,0.178,0,0.0,0.0,1,0,0,0,0,Brute Force
6,1,1,0,4,1.03,0.364,0,0.0,0.0,0.0,3,100.24,45.3,0,0,0,0,1,Exploit Attempt
2,0,1,0,1,1.458,0.742,1,0.0,0.0,0.0,1,30.65,70.754,0,1,0,0,0,Malware Download
8,1,0,0,6,3.982,0.426,0,0.0,0.0,0.0,4,79.81,42.209,0,1,0,0,0,Exploit Attempt
3,0,1,1,1,0.66,0.359,0,0.0,0.0,0.0,1,27.93,100.377,0,0,1,0,0,Malware Download
7,2,0,0,6,0.269,0.518,0,0.0,0.0,0.0,3,60.57,48.715,0,1,0,0,0,Exploit Attempt
18,0,0,1,18,3.761,0.182,5,0.0,0.0,0.0,17,12.23,215.111,0,1,0,0,0,Web Enumeration
12,0,0,0,3,7.054,1.437,0,1.438,1.258,0.181,0,37.95,27.171,1,0,0,0,0,Unknown Behaviour
8,0,0,1,6,1.627,0.385,0,0.0,0.0,0.0,4,53.06,53.418,0,0,1,0,0,Exploit Attempt
21,20,1,22,0,6.527,0.312,0,1.904,2.305,0.071,0,0.0,0.0,0,0,1,0,0,Brute Force
4,1,1,0,3,1.355,0.356,0,0.0,0.0,0.0,2,70.4,22.284,0,1,0,0,0,Exploit Attempt
26,25,3,21,0,6.168,0.217,4,1.056,1.899,0.399,0,0.0,0.0,0,0,0,1,0,Brute Force
47,47,29,38,0,6.297,0.178,4,3.439,3.431,0.0,0,0.0,0.0,0,0,1,0,0,Credential Stuffing
8,0,0,0,2,2.897,1.227,0,1.417,0.783,0.496,1,18.26,44.803,1,0,0,0,0,Unknown Behaviour
3,2,1,0,1,1.868,0.94,0,0.0,0.0,0.0,1,80.88,43.407,0,0,0,0,1,Exploit Attempt
5,0,1,1,3,0.748,0.419,1,0.0,0.0,0.0,3,36.39,121.672,0,0,1,0,0,Malware Download
20,18,1,17,0,5.673,0.48,4,2.128,2.853,0.241,0,0.0,0.0,1,0,0,0,0,Brute Force
31,31,20,25,0,0.781,0.168,2,3.892,4.106,0.0,0,0.0,0.0,0,1,0,0,0,Credential Stuffing
6,1,1,1,4,3.883,0.627,3,0.0,0.0,0.0,2,84.18,25.479,0,0,0,0,1,Exploit Attempt
40,38,1,35,0,10.892,0.412,3,1.998,2.198,0.151,0,0.0,0.0,1,0,0,0,0,Brute Force
11,0,0,0,9,2.907,0.105,5,0.0,0.0,0.0,3,8.85,169.406,0,0,0,0,1,Recon Scan
15,14,1,16,0,4.285,0.25,0,2.036,2.565,0.037,0,0.0,0.0,1,0,0,0,0,Brute Force
15,13,9,7,0,3.029,0.215,0,3.424,3.754,0.075,0,0.0,0.0,0,1,0,0,0,Credential Stuffing
6,1,1,0,4,2.282,0.463,0,0.0,0.0,0.0,3,62.77,30.088,0,1,0,0,0,Exploit Attempt
3,0,1,1,1,1.525,0.574,0,0.0,0.0,0.0,1,24.17,88.711,0,1,0,0,0,Malware Download
12,0,1,0,12,2.712,0.119,2,0.0,0.0,0.0,10,11.9,295.415,0,1,0,0,0,Web Enumeration
17,17,1,15,0,6.224,0.21,2,1.286,2.476,0.0,0,0.0,0.0,0,0,0,1,0,Brute Force
8,2,1,0,6,0.489,0.208,2,0.0,0.0,0.0,4,59.22,38.894,0,1,0,0,0,Exploit Attempt
5,0,1,1,4,1.77,0.116,0,0.0,0.0,0.0,4,58.58,12.682,0,0,0,0,1,Exploit Attempt
14,0,0,0,7,1.954,0.162,3,0.0,0.0,0.0,11,6.93,130.868,1,0,0,0,0,Recon Scan
6,2,0,0,2,0.166,2.57,1,0.289,2.027,0.415,1,25.95,55.165,0,0,1,0,0,Unknown Behaviour
11,0,2,1,3,3.55,1.706,0,0.707,0.127,0.091,2,20.07,61.593,1,0,0,0,0,Unknown Behaviour
10,0,0,0,12,0.238,0.11,1,0.0,0.0,0.0,6,9.42,80.478,0,0,0,0,1,Recon Scan
5,0,0,0,4,1.603,0.093,7,0.0,0.0,0.0,2,15.18,206.474,0,1,0,0,0,Recon Scan
30,28,1,27,0,8.434,0.777,2,1.959,1.616,0.137,0,0.0,0.0,0,0,0,1,0,Brute Force
23,22,17,14,0,3.318,0.234,2,3.631,3.573,0.071,0,0.0,0.0,0,1,0,0,0,Credential Stuffing
7,1,0,0,5,0.399,2.965,0,4.094,2.219,0.125,1,25.2,40.25,0,0,1,0,0,Unknown Behaviour
18,0,0,0,18,0.841,0.194,4,0.0,0.0,0.0,14,14.71,279.319,0,1,0,0,0,Web Enumeration
15,13,4,11,0,4.868,0.133,1,3.009,3.483,0.153,0,0.0,0.0,0,1,0,0,0,Credential Stuffing
8,1,0,0,5,0.726,1.032,0,2.425,1.293,0.071,2,11.38,85.703,1,0,0,0,0,Unknown Behaviour
20,0,1,0,20,1.93,0.124,0,0.0,0.0,0.0,19,11.67,227.098,0,1,0,0,0,Web Enumeration
4,1,0,0,2,0.198,0.733,0,0.0,0.0,0.0,2,23.06,130.739,0,1,0,0,0,Malware Download
32,31,21,24,0,7.1,0.101,5,3.315,3.661,0.073,0,0.0,0.0,1,0,0,0,0,Credential Stuffing
8,0,0,0,3,1.834,0.109,5,0.0,0.0,0.0,6,9.73,253.397,0,1,0,0,0,Recon Scan
31,29,1,21,0,7.902,0.26,0,2.146,1.865,0.299,0,0.0,0.0,0,0,0,1,0,Brute Force
2,0,0,0,1,2.278,0.263,1,0.0,0.0,0.0,1,89.07,72.385,0,1,0,0,0,Exploit Attempt
3,1,1,1,1,0.698,0.419,0,0.0,0.0,0.0,1,30.64,80.641,0,0,1,0,0,Malware Download
6,0,0,0,2,0.481,0.514,0,1.196,1.072,0.076,4,17.73,41.641,0,0,0,0,1,Unknown Behaviour
4,1,1,0,2,2.671,0.57,3,0.0,0.0,0.0,2,52.1,50.384,0,0,1,0,0,Exploit Attempt
3,0,1,0,2,8.739,0.434,0,2.014,2.386,0.424,5,19.76,49.044,0,0,0,1,0,Unknown Behaviour
8,1,1,0,7,0.236,1.158,1,0.0,0.0,0.0,4,98.86,67.123,0,0,0,0,1,Exploit Attempt
17,0,1,0,17,2.377,0.202,4,0.0,0.0,0.0,15,23.58,139.268,0,1,0,0,0,Web Enumeration
11,2,0,0,3,0.34,0.604,0,2.75,0.279,0.0,3,8.77,49.42,0,0,0,1,0,Unknown Behaviour
3,0,0,1,1,0.067,0.5,1,0.0,0.0,0.0,1,24.76,102.136,0,0,1,0,0,Malware Download
19,19,14,17,0,0.642,0.117,1,3.569,3.49,0.047,0,0.0,0.0,0,1,0,0,0,Credential Stuffing
21,0,0,0,20,2.484,0.165,3,0.0,0.0,0.0,9,16.59,270.496,0,1,0,0,0,Web Enumeration
15,0,0,0,13,1.566,0.156,4,0.0,0.0,0.0,8,10.11,162.467,0,1,0,0,0,Recon Scan
3,1,1,0,2,1.214,0.235,0,0.0,0.0,0.0,2,30.83,86.769,0,1,0,0,0,Malware Download
7,1,0,1,5,2.689,0.372,1,0.0,0.0,0.0,3,82.83,44.403,0,1,0,0,0,Exploit Attempt
16,1,0,0,16,1.689,0.216,3,0.0,0.0,0.0,10,13.71,221.586,0,1,0,0,0,Web Enumeration
39,38,1,34,0,8.81,0.532,2,1.813,2.492,0.133,0,0.0,0.0,1,0,0,0,0,Brute Force
10,3,0,0,1,1.621,1.254,3,2.298,2.19,0.164,0,20.84,79.75,1,0,0,0,0,Unknown Behaviour
6,1,1,1,5,1.882,0.639,2,0.0,0.0,0.0,2,78.2,64.533,0,0,1,0,0,Exploit Attempt
23,23,1,18,0,6.909,0.346,0,1.843,2.179,0.262,0,0.0,0.0,1,0,0,0,0,Brute Force
32,30,1,24,0,9.173,0.165,1,2.546,2.338,0.085,0,0.0,0.0,1,0,0,0,0,Brute Force
3,0,1,0,1,0.671,0.595,0,0.0,0.0,0.0,1,20.08,147.182,0,1,0,0,0,Malware Download
19,1,1,0,18,4.783,0.146,1,0.0,0.0,0.0,18,7.82,221.135,0,1,0,0,0,Web Enumeration
6,1,0,1,4,2.35,0.333,0,0.0,0.0,0.0,3,50.12,41.441,0,1,0,0,0,Exploit Attempt
17,1,1,0,16,2.986,0.108,3,0.0,0.0,0.0,15,12.62,323.139,0,1,0,0,0,Web Enumeration
8,1,1,0,6,1.714,0.659,1,0.0,0.0,0.0,4,43.08,24.024,0,0,0,0,1,Exploit Attempt
33,1,0,1,32,2.434,0.158,3,0.0,0.0,0.0,25,12.3,319.819,0,1,0,0,0,Web Enumeration
3,1,1,0,1,1.388,0.598,0,0.0,0.0,0.0,1,38.07,97.793,0,1,0,0,0,Malware Download
18,1,1,1,17,1.608,0.109,2,0.0,0.0,0.0,16,14.58,266.495,0,1,0,0,0,Web Enumeration
33,31,1,22,0,11.033,0.338,2,1.471,3.014,0.131,0,0.0,0.0,0,0,0,1,0,Brute Force
20,0,1,0,20,2.946,0.149,1,0.0,0.0,0.0,16,8.05,155.673,0,1,0,0,0,Web Enumeration
27,1,1,0,26,4.009,0.097,2,0.0,0.0,0.0,18,14.29,334.562,0,1,0,0,0,Web Enumeration
13,0,0,0,14,2.14,0.174,4,0.0,0.0,0.0,8,10.14,171.05,0,1,0,0,0,Recon Scan
3,0,0,1,2,2.842,0.33,1,0.0,0.0,0.0,2,71.56,55.983,0,1,0,0,0,Exploit Attempt
17,0,0,0,17,3.944,0.197,1,0.0,0.0,0.0,17,19.56,287.62,0,1,0,0,0,Web Enumeration
35,35,23,32,0,11.236,0.031,1,3.177,3.652,0.051,0,0.0,0.0,0,0,1,0,0,Credential Stuffing
4,1,0,1,3,1.11,0.443,1,0.0,0.0,0.0,3,32.3,132.75,0,0,1,0,0,Malware Download
4,0,1,0,2,1.498,0.542,0,0.0,0.0,0.0,2,27.81,78.014,0,0,1,0,0,Malware Download
9,0,0,0,6,2.995,0.057,5,0.0,0.0,0.0,2,8.0,229.765,0,1,0,0,0,Recon Scan
9,1,0,1,7,0.992,0.612,1,0.0,0.0,0.0,3,64.88,32.733,0,0,0,0,1,Exploit Attempt
16,0,0,0,8,3.09,0.119,6,0.0,0.0,0.0,8,6.51,228.756,0,0,0,1,0,Recon Scan
38,36,23,28,0,6.503,0.283,3,3.725,3.244,0.102,0,0.0,0.0,0,1,0,0,0,Credential Stuffing
31,31,1,29,0,9.568,0.401,3,1.949,2.212,0.302,0,0.0,0.0,1,0,0,0,0,Brute Force
24,1,1,1,23,1.813,0.01,2,0.0,0.0,0.0,12,9.66,439.096,0,1,0,0,0,Web Enumeration
28,27,1,23,0,6.907,0.028,3,2.034,2.228,0.169,0,0.0,0.0,0,0,0,1,0,Brute Force
2,0,0,1,1,1.171,0.689,0,0.0,0.0,0.0,1,23.57,88.249,0,0,1,0,0,Malware Download
4,1,1,0,3,2.073,0.72,0,0.0,0.0,0.0,3,45.21,78.56,0,0,0,0,1,Exploit Attempt
14,1,1,1,0,3.401,3.369,1,2.144,0.929,0.479,3,4.89,8.573,1,0,0,0,0,Unknown Behaviour
12,0,1,0,11,3.531,0.126,4,0.0,0.0,0.0,12,12.8,329.185,0,1,0,0,0,Web Enumeration
5,1,1,0,4,1.043,0.508,0,0.0,0.0,0.0,2,90.75,37.021,0,0,0,0,1,Exploit Attempt
21,21,2,20,0,6.103,0.337,3,1.704,2.049,0.195,0,0.0,0.0,1,0,0,0,0,Brute Force
16,0,0,0,12,1.296,0.075,2,0.0,0.0,0.0,12,9.77,259.105,0,0,0,1,0,Recon Scan
11,2,1,1,1,5.404,0.59,0,0.778,1.62,0.155,1,39.28,21.81,1,0,0,0,0,Unknown Behaviour
14,1,1,1,7,1.251,0.346,2,3.557,2.218,0.0,3,21.06,8.185,0,0,0,1,0,Unknown Behaviour
36,34,25,29,0,5.448,0.121,2,3.354,3.733,0.074,0,0.0,0.0,0,1,0,0,0,Credential Stuffing
8,3,1,0,8,0.115,0.778,0,0.751,1.758,0.104,2,14.13,1.058,0,0,0,0,1,Unknown Behaviour
7,0,0,0,5,1.226,0.083,5,0.0,0.0,0.0,5,9.95,244.59,0,1,0,0,0,Recon Scan
18,1,0,0,18,3.242,0.164,0,0.0,0.0,0.0,15,17.08,266.754,0,1,0,0,0,Web Enumeration
8,0,0,1,2,4.243,0.239,0,0.959,2.645,1.0,2,19.57,32.783,0,0,0,0,1,Unknown Behaviour
5,0,0,1,3,3.545,0.707,0,0.0,0.0,0.0,2,60.12,3.338,0,1,0,0,0,Exploit Attempt
4,1,1,1,2,1.084,0.463,0,0.0,0.0,0.0,2,25.84,59.236,0,0,1,0,0,Malware Download
32,1,0,0,31,2.344,0.15,3,0.0,0.0,0.0,21,7.03,351.475,0,1,0,0,0,Web Enumeration
24,24,9,16,0,2.932,0.069,3,3.292,2.939,0.025,0,0.0,0.0,0,1,0,0,0,Credential Stuffing
1,3,0,2,2,2.207,0.264,1,1.24,2.23,0.781,0,24.2,53.405,0,1,0,0,0,Unknown Behaviour
26,26,17,19,0,4.625,0.39,0,3.724,3.254,0.076,0,0.0,0.0,0,0,1,0,0,Credential Stuffing
22,1,1,1,22,4.124,0.079,5,0.0,0.0,0.0,20,9.47,222.965,0,1,0,0,0,Web Enumeration
8,0,1,1,6,3.667,0.868,1,0.0,0.0,0.0,4,98.17,7.334,0,1,0,0,0,Exploit Attempt
11,10,1,4,0,3.488,0.375,2,1.664,2.399,0.142,0,0.0,0.0,1,0,0,0,0,Brute Force
12,0,0,0,8,2.331,0.033,3,0.0,0.0,0.0,7,8.86,236.732,1,0,0,0,0,Recon Scan
29,28,11,21,0,6.328,0.192,0,3.966,3.901,0.037,0,0.0,0.0,0,1,0,0,0,Credential Stuffing
33,31,16,29,0,4.732,0.311,3,3.312,4.098,0.069,0,0.0,0.0,1,0,0,0,0,Credential Stuffing
27,1,0,1,27,2.907,0.06,0,0.0,0.0,0.0,21,19.79,257.298,0,1,0,0,0,Web Enumeration
10,0,1,0,9,2.666,0.094,2,0.0,0.0,0.0,3,15.94,203.542,0,1,0,0,0,Web Enumeration
3,0,0,1,2,4.23,0.645,2,0.0,0.0,0.0,2,86.71,32.822,0,0,0,0,1,Exploit Attempt
28,26,8,20,0,5.869,0.268,1,2.742,3.138,0.132,0,0.0,0.0,0,1,0,0,0,Credential Stuffing
43,43,31,29,0,3.557,0.193,3,3.877,3.339,0.12,0,0.0,0.0,0,1,0,0,0,Credential Stuffing
7,0,1,0,6,1.415,0.077,0,0.0,0.0,0.0,3,66.18,60.162,0,0,0,0,1,Exploit Attempt
15,0,0,0,12,1.283,0.09,4,0.0,0.0,0.0,13,9.54,165.313,0,1,0,0,0,Recon Scan
17,1,1,0,17,5.596,0.15,0,0.0,0.0,0.0,17,19.05,276.271,0,1,0,0,0,Web Enumeration
44,42,1,37,0,12.784,0.277,1,1.467,1.915,0.168,0,0.0,0.0,0,0,0,1,0,Brute Force
20,19,1,19,0,5.5,0.571,1,1.829,2.232,0.075,0,0.0,0.0,0,0,0,1,0,Brute Force
19,0,0,0,5,5.402,0.329,4,0.349,2.436,0.736,0,23.66,79.002,0,0,1,0,0,Unknown Behaviour
22,22,8,14,0,2.451,0.209,3,3.862,3.751,0.136,0,0.0,0.0,0,1,0,0,0,Credential Stuffing
7,2,1,1,5,0.16,0.828,1,0.0,0.0,0.0,4,50.5,56.077,0,1,0,0,0,Exploit Attempt
13,0,1,1,13,0.017,0.071,0,0.0,0.0,0.0,6,15.71,244.438,0,1,0,0,0,Web Enumeration
19,19,2,16,0,3.608,0.047,3,1.736,2.432,0.279,0,0.0,0.0,1,0,0,0,0,Brute Force
12,0,0,0,7,0.748,0.12,5,0.0,0.0,0.0,7,11.96,289.45,0,1,0,0,0,Recon Scan
8,1,0,1,6,2.839,0.348,0,0.0,0.0,0.0,3,56.05,40.98,0,0,0,0,1,Exploit Attempt
26,25,2,25,0,6.88,0.143,2,2.041,1.716,0.109,0,0.0,0.0,1,0,0,0,0,Brute Force
22,22,2,16,0,4.716,0.542,2,2.536,2.12,0.19,0,0.0,0.0,1,0,0,0,0,Brute Force
32,30,15,21,0,7.971,0.303,0,3.155,3.461,0.074,0,0.0,0.0,0,1,0,0,0,Credential Stuffing
30,28,1,23,0,7.794,0.382,0,2.127,3.153,0.175,0,0.0,0.0,1,0,0,0,0,Brute Force
7,0,0,0,0,0.951,0.451,1,0.297,0.344,0.0,0,7.8,40.058,0,0,1,0,0,Unknown Behaviour
2,1,1,1,1,0.389,0.398,1,0.0,0.0,0.0,1,20.99,83.826,0,1,0,0,0,Malware Download
23,0,0,0,23,3.406,0.177,1,0.0,0.0,0.0,24,17.25,216.21,0,1,0,0,0,Web Enumeration
24,24,1,26,0,6.599,0.444,3,1.881,2.216,0.154,0,0.0,0.0,0,0,0,1,0,Brute Force
27,26,13,17,0,3.147,0.179,0,3.488,3.028,0.056,0,0.0,0.0,0,1,0,0,0,Credential Stuffing
33,31,19,27,0,6.42,0.034,3,3.374,3.837,0.078,0,0.0,0.0,1,0,0,0,0,Credential Stuffing
19,1,1,0,19,2.077,0.173,5,0.0,0.0,0.0,16,19.83,320.756,0,1,0,0,0,Web Enumeration
13,0,0,0,12,1.54,0.036,1,0.0,0.0,0.0,6,3.7,226.569,0,1,0,0,0,Recon Scan
23,1,0,1,23,3.556,0.081,1,0.0,0.0,0.0,17,13.25,385.63,0,1,0,0,0,Web Enumeration
24,0,1,0,23,0.604,0.278,0,0.0,0.0,0.0,21,12.91,251.892,0,1,0,0,0,Web Enumeration
8,0,0,0,7,0.187,0.053,7,0.0,0.0,0.0,5,11.52,234.217,0,1,0,0,0,Recon Scan
15,14,1,11,0,6.074,0.387,2,1.57,2.083,0.202,0,0.0,0.0,0,0,1,0,0,Brute Force
5,1,0,0,4,4.825,0.453,1,0.0,0.0,0.0,3,63.74,45.476,0,0,0,0,1,Exploit Attempt
30,28,2,28,0,6.655,0.336,0,1.844,2.429,0.0,0,0.0,0.0,1,0,0,0,0,Brute Force
4,1,1,0,2,0.945,0.565,0,0.0,0.0,0.0,2,15.75,112.501,0,1,0,0,0,Malware Download
2,0,0,0,1,0.336,0.479,0,0.0,0.0,0.0,1,33.0,63.485,0,1,0,0,0,Malware Download
22,0,1,1,21,2.225,0.077,0,0.0,0.0,0.0,16,14.46,341.459,0,1,0,0,0,Web Enumeration
16,0,0,0,11,0.939,0.099,0,0.0,0.0,0.0,11,11.9,237.576,0,1,0,0,0,Recon Scan
5,1,1,1,3,1.452,0.661,0,0.0,0.0,0.0,3,43.84,50.371,0,0,1,0,0,Malware Download
21,21,1,20,0,10.845,0.331,0,2.023,2.112,0.068,0,0.0,0.0,0,0,0,1,0,Brute Force
1,0,0,0,5,6.265,0.634,2,1.301,1.675,0.2,1,33.16,4.838,0,0,0,1,0,Unknown Behaviour
12,0,0,0,3,2.767,0.079,0,3.178,0.833,0.513,4,23.68,108.84,0,0,1,0,0,Unknown Behaviour
9,0,0,0,8,2.568,0.112,4,0.0,0.0,0.0,6,6.41,211.148,0,1,0,0,0,Recon Scan
4,0,0,1,3,1.696,0.521,0,0.0,0.0,0.0,3,25.27,9.688,0,0,1,0,0,Malware Download
4,2,1,1,3,0.437,0.441,0,0.0,0.0,0.0,2,64.95,32.864,0,1,0,0,0,Exploit Attempt
4,0,1,1,2,1.228,0.565,1,0.0,0.0,0.0,2,35.0,62.457,0,0,1,0,0,Malware Download
7,1,1,1,5,3.162,0.027,0,0.0,0.0,0.0,2,57.83,72.325,0,1,0,0,0,Exploit Attempt
14,1,1,1,2,4.259,3.053,0,0.948,4.525,0.557,3,28.41,23.427,0,1,0,0,0,Unknown Behaviour
40,40,18,38,0,9.932,0.185,0,3.716,3.743,0.0,0,0.0,0.0,0,1,0,0,0,Credential Stuffing
28,27,2,20,0,5.277,0.551,2,1.774,1.926,0.139,0,0.0,0.0,0,0,0,1,0,Brute Force
21,0,0,0,20,4.732,0.14,0,0.0,0.0,0.0,16,11.81,300.43,0,1,0,0,0,Web Enumeration
7,0,0,0,4,0.573,0.081,1,0.0,0.0,0.0,6,8.33,131.752,0,1,0,0,0,Recon Scan
23,0,0,0,14,1.824,0.062,5,0.0,0.0,0.0,16,11.29,290.53,0,1,0,0,0,Recon Scan
42,41,24,36,0,4.79,0.039,1,3.636,3.802,0.086,0,0.0,0.0,1,0,0,0,0,Credential Stuffing
1,1,0,1,2,7.724,0.754,1,0.011,0.783,0.0,1,2.59,33.411,0,1,0,0,0,Unknown Behaviour
10,0,0,0,4,1.006,0.12,5,0.0,0.0,0.0,5,12.16,129.058,0,0,0,0,1,Recon Scan
14,0,0,0,10,1.736,0.144,2,0.0,0.0,0.0,8,5.42,156.132,0,1,0,0,0,Recon Scan
22,20,11,9,0,5.655,0.104,1,3.336,3.612,0.036,0,0.0,0.0,0,0,1,0,0,Credential Stuffing
16,3,0,0,0,3.687,0.788,1,1.947,0.925,0.629,1,15.32,9.101,0,1,0,0,0,Unknown Behaviour
3,1,1,0,1,1.75,0.074,1,0.0,0.0,0.0,1,35.91,118.085,0,1,0,0,0,Malware Download
36,34,16,28,0,8.383,0.316,2,3.11,3.357,0.033,0,0.0,0.0,0,0,1,0,0,Credential Stuffing
34,32,22,23,0,4.81,0.336,0,3.775,3.996,0.084,0,0.0,0.0,0,1,0,0,0,Credential Stuffing
21,1,1,0,21,0.513,0.175,4,0.0,0.0,0.0,20,16.2,370.09,0,1,0,0,0,Web Enumeration
41,41,26,32,0,8.449,0.372,3,3.424,3.664,0.022,0,0.0,0.0,0,1,0,0,0,Credential Stuffing
24,22,7,13,0,5.088,0.3,2,3.656,3.712,0.057,0,0.0,0.0,0,1,0,0,0,Credential Stuffing
34,33,7,36,0,6.966,0.234,3,3.54,3.824,0.033,0,0.0,0.0,0,1,0,0,0,Credential Stuffing
9,0,2,0,3,2.746,2.682,2,0.244,2.441,0.75,0,12.28,36.701,0,0,0,0,1,Unknown Behaviour
9,0,0,1,0,7.118,1.385,0,0.981,3.744,0.298,2,29.82,27.992,0,0,0,1,0,Unknown Behaviour
31,29,2,25,0,7.401,0.112,2,2.169,2.409,0.359,0,0.0,0.0,0,0,1,0,0,Brute Force
29,29,1,26,0,5.771,0.146,0,2.153,2.155,0.144,0,0.0,0.0,0,0,1,0,0,Brute Force
13,0,0,0,3,2.809,1.645,1,0.05,3.069,0.0,2,8.77,34.278,0,0,1,0,0,Unknown Behaviour
11,9,2,14,0,4.153,0.286,1,1.613,3.124,0.165,0,0.0,0.0,1,0,0,0,0,Brute Force
48,46,1,43,0,12.316,0.097,1,1.927,1.551,0.088,0,0.0,0.0,0,0,1,0,0,Brute Force
34,1,1,0,33,2.352,0.157,0,0.0,0.0,0.0,28,14.17,385.93,0,1,0,0,0,Web Enumeration
2,0,1,0,1,1.808,0.53,0,0.0,0.0,0.0,1,26.95,26.42,0,0,1,0,0,Malware Download
11,0,0,0,8,1.653,0.174,1,0.0,0.0,0.0,7,9.53,237.76,1,0,0,0,0,Recon Scan
3,0,0,1,1,0.893,0.105,0,0.0,0.0,0.0,1,46.66,91.892,0,0,1,0,0,Malware Download
22,1,1,0,22,1.766,0.151,2,0.0,0.0,0.0,18,10.17,343.906,0,1,0,0,0,Web Enumeration
3,0,1,1,1,1.09,0.513,0,0.0,0.0,0.0,1,25.82,57.66,0,0,1,0,0,Malware Download
9,1,2,2,4,0.369,0.789,2,2.831,1.234,0.626,1,12.14,48.776,1,0,0,0,0,Unknown Behaviour
5,5,3,8,0,2.194,0.253,0,2.413,2.398,0.119,0,0.0,0.0,0,0,1,0,0,Brute Force
26,25,15,20,0,4.817,0.068,3,3.72,3.287,0.038,0,0.0,0.0,0,1,0,0,0,Credential Stuffing
21,1,1,0,21,2.351,0.207,3,0.0,0.0,0.0,15,17.74,222.811,0,1,0,0,0,Web Enumeration
11,10,7,4,0,0.424,0.223,3,3.254,3.848,0.0,0,0.0,0.0,0,1,0,0,0,Credential Stuffing
19,0,0,0,16,1.43,0.081,6,0.0,0.0,0.0,12,12.44,252.532,0,0,1,0,0,Recon Scan
23,0,1,1,22,3.028,0.072,3,0.0,0.0,0.0,19,17.84,318.208,0,1,0,0,0,Web Enumeration
27,25,2,26,0,5.548,0.19,0,2.509,2.422,0.218,0,0.0,0.0,1,0,0,0,0,Brute Force
1,2,0,1,5,2.246,0.194,3,0.436,1.521,0.0,1,23.94,118.579,0,0,1,0,0,Unknown Behaviour
4,1,1,1,3,0.055,0.672,0,0.0,0.0,0.0,3,24.45,76.946,0,1,0,0,0,Malware Download
33,33,23,22,0,6.079,0.295,4,3.169,3.455,0.137,0,0.0,0.0,0,1,0,0,0,Credential Stuffing
3,0,1,1,2,1.443,0.317,0,0.0,0.0,0.0,2,34.31,96.085,0,0,1,0,0,Malware Download
15,0,0,0,12,1.646,0.12,2,0.0,0.0,0.0,12,5.66,270.123,0,0,1,0,0,Recon Scan
31,30,1,21,0,6.355,0.492,0,1.69,2.234,0.095,0,0.0,0.0,0,0,1,0,0,Brute Force
4,0,1,0,2,0.864,0.379,1,0.0,0.0,0.0,2,31.22,154.326,0,1,0,0,0,Malware Download
7,2,1,0,5,3.227,0.262,0,0.0,0.0,0.0,2,58.04,66.79,0,1,0,0,0,Exploit Attempt
13,0,0,0,13,0.563,0.07,5,0.0,0.0,0.0,5,13.43,242.101,1,0,0,0,0,Recon Scan
11,0,0,0,7,2.191,0.172,3,0.0,0.0,0.0,8,8.28,241.929,0,0,1,0,0,Recon Scan
12,0,1,1,3,1.901,1.971,0,0.149,0.26,0.259,0,7.95,59.585,0,0,0,1,0,Unknown Behaviour
4,0,1,0,2,1.516,0.163,1,0.0,0.0,0.0,1,68.0,33.961,0,0,0,0,1,Exploit Attempt
14,1,0,1,14,2.281,0.114,2,0.0,0.0,0.0,10,9.75,266.004,0,1,0,0,0,Web Enumeration
33,32,2,27,0,7.513,0.236,1,1.864,2.232,0.246,0,0.0,0.0,0,0,1,0,0,Brute Force
7,1,0,0,5,1.213,0.059,2,0.0,0.0,0.0,2,73.78,22.393,0,1,0,0,0,Exploit Attempt
19,17,12,19,0,0.141,0.302,1,3.28,4.152,0.037,0,0.0,0.0,0,1,0,0,0,Credential Stuffing
8,8,5,11,0,5.34,0.273,4,3.451,3.601,0.071,0,0.0,0.0,1,0,0,0,0,Credential Stuffing
9,1,1,0,9,5.925,0.092,6,0.0,0.0,0.0,6,7.74,349.865,0,1,0,0,0,Web Enumeration
30,28,21,23,0,3.563,0.181,0,3.411,3.54,0.027,0,0.0,0.0,0,0,1,0,0,Credential Stuffing
35,35,18,34,0,9.633,0.268,0,3.094,3.502,0.052,0,0.0,0.0,0,1,0,0,0,Credential Stuffing
22,1,0,0,22,2.019,0.106,0,0.0,0.0,0.0,14,13.54,317.138,0,1,0,0,0,Web Enumeration
4,1,0,0,2,0.943,0.236,1,0.0,0.0,0.0,2,23.37,83.386,0,0,1,0,0,Malware Download
3,0,0,0,1,0.753,0.577,0,0.0,0.0,0.0,1,21.61,119.149,0,0,1,0,0,Malware Download
10,3,2,0,2,4.527,0.606,0,0.146,1.901,0.421,1,5.83,78.366,0,0,1,0,0,Unknown Behaviour
4,1,1,1,3,3.366,0.193,0,0.0,0.0,0.0,1,74.91,47.367,0,1,0,0,0,Exploit Attempt
21,0,0,0,16,1.079,0.106,5,0.0,0.0,0.0,13,7.11,283.431,0,1,0,0,0,Recon Scan
17,0,0,0,13,3.8,0.105,7,0.0,0.0,0.0,12,11.89,176.523,1,0,0,0,0,Recon Scan
10,0,0,2,0,4.695,0.062,2,0.058,0.17,0.311,2,32.94,45.031,0,0,0,0,1,Unknown Behaviour
4,1,1,0,2,1.312,0.536,1,0.0,0.0,0.0,2,37.9,57.454,0,1,0,0,0,Malware Download
30,28,19,26,0,0.055,0.373,2,4.138,3.365,0.0,0,0.0,0.0,0,1,0,0,0,Credential Stuffing
3,1,0,1,1,1.236,0.353,1,0.0,0.0,0.0,1,35.4,95.53,0,0,1,0,0,Malware Download
20,18,2,14,0,4.023,0.354,4,2.387,2.444,0.217,0,0.0,0.0,0,0,0,1,0,Brute Force
4,0,1,0,3,2.117,0.843,2,0.0,0.0,0.0,3,70.71,40.632,0,0,1,0,0,Exploit Attempt
27,27,13,21,0,5.66,0.158,2,3.114,3.312,0.065,0,0.0,0.0,0,0,1,0,0,Credential Stuffing
3,0,0,0,1,2.732,0.128,4,0.0,0.0,0.0,4,10.45,293.064,0,0,0,0,1,Recon Scan
5,0,0,0,4,1.595,2.321,0,1.424,3.731,0.399,2,6.15,19.96,0,0,0,1,0,Unknown Behaviour
9,0,0,0,7,2.936,0.128,0,0.0,0.0,0.0,5,14.35,207.172,0,1,0,0,0,Recon Scan
30,30,1,22,0,7.248,0.269,0,1.581,1.551,0.072,0,0.0,0.0,0,0,1,0,0,Brute Force
13,0,0,0,11,2.669,0.042,5,0.0,0.0,0.0,8,1.45,92.31,0,0,0,0,1,Recon Scan
3,1,1,1,1,0.856,0.437,0,0.0,0.0,0.0,1,21.18,103.792,0,0,1,0,0,Malware Download
12,0,0,0,11,2.277,0.095,3,0.0,0.0,0.0,7,10.4,231.706,0,1,0,0,0,Recon Scan
22,20,1,21,0,4.717,0.18,0,1.839,3.005,0.348,0,0.0,0.0,0,0,0,1,0,Brute Force
4,0,0,0,3,1.411,0.022,0,0.0,0.0,0.0,3,30.46,69.731,0,1,0,0,0,Malware Download
3,1,0,1,1,0.96,0.457,1,0.0,0.0,0.0,1,18.14,64.809,0,0,1,0,0,Malware Download
4,2,1,0,3,2.065,0.623,0,0.0,0.0,0.0,2,108.45,14.743,0,0,0,0,1,Exploit Attempt
2,0,1,0,1,1.29,0.405,0,0.0,0.0,0.0,1,32.07,84.074,0,0,1,0,0,Malware Download
9,0,0,0,7,2.379,0.025,1,0.0,0.0,0.0,2,9.1,152.902,0,1,0,0,0,Recon Scan
5,0,0,0,2,2.272,0.086,2,0.0,0.0,0.0,6,5.86,172.111,1,0,0,0,0,Recon Scan
15,1,1,0,14,4.496,0.111,0,0.0,0.0,0.0,8,20.88,308.217,0,1,0,0,0,Web Enumeration
11,0,0,0,8,0.597,0.085,6,0.0,0.0,0.0,6,4.82,276.556,0,1,0,0,0,Recon Scan
3,0,1,0,1,0.552,0.438,1,0.0,0.0,0.0,1,28.45,136.703,0,0,1,0,0,Malware Download
3,1,0,1,2,0.076,0.327,0,0.0,0.0,0.0,2,25.25,111.43,0,0,1,0,0,Malware Download
8,0,0,0,8,1.136,0.106,3,0.0,0.0,0.0,7,6.46,155.466,0,1,0,0,0,Recon Scan
25,23,15,13,0,5.933,0.198,2,3.356,3.525,0.015,0,0.0,0.0,0,0,1,0,0,Credential Stuffing
28,1,1,0,28,4.437,0.088,2,0.0,0.0,0.0,23,8.75,271.795,0,1,0,0,0,Web Enumeration
15,14,1,9,0,3.408,0.24,1,1.482,2.937,0.204,0,0.0,0.0,1,0,0,0,0,Brute Force
14,14,1,15,0,3.133,0.425,1,1.68,2.14,0.084,0,0.0,0.0,0,0,1,0,0,Brute Force
3,0,0,1,2,2.45,0.886,0,0.0,0.0,0.0,1,94.73,54.661,0,1,0,0,0,Exploit Attempt
4,1,1,0,2,1.35,0.251,1,0.0,0.0,0.0,2,14.96,87.048,0,0,1,0,0,Malware Download
4,0,0,0,2,0.201,0.975,1,0.0,0.0,0.0,1,73.84,49.306,0,0,0,0,1,Exploit Attempt
18,18,8,12,0,0.718,0.218,3,3.653,3.562,0.0,0,0.0,0.0,0,1,0,0,0,Credential Stuffing
3,2,0,0,2,1.61,0.473,3,0.0,0.0,0.0,1,69.53,55.627,0,1,0,0,0,Exploit Attempt
35,33,22,32,0,6.532,0.216,3,3.253,3.199,0.07,0,0.0,0.0,1,0,0,0,0,Credential Stuffing
18,1,0,0,18,4.989,0.001,2,0.0,0.0,0.0,16,13.89,194.258,0,1,0,0,0,Web Enumeration
13,0,0,0,10,2.19,0.079,4,0.0,0.0,0.0,10,8.07,247.407,0,1,0,0,0,Recon Scan
24,0,0,1,24,4.879,0.177,0,0.0,0.0,0.0,22,14.68,286.686,0,1,0,0,0,Web Enumeration
33,32,2,27,0,11.112,0.312,0,2.102,2.358,0.387,0,0.0,0.0,0,0,1,0,0,Brute Force
14,0,0,0,11,0.691,0.134,2,0.0,0.0,0.0,8,6.17,298.07,0,0,1,0,0,Recon Scan
6,1,1,0,4,1.93,0.154,1,0.0,0.0,0.0,2,42.99,37.907,0,1,0,0,0,Exploit Attempt
40,40,28,30,0,8.425,0.079,0,3.437,3.609,0.011,0,0.0,0.0,0,1,0,0,0,Credential Stuffing
3,2,0,1,2,2.259,0.567,0,0.0,0.0,0.0,1,86.25,69.454,0,0,0,0,1,Exploit Attempt
9,2,0,1,7,1.888,0.425,0,0.0,0.0,0.0,4,71.74,68.373,0,1,0,0,0,Exploit Attempt
5,0,0,1,4,3.243,0.315,1,0.0,0.0,0.0,1,62.6,34.507,0,0,0,0,1,Exploit Attempt
37,37,1,37,0,8.757,0.129,1,1.805,1.677,0.232,0,0.0,0.0,1,0,0,0,0,Brute Force
21,19,10,14,0,7.019,0.188,2,4.106,3.721,0.019,0,0.0,0.0,1,0,0,0,0,Credential Stuffing
12,0,0,0,7,2.026,0.067,4,0.0,0.0,0.0,7,14.78,338.936,0,0,0,1,0,Recon Scan
8,0,0,0,6,1.321,0.087,3,0.0,0.0,0.0,6,5.97,262.411,0,1,0,0,0,Recon Scan
4,0,1,0,2,1.11,0.302,0,0.0,0.0,0.0,2,30.74,100.4,0,0,1,0,0,Malware Download
13,0,0,0,7,2.156,0.046,6,0.0,0.0,0.0,11,9.87,229.434,0,0,1,0,0,Recon Scan
11,11,2,12,0,3.222,0.397,0,1.726,2.115,0.032,0,0.0,0.0,1,0,0,0,0,Brute Force
5,1,1,0,3,0.637,0.488,0,0.0,0.0,0.0,3,23.38,73.414,0,0,1,0,0,Malware Download
6,0,0,0,5,0.335,0.269,0,0.0,0.0,0.0,3,110.28,39.113,0,1,0,0,0,Exploit Attempt
19,0,0,0,16,2.27,0.148,5,0.0,0.0,0.0,12,8.51,194.346,1,0,0,0,0,Recon Scan
27,26,18,30,0,3.044,0.185,0,3.139,3.386,0.083,0,0.0,0.0,0,0,1,0,0,Credential Stuffing
4,2,0,1,2,2.291,0.425,0,0.0,0.0,0.0,2,68.27,47.78,0,1,0,0,0,Exploit Attempt
12,0,0,0,2,6.208,1.821,2,1.978,0.669,0.453,1,2.09,27.141,0,1,0,0,0,Unknown Behaviour
29,28,1,27,0,12.125,0.371,2,2.102,1.716,0.217,0,0.0,0.0,1,0,0,0,0,Brute Force
2,2,1,1,1,1.306,4.641,0,0.524,1.175,0.459,3,5.78,6.599,0,0,0,0,1,Unknown Behaviour
29,29,1,22,0,10.586,0.12,1,1.888,2.586,0.13,0,0.0,0.0,0,0,1,0,0,Brute Force
7,2,1,1,6,0.751,0.912,0,0.0,0.0,0.0,3,72.76,30.14,0,0,0,0,1,Exploit Attempt
10,3,1,1,1,2.76,0.102,1,0.344,3.0,0.0,2,12.65,23.849,0,0,1,0,0,Unknown Behaviour
11,2,1,0,2,6.18,1.716,1,0.445,0.39,0.074,2,43.36,5.052,0,0,0,0,1,Unknown Behaviour
23,21,1,14,0,4.943,0.499,3,1.823,2.849,0.24,0,0.0,0.0,1,0,0,0,0,Brute Force
31,30,13,20,0,6.785,0.234,0,2.737,3.726,0.014,0,0.0,0.0,0,1,0,0,0,Credential Stuffing
11,11,1,12,0,7.853,0.309,0,1.545,2.521,0.039,0,0.0,0.0,0,0,1,0,0,Brute Force
15,0,0,0,14,0.195,0.138,0,0.0,0.0,0.0,11,18.46,389.798,0,1,0,0,0,Web Enumeration
7,1,1,0,5,3.285,0.508,1,0.0,0.0,0.0,5,59.43,40.385,0,0,1,0,0,Exploit Attempt
14,0,0,0,15,1.777,0.124,1,0.0,0.0,0.0,7,13.75,164.591,0,0,0,0,1,Recon Scan
17,17,2,17,0,6.554,0.479,1,1.862,2.231,0.077,0,0.0,0.0,0,0,0,1,0,Brute Force
8,0,0,0,5,1.698,0.062,2,0.0,0.0,0.0,2,10.17,252.719,0,0,0,0,1,Recon Scan
6,1,1,0,5,0.045,0.67,1,0.0,0.0,0.0,3,46.5,1.236,0,0,0,0,1,Exploit Attempt
7,2,0,1,5,1.971,0.571,1,0.0,0.0,0.0,3,95.51,28.202,0,1,0,0,0,Exploit Attempt
7,0,0,1,5,3.156,0.174,1,0.0,0.0,0.0,1,70.71,40.877,0,0,1,0,0,Exploit Attempt
22,1,0,0,22,2.724,0.165,0,0.0,0.0,0.0,14,16.08,152.623,0,1,0,0,0,Web Enumeration
2,0,0,0,1,0.275,0.535,1,0.0,0.0,0.0,1,55.02,21.052,0,0,0,0,1,Exploit Attempt
13,0,0,0,12,2.226,0.139,4,0.0,0.0,0.0,8,7.17,106.124,0,1,0,0,0,Recon Scan
15,0,0,0,8,1.197,0.155,5,0.0,0.0,0.0,7,10.83,91.75,0,0,1,0,0,Recon Scan
29,28,1,23,0,6.784,0.247,1,1.463,2.039,0.201,0,0.0,0.0,0,0,1,0,0,Brute Force
5,0,1,1,3,0.457,0.755,0,0.0,0.0,0.0,1,35.94,72.444,0,1,0,0,0,Exploit Attempt
4,1,0,1,3,3.087,0.73,1,0.0,0.0,0.0,3,72.8,61.984,0,0,1,0,0,Exploit Attempt
37,35,22,30,0,6.976,0.173,0,3.268,3.204,0.016,0,0.0,0.0,1,0,0,0,0,Credential Stuffing
4,0,0,1,2,1.591,0.064,3,0.0,0.0,0.0,1,74.13,31.552,0,1,0,0,0,Exploit Attempt
2,1,1,0,1,0.63,0.419,1,0.0,0.0,0.0,1,38.24,96.257,0,0,1,0,0,Malware Download
5,1,0,0,3,0.864,0.505,0,0.0,0.0,0.0,3,33.08,115.903,0,0,1,0,0,Malware Download
42,40,1,39,0,12.078,0.362,2,2.154,2.026,0.101,0,0.0,0.0,0,0,0,1,0,Brute Force
3,1,0,1,2,3.869,0.922,1,0.255,2.851,0.362,0,3.57,45.566,1,0,0,0,0,Unknown Behaviour
34,32,15,20,0,6.173,0.323,2,3.185,3.812,0.0,0,0.0,0.0,1,0,0,0,0,Credential Stuffing
10,2,0,0,8,1.574,0.948,0,0.0,0.0,0.0,4,60.1,16.048,0,0,1,0,0,Exploit Attempt
22,20,11,17,0,2.241,0.197,0,3.43,3.711,0.063,0,0.0,0.0,0,0,1,0,0,Credential Stuffing
25,25,21,18,0,4.056,0.029,1,3.597,3.851,0.054,0,0.0,0.0,0,1,0,0,0,Credential Stuffing
3,1,0,1,1,0.866,0.38,0,0.0,0.0,0.0,1,36.39,46.7,0,1,0,0,0,Malware Download
1,2,1,0,1,0.767,0.545,1,1.116,1.711,0.409,3,8.85,0.472,0,0,1,0,0,Unknown Behaviour
26,1,0,0,25,0.069,0.055,0,0.0,0.0,0.0,23,11.23,225.757,0,1,0,0,0,Web Enumeration
16,0,0,0,13,2.463,0.114,2,0.0,0.0,0.0,12,9.33,220.08,0,1,0,0,0,Recon Scan
10,0,0,0,11,0.619,0.111,3,0.0,0.0,0.0,6,8.66,226.426,0,0,0,0,1,Recon Scan
43,41,11,31,0,8.108,0.134,3,3.761,3.176,0.134,0,0.0,0.0,0,1,0,0,0,Credential Stuffing
14,0,0,0,13,4.313,0.015,2,0.0,0.0,0.0,8,6.45,155.345,0,1,0,0,0,Recon Scan
8,0,0,0,4,1.304,0.141,1,0.0,0.0,0.0,2,11.47,183.821,0,1,0,0,0,Recon Scan
12,0,0,0,8,1.972,0.151,4,0.0,0.0,0.0,9,9.16,220.005,0,1,0,0,0,Recon Scan
6,2,0,1,7,1.228,2.094,0,2.274,1.411,0.026,0,10.7,12.413,0,0,0,1,0,Unknown Behaviour
7,2,0,1,5,3.988,0.07,0,3.518,1.577,0.354,0,13.63,58.655,0,0,1,0,0,Unknown Behaviour
24,22,13,23,0,1.577,0.435,0,2.791,3.582,0.005,0,0.0,0.0,0,1,0,0,0,Credential Stuffing
3,1,1,1,1,1.647,0.143,0,0.0,0.0,0.0,1,37.63,98.799,0,1,0,0,0,Malware Download
17,3,0,0,1,3.09,0.458,0,1.401,0.722,0.619,1,13.56,41.126,0,0,0,1,0,Unknown Behaviour
17,0,0,0,13,1.703,0.045,4,0.0,0.0,0.0,12,5.09,216.928,0,0,1,0,0,Recon Scan
22,1,0,0,21,0.583,0.118,0,0.0,0.0,0.0,20,8.76,224.909,0,1,0,0,0,Web Enumeration
12,0,0,0,7,0.686,0.108,4,0.0,0.0,0.0,10,13.71,314.2,1,0,0,0,0,Recon Scan
32,30,23,28,0,7.529,0.376,0,3.811,3.303,0.027,0,0.0,0.0,0,1,0,0,0,Credential Stuffing
44,42,23,32,0,5.217,0.129,2,3.496,3.78,0.072,0,0.0,0.0,0,0,1,0,0,Credential Stuffing
23,21,2,23,0,6.78,0.256,3,2.161,2.156,0.206,0,0.0,0.0,1,0,0,0,0,Brute Force
4,0,1,0,3,2.725,0.162,1,0.0,0.0,0.0,1,62.13,74.16,0,0,1,0,0,Exploit Attempt
2,0,0,1,1,0.58,0.183,0,0.0,0.0,0.0,1,13.61,76.585,0,1,0,0,0,Malware Download
4,1,1,1,3,2.069,0.738,0,0.0,0.0,0.0,3,65.89,5.931,0,0,0,0,1,Exploit Attempt
19,0,0,1,19,5.623,0.039,1,0.0,0.0,0.0,19,14.87,204.613,0,1,0,0,0,Web Enumeration
9,2,0,1,7,2.244,0.674,0,0.0,0.0,0.0,4,68.85,19.018,0,0,1,0,0,Exploit Attempt
19,0,0,0,18,3.533,0.156,1,0.0,0.0,0.0,15,13.8,180.238,0,1,0,0,0,Web Enumeration
42,41,30,29,0,11.198,0.053,3,3.252,3.321,0.075,0,0.0,0.0,1,0,0,0,0,Credential Stuffing
2,1,1,1,1,0.243,0.086,0,0.0,0.0,0.0,1,18.86,80.499,0,1,0,0,0,Malware Download
34,32,27,20,0,6.459,0.177,2,3.458,3.942,0.053,0,0.0,0.0,1,0,0,0,0,Credential Stuffing
4,1,0,0,3,2.187,0.32,2,0.0,0.0,0.0,1,73.88,54.792,0,0,0,0,1,Exploit Attempt
12,0,0,2,1,5.581,1.394,3,0.181,0.179,0.556,0,16.75,91.936,1,0,0,0,0,Unknown Behaviour
3,1,1,1,1,0.687,0.558,1,0.0,0.0,0.0,1,37.9,147.4,0,1,0,0,0,Malware Download
32,30,20,24,0,6.722,0.067,2,3.254,3.705,0.087,0,0.0,0.0,0,1,0,0,0,Credential Stuffing
23,23,1,25,0,8.224,0.216,1,1.892,1.993,0.118,0,0.0,0.0,1,0,0,0,0,Brute Force
4,0,0,0,2,1.186,0.609,0,0.0,0.0,0.0,2,25.57,130.435,0,0,1,0,0,Malware Download
4,1,0,0,3,1.166,0.428,0,0.0,0.0,0.0,1,69.8,39.114,0,0,0,0,1,Exploit Attempt
41,41,2,39,0,10.376,0.223,1,1.667,2.5,0.209,0,0.0,0.0,0,0,1,0,0,Brute Force
23,21,1,20,0,6.271,0.446,1,1.501,3.091,0.132,0,0.0,0.0,0,0,0,1,0,Brute Force
2,1,0,1,1,0.85,0.454,0,0.0,0.0,0.0,1,22.75,133.031,0,0,1,0,0,Malware Download
10,0,0,0,9,1.454,0.076,3,0.0,0.0,0.0,11,3.8,249.987,0,1,0,0,0,Recon Scan
3,0,1,1,1,1.25,0.555,1,0.0,0.0,0.0,1,74.6,22.741,0,1,0,0,0,Exploit Attempt
13,0,0,0,12,1.386,0.189,4,0.0,0.0,0.0,9,6.27,245.11,0,1,0,0,0,Recon Scan
5,1,0,2,1,2.152,0.216,1,0.605,0.272,0.0,4,9.78,17.169,0,1,0,0,0,Unknown Behaviour
4,0,0,0,7,0.904,1.292,2,1.667,2.197,0.211,0,12.25,52.194,0,0,0,0,1,Unknown Behaviour
44,43,17,37,0,7.526,0.024,1,3.769,3.221,0.143,0,0.0,0.0,0,1,0,0,0,Credential Stuffing
13,0,0,0,12,1.598,0.217,3,0.0,0.0,0.0,9,6.6,198.909,0,0,0,0,1,Recon Scan
38,38,27,30,0,7.863,0.173,1,3.236,3.681,0.019,0,0.0,0.0,1,0,0,0,0,Credential Stuffing
33,0,0,1,32,3.39,0.103,3,0.0,0.0,0.0,25,12.57,143.711,0,1,0,0,0,Web Enumeration
20,0,0,0,19,2.758,0.157,2,0.0,0.0,0.0,14,18.62,291.812,0,1,0,0,0,Web Enumeration
29,29,2,25,0,8.718,0.433,3,1.797,2.314,0.204,0,0.0,0.0,1,0,0,0,0,Brute Force
11,0,0,0,10,0.465,0.099,3,0.0,0.0,0.0,5,4.31,261.145,0,1,0,0,0,Recon Scan
2,1,0,1,1,0.243,0.342,0,0.0,0.0,0.0,1,13.39,78.159,0,0,1,0,0,Malware Download
22,0,0,1,21,3.043,0.194,6,0.0,0.0,0.0,18,10.36,132.734,0,1,0,0,0,Web Enumeration
6,1,0,0,0,1.674,3.045,0,3.906,0.438,0.372,3,10.62,85.295,0,0,1,0,0,Unknown Behaviour
11,0,0,0,8,0.819,0.161,3,0.0,0.0,0.0,6,7.94,251.939,0,0,1,0,0,Recon Scan
2,1,0,0,1,0.994,0.572,0,0.0,0.0,0.0,1,32.09,141.407,0,0,1,0,0,Malware Download
3,1,0,0,1,0.713,0.174,0,0.0,0.0,0.0,1,41.05,77.904,0,1,0,0,0,Malware Download
21,20,1,25,0,5.757,0.235,3,1.972,2.876,0.193,0,0.0,0.0,1,0,0,0,0,Brute Force
18,1,1,0,18,5.933,0.275,0,0.0,0.0,0.0,14,16.0,225.405,0,1,0,0,0,Web Enumeration
10,1,2,1,4,1.091,0.263,2,1.655,1.057,0.534,3,26.2,64.678,0,0,0,0,1,Unknown Behaviour
3,2,0,1,0,2.581,0.401,0,1.728,0.482,0.05,2,34.54,30.246,1,0,0,0,0,Unknown Behaviour
17,2,0,1,0,1.985,0.117,4,0.161,1.576,0.094,3,19.4,80.182,0,0,1,0,0,Unknown Behaviour
3,0,1,0,0,2.648,0.821,1,2.258,0.697,0.663,0,9.14,17.754,0,1,0,0,0,Unknown Behaviour
8,1,0,3,0,11.678,0.885,1,0.234,1.567,0.595,2,29.6,13.053,0,0,0,0,1,Unknown Behaviour
14,1,1,0,13,3.201,0.103,1,0.0,0.0,0.0,7,11.52,260.617,0,1,0,0,0,Web Enumeration
7,1,0,0,4,3.851,1.718,0,1.086,0.03,0.289,2,26.1,62.321,0,0,0,0,1,Unknown Behaviour
21,21,1,16,0,4.31,0.143,1,1.59,1.675,0.198,0,0.0,0.0,1,0,0,0,0,Brute Force
2,1,0,1,1,1.721,0.293,0,0.0,0.0,0.0,1,30.91,83.491,0,1,0,0,0,Malware Download
10,10,3,7,0,5.991,0.304,3,1.693,2.55,0.16,0,0.0,0.0,1,0,0,0,0,Brute Force
4,0,0,0,2,0.881,0.523,1,0.0,0.0,0.0,2,44.83,98.231,0,0,1,0,0,Malware Download
38,36,19,23,0,5.99,0.325,1,3.615,4.055,0.049,0,0.0,0.0,1,0,0,0,0,Credential Stuffing
18,0,0,0,13,0.477,0.109,4,0.0,0.0,0.0,15,11.51,241.412,0,0,0,0,1,Recon Scan
6,2,0,0,5,2.944,0.193,1,0.0,0.0,0.0,5,64.47,69.99,0,1,0,0,0,Exploit Attempt
6,5,1,4,0,3.191,0.009,1,2.203,1.719,0.198,0,0.0,0.0,0,0,1,0,0,Brute Force
4,1,0,1,3,2.667,0.642,0,0.0,0.0,0.0,1,56.18,27.544,0,1,0,0,0,Exploit Attempt
30,0,0,1,29,2.401,0.129,3,0.0,0.0,0.0,20,9.57,238.912,0,1,0,0,0,Web Enumeration
3,1,1,1,1,5.407,0.053,1,1.362,1.04,0.186,1,15.48,18.291,0,0,1,0,0,Unknown Behaviour
9,3,1,0,10,6.65,0.013,1,1.183,1.233,0.802,7,13.18,43.395,0,1,0,0,0,Unknown Behaviour
11,3,0,1,3,3.094,1.877,0,0.811,1.64,0.28,4,17.73,61.141,0,0,0,0,1,Unknown Behaviour
22,20,4,15,0,2.984,0.279,2,3.188,3.462,0.041,0,0.0,0.0,0,0,1,0,0,Credential Stuffing
2,1,1,1,1,0.903,0.245,1,0.0,0.0,0.0,1,34.51,150.076,0,0,1,0,0,Malware Download
17,17,3,13,0,5.3,0.076,2,1.62,2.123,0.264,0,0.0,0.0,1,0,0,0,0,Brute Force
8,0,0,0,5,2.304,0.186,1,0.0,0.0,0.0,6,5.88,248.482,1,0,0,0,0,Recon Scan
2,0,0,0,1,1.345,0.179,1,0.0,0.0,0.0,1,8.44,140.233,0,1,0,0,0,Malware Download
29,29,15,20,0,7.963,0.01,1,3.259,3.726,0.0,0,0.0,0.0,0,1,0,0,0,Credential Stuffing
3,1,0,1,1,1.055,0.361,0,0.0,0.0,0.0,1,31.84,95.651,0,1,0,0,0,Malware Download
6,2,0,1,5,0.829,0.8,1,0.0,0.0,0.0,4,84.55,38.301,0,0,0,0,1,Exploit Attempt
7,2,0,1,1,0.49,3.548,0,0.409,0.304,0.052,2,25.6,29.254,0,0,0,0,1,Unknown Behaviour
25,1,1,0,25,3.64,0.155,2,0.0,0.0,0.0,19,13.86,219.265,0,1,0,0,0,Web Enumeration
28,1,1,0,27,4.728,0.234,0,0.0,0.0,0.0,23,18.89,279.064,0,1,0,0,0,Web Enumeration
12,0,0,0,15,2.335,0.152,5,0.0,0.0,0.0,11,8.43,96.714,0,1,0,0,0,Recon Scan
2,3,1,2,1,0.349,1.986,2,0.343,1.197,0.0,2,38.1,22.034,0,0,0,1,0,Unknown Behaviour
6,2,0,1,5,3.485,0.436,2,0.0,0.0,0.0,2,62.58,50.195,0,0,0,0,1,Exploit Attempt
22,20,1,17,0,4.703,0.308,0,2.029,2.753,0.174,0,0.0,0.0,1,0,0,0,0,Brute Force
4,1,1,0,0,4.884,2.256,1,0.2,0.397,0.323,3,30.61,53.375,0,0,0,0,1,Unknown Behaviour
23,21,2,18,0,10.115,0.483,0,1.875,2.348,0.302,0,0.0,0.0,0,0,0,1,0,Brute Force
36,36,1,34,0,11.917,0.204,2,1.657,2.056,0.27,0,0.0,0.0,0,0,1,0,0,Brute Force
19,0,0,0,17,1.598,0.053,2,0.0,0.0,0.0,13,9.11,214.548,0,1,0,0,0,Recon Scan
15,0,0,0,9,1.268,0.113,4,0.0,0.0,0.0,11,6.25,223.897,0,0,1,0,0,Recon Scan
2,1,0,0,1,0.878,0.54,1,0.0,0.0,0.0,1,17.95,131.539,0,1,0,0,0,Malware Download
2,1,0,1,1,0.32,0.164,0,0.0,0.0,0.0,1,29.44,100.943,0,1,0,0,0,Malware Download
34,33,2,32,0,10.53,0.47,2,1.96,2.348,0.019,0,0.0,0.0,1,0,0,0,0,Brute Force
39,37,21,28,0,9.667,0.366,0,3.321,3.705,0.069,0,0.0,0.0,0,1,0,0,0,Credential Stuffing
14,0,1,0,14,4.226,0.194,1,0.0,0.0,0.0,16,8.15,376.167,0,1,0,0,0,Web Enumeration
7,2,0,1,6,1.555,0.212,2,0.0,0.0,0.0,3,42.4,36.261,0,0,0,0,1,Exploit Attempt
5,0,1,1,4,0.625,0.199,1,0.0,0.0,0.0,4,26.72,108.632,0,1,0,0,0,Malware Download
2,0,0,1,1,1.987,0.341,1,0.0,0.0,0.0,1,71.16,43.907,0,0,0,0,1,Exploit Attempt
3,0,0,0,2,0.974,0.426,0,0.0,0.0,0.0,2,39.09,126.283,0,1,0,0,0,Malware Download
24,24,11,17,0,8.479,0.31,0,3.259,3.217,0.078,0,0.0,0.0,1,0,0,0,0,Credential Stuffing
2,1,0,0,1,0.871,0.521,0,0.0,0.0,0.0,1,36.54,119.781,0,1,0,0,0,Malware Download
3,1,1,0,1,2.245,0.436,2,0.0,0.0,0.0,1,24.64,135.827,0,1,0,0,0,Malware Download
40,40,15,31,0,6.484,0.187,0,3.394,3.288,0.0,0,0.0,0.0,1,0,0,0,0,Credential Stuffing
6,0,1,0,2,0.546,0.966,2,1.022,0.536,0.041,1,36.14,24.544,0,0,0,0,1,Unknown Behaviour
16,15,7,4,0,2.874,0.075,4,3.226,3.804,0.094,0,0.0,0.0,1,0,0,0,0,Credential Stuffing
26,24,1,22,0,4.891,0.166,1,2.069,1.815,0.191,0,0.0,0.0,0,0,1,0,0,Brute Force
2,1,1,0,1,0.81,0.696,1,0.0,0.0,0.0,1,79.52,37.805,0,1,0,0,0,Exploit Attempt
15,1,0,0,0,0.176,0.262,0,1.398,2.344,0.292,4,6.12,18.055,1,0,0,0,0,Unknown Behaviour
3,0,1,1,2,1.655,0.697,1,0.0,0.0,0.0,2,89.23,79.128,0,1,0,0,0,Exploit Attempt
4,0,0,1,2,0.694,0.485,0,0.0,0.0,0.0,2,49.42,122.125,0,1,0,0,0,Malware Download
11,2,0,0,1,3.921,2.188,2,0.6,1.096,0.277,1,4.7,36.069,0,0,0,1,0,Unknown Behaviour
16,15,7,7,0,2.26,0.168,1,3.678,3.029,0.0,0,0.0,0.0,1,0,0,0,0,Credential Stuffing
25,0,0,1,24,1.604,0.101,5,0.0,0.0,0.0,16,16.88,263.294,0,1,0,0,0,Web Enumeration
5,0,0,1,3,0.95,0.491,1,0.0,0.0,0.0,3,25.51,108.055,0,0,1,0,0,Malware Download
38,37,27,32,0,4.745,0.401,3,3.247,3.291,0.07,0,0.0,0.0,1,0,0,0,0,Credential Stuffing
11,0,0,0,6,0.517,0.114,5,0.0,0.0,0.0,7,9.21,254.27,0,1,0,0,0,Recon Scan
12,11,4,15,0,3.064,0.082,1,3.867,3.814,0.013,0,0.0,0.0,0,1,0,0,0,Credential Stuffing
9,0,0,1,7,0.691,0.333,1,0.0,0.0,0.0,4,64.88,46.654,0,0,1,0,0,Exploit Attempt
20,0,0,1,19,2.321,0.087,3,0.0,0.0,0.0,15,15.74,283.761,0,1,0,0,0,Web Enumeration
8,0,0,0,6,1.866,0.121,1,0.0,0.0,0.0,7,6.6,257.971,0,0,1,0,0,Recon Scan
44,42,23,31,0,8.333,0.221,0,3.33,3.369,0.001,0,0.0,0.0,0,1,0,0,0,Credential Stuffing
10,0,0,0,4,0.897,0.045,1,0.0,0.0,0.0,10,9.82,242.781,0,0,1,0,0,Recon Scan
24,0,0,0,24,5.096,0.026,4,0.0,0.0,0.0,24,18.08,113.253,0,1,0,0,0,Web Enumeration
50,48,30,40,0,13.118,0.155,1,3.024,3.548,0.0,0,0.0,0.0,0,1,0,0,0,Credential Stuffing
2,0,1,0,1,1.765,0.292,1,0.0,0.0,0.0,1,39.06,71.158,0,1,0,0,0,Malware Download
7,1,0,1,0,1.555,0.823,1,0.965,2.483,0.299,1,11.3,98.937,0,1,0,0,0,Unknown Behaviour
51,49,26,29,0,11.86,0.35,4,3.712,3.96,0.052,0,0.0,0.0,1,0,0,0,0,Credential Stuffing
15,0,1,1,14,2.335,0.202,5,0.0,0.0,0.0,15,9.53,357.015,0,1,0,0,0,Web Enumeration
5,0,1,1,3,1.816,0.133,0,0.0,0.0,0.0,3,61.65,35.586,0,0,0,0,1,Exploit Attempt
23,23,1,18,0,10.416,0.311,0,1.806,1.661,0.099,0,0.0,0.0,0,0,1,0,0,Brute Force
45,44,23,35,0,9.366,0.137,2,3.582,4.188,0.045,0,0.0,0.0,0,1,0,0,0,Credential Stuffing
2,1,0,1,1,0.089,0.684,1,0.0,0.0,0.0,1,36.28,70.977,0,0,1,0,0,Malware Download
24,22,1,21,0,10.17,0.451,1,1.599,1.753,0.298,0,0.0,0.0,0,0,1,0,0,Brute Force
5,1,2,0,5,2.539,1.624,1,2.248,2.992,0.056,3,5.5,25.117,0,1,0,0,0,Unknown Behaviour
10,0,3,1,0,2.617,1.946,1,1.795,2.36,0.56,0,46.62,108.756,0,0,0,1,0,Unknown Behaviour
12,0,0,0,8,1.345,0.168,6,0.0,0.0,0.0,6,8.87,225.409,0,0,1,0,0,Recon Scan
12,0,1,1,4,1.103,1.434,2,2.829,0.713,0.0,0,26.49,113.956,0,0,0,0,1,Unknown Behaviour
22,21,9,12,0,1.236,0.231,2,3.785,3.912,0.146,0,0.0,0.0,0,0,1,0,0,Credential Stuffing
45,44,25,36,0,9.169,0.357,2,3.798,3.492,0.02,0,0.0,0.0,0,1,0,0,0,Credential Stuffing
18,1,0,0,18,3.682,0.067,3,0.0,0.0,0.0,16,6.85,385.598,0,1,0,0,0,Web Enumeration
33,1,1,0,33,5.387,0.131,3,0.0,0.0,0.0,31,13.76,250.453,0,1,0,0,0,Web Enumeration
26,26,2,24,0,7.685,0.241,0,2.118,1.832,0.221,0,0.0,0.0,0,0,1,0,0,Brute Force
31,0,0,1,31,0.958,0.168,1,0.0,0.0,0.0,31,7.58,286.914,0,1,0,0,0,Web Enumeration
2,1,0,0,0,0.209,1.211,2,2.637,0.149,0.244,2,16.64,53.906,0,0,0,1,0,Unknown Behaviour
8,2,0,1,6,4.221,0.67,1,0.0,0.0,0.0,3,65.13,53.959,0,0,0,0,1,Exploit Attempt
9,1,0,1,0,1.322,0.178,1,1.902,2.239,0.062,1,7.55,10.512,1,0,0,0,0,Unknown Behaviour
3,1,0,0,0,0.586,1.233,0,0.961,0.182,0.21,1,27.02,113.219,0,0,1,0,0,Unknown Behaviour
49,47,1,42,0,13.208,0.227,4,1.698,2.11,0.053,0,0.0,0.0,0,0,1,0,0,Brute Force
33,33,17,25,0,10.563,0.225,3,3.562,3.682,0.054,0,0.0,0.0,1,0,0,0,0,Credential Stuffing
10,0,0,0,6,2.37,0.159,6,0.0,0.0,0.0,5,0.78,113.982,0,1,0,0,0,Recon Scan
14,14,11,11,0,7.905,0.161,2,4.249,3.658,0.047,0,0.0,0.0,0,1,0,0,0,Credential Stuffing
26,26,20,24,0,3.084,0.186,2,3.248,4.307,0.059,0,0.0,0.0,0,1,0,0,0,Credential Stuffing
8,1,2,1,5,4.635,1.465,1,3.426,4.165,0.238,2,6.71,16.771,0,0,0,0,1,Unknown Behaviour
9,0,0,0,6,0.001,0.049,2,0.0,0.0,0.0,8,7.08,258.413,0,0,0,0,1,Recon Scan
11,0,0,0,7,0.585,0.119,3,0.0,0.0,0.0,3,11.52,306.1,0,1,0,0,0,Recon Scan
19,18,1,19,0,0.996,0.506,1,1.335,1.099,0.058,0,0.0,0.0,0,0,0,1,0,Brute Force
3,0,1,0,1,1.171,0.292,1,0.0,0.0,0.0,1,22.34,88.459,0,1,0,0,0,Malware Download
28,1,0,0,27,2.508,0.137,5,0.0,0.0,0.0,26,11.63,207.937,0,1,0,0,0,Web Enumeration
6,1,0,2,5,1.309,0.597,0,1.178,1.657,0.197,0,29.28,14.943,0,1,0,0,0,Unknown Behaviour
7,1,1,1,0,1.573,2.457,1,2.405,1.924,0.361,2,1.84,24.041,0,0,0,0,1,Unknown Behaviour
18,1,0,1,17,3.975,0.201,3,0.0,0.0,0.0,14,14.93,283.548,0,1,0,0,0,Web Enumeration
3,1,0,0,2,0.499,0.239,0,0.0,0.0,0.0,2,35.56,112.097,0,1,0,0,0,Malware Download
9,0,0,0,5,0.29,0.149,4,0.0,0.0,0.0,4,11.43,186.373,0,1,0,0,0,Recon Scan
25,0,0,0,25,1.201,0.166,1,0.0,0.0,0.0,21,13.04,228.89,0,1,0,0,0,Web Enumeration
31,31,1,26,0,9.658,0.729,2,2.382,2.782,0.209,0,0.0,0.0,0,0,1,0,0,Brute Force
3,0,0,0,1,1.887,0.399,1,0.0,0.0,0.0,1,21.94,67.733,0,0,1,0,0,Malware Download
6,1,1,1,5,2.804,0.666,0,0.0,0.0,0.0,4,91.54,39.019,0,1,0,0,0,Exploit Attempt
10,0,0,0,5,0.09,0.091,2,0.0,0.0,0.0,7,10.36,239.251,0,1,0,0,0,Recon Scan
18,16,4,11,0,2.835,0.225,2,3.299,3.611,0.006,0,0.0,0.0,0,0,1,0,0,Credential Stuffing
7,2,1,2,5,2.587,0.648,1,0.168,1.621,0.362,7,16.95,83.929,0,0,1,0,0,Unknown Behaviour
29,1,1,1,28,4.614,0.081,4,0.0,0.0,0.0,20,13.73,203.292,0,1,0,0,0,Web Enumeration
5,1,1,0,5,2.691,0.059,1,0.0,0.0,0.0,5,5.72,253.683,0,1,0,0,0,Web Enumeration
8,0,0,0,7,1.613,0.037,3,0.0,0.0,0.0,8,14.03,263.041,0,0,1,0,0,Recon Scan
28,0,0,0,27,2.844,0.099,4,0.0,0.0,0.0,24,14.57,285.081,0,1,0,0,0,Web Enumeration
14,0,0,0,14,1.993,0.098,0,0.0,0.0,0.0,5,9.39,198.516,0,0,0,0,1,Recon Scan
40,39,1,35,0,15.262,0.226,1,2.365,2.15,0.238,0,0.0,0.0,1,0,0,0,0,Brute Force
26,1,1,1,25,2.14,0.166,3,0.0,0.0,0.0,21,13.51,334.559,0,1,0,0,0,Web Enumeration
40,38,18,33,0,6.455,0.082,1,3.82,3.654,0.11,0,0.0,0.0,0,1,0,0,0,Credential Stuffing
26,25,2,23,0,8.788,0.408,0,1.611,1.866,0.073,0,0.0,0.0,0,0,1,0,0,Brute Force
30,28,10,21,0,10.35,0.02,0,3.465,4.131,0.058,0,0.0,0.0,0,1,0,0,0,Credential Stuffing
19,1,1,0,19,2.836,0.298,0,0.0,0.0,0.0,16,13.78,280.141,0,1,0,0,0,Web Enumeration
5,2,0,1,4,0.072,0.796,0,0.0,0.0,0.0,4,91.75,71.751,0,0,1,0,0,Exploit Attempt
20,20,2,17,0,5.031,0.484,4,2.277,1.959,0.14,0,0.0,0.0,0,0,0,1,0,Brute Force
9,0,0,0,2,1.337,0.047,2,0.0,0.0,0.0,4,8.72,114.536,0,0,1,0,0,Recon Scan
28,26,13,21,0,3.883,0.272,0,3.667,3.612,0.041,0,0.0,0.0,1,0,0,0,0,Credential Stuffing
2,0,0,0,2,4.034,3.766,1,0.508,1.753,0.884,3,29.19,33.743,0,1,0,0,0,Unknown Behaviour
6,0,1,0,4,0.198,1.024,0,0.0,0.0,0.0,3,52.16,35.199,0,1,0,0,0,Exploit Attempt
25,24,19,23,0,4.493,0.043,2,3.841,3.97,0.069,0,0.0,0.0,0,1,0,0,0,Credential Stuffing
6,2,1,0,4,2.467,0.982,0,0.0,0.0,0.0,3,78.54,69.224,0,1,0,0,0,Exploit Attempt
4,0,0,1,2,0.572,0.257,2,0.0,0.0,0.0,2,23.75,118.677,0,1,0,0,0,Malware Download
2,2,2,0,1,4.557,4.36,0,1.752,4.498,0.301,2,3.56,108.367,0,0,0,1,0,Unknown Behaviour
23,21,11,10,0,4.229,0.122,0,3.921,3.439,0.0,0,0.0,0.0,0,0,1,0,0,Credential Stuffing
3,0,0,0,1,0.857,0.282,0,0.0,0.0,0.0,1,37.72,88.369,0,0,1,0,0,Malware Download
10,0,0,0,7,1.723,0.131,2,0.0,0.0,0.0,4,12.31,195.26,0,1,0,0,0,Recon Scan
7,6,0,0,4,5.143,2.607,0,0.162,0.222,0.386,1,35.9,16.775,0,0,0,1,0,Unknown Behaviour
2,0,0,0,1,1.278,0.404,2,0.0,0.0,0.0,1,36.18,143.078,0,0,1,0,0,Malware Download
9,9,8,12,0,0.436,0.328,3,3.343,3.522,0.057,0,0.0,0.0,0,1,0,0,0,Credential Stuffing
30,29,15,27,0,5.394,0.05,0,2.882,3.785,0.004,0,0.0,0.0,1,0,0,0,0,Credential Stuffing
12,0,0,0,8,2.606,0.084,3,0.0,0.0,0.0,10,7.39,217.735,0,1,0,0,0,Recon Scan
11,0,0,0,11,1.995,0.149,6,0.0,0.0,0.0,9,10.84,255.901,0,0,0,1,0,Recon Scan
19,0,0,0,14,1.136,0.043,0,0.0,0.0,0.0,13,6.01,214.909,0,0,1,0,0,Recon Scan
4,0,0,0,3,1.777,0.206,0,0.0,0.0,0.0,2,79.8,22.387,0,1,0,0,0,Exploit Attempt
7,0,0,1,0,2.574,1.184,0,0.239,1.286,0.53,2,0.99,49.272,1,0,0,0,0,Unknown Behaviour
10,0,0,0,6,2.663,0.085,6,0.0,0.0,0.0,7,7.97,248.781,1,0,0,0,0,Recon Scan
4,1,1,1,2,1.917,0.586,0,0.0,0.0,0.0,2,19.63,72.466,0,0,1,0,0,Malware Download
5,1,1,0,4,1.812,1.393,2,1.946,1.489,0.262,0,34.29,14.373,1,0,0,0,0,Unknown Behaviour
25,23,1,17,0,8.578,0.293,1,1.675,2.212,0.204,0,0.0,0.0,1,0,0,0,0,Brute Force
36,34,1,29,0,8.339,0.26,4,1.473,1.652,0.114,0,0.0,0.0,1,0,0,0,0,Brute Force
34,33,21,21,0,6.459,0.083,0,3.894,3.618,0.058,0,0.0,0.0,0,1,0,0,0,Credential Stuffing
45,45,24,30,0,9.5,0.308,2,3.371,3.165,0.048,0,0.0,0.0,0,0,1,0,0,Credential Stuffing
36,34,17,22,0,9.207,0.156,1,3.385,3.421,0.034,0,0.0,0.0,0,0,1,0,0,Credential Stuffing
8,0,0,0,7,2.863,0.006,3,0.0,0.0,0.0,3,9.36,185.713,0,0,1,0,0,Recon Scan
27,25,3,22,0,8.269,0.36,1,1.682,3.149,0.26,0,0.0,0.0,0,0,1,0,0,Brute Force
11,0,0,0,6,1.033,2.632,0,0.292,2.794,0.112,1,0.6,64.268,1,0,0,0,0,Unknown Behaviour
